job_index,block_id,route,family,split,evaluation_seed,traffic_manager_seed,arm,order_position,job_id,collision,collision_pedestrian,collision_vehicle,collision_layout,route_completion,driving_score,success,timeout,route_timeout,scenario_timeout,blocked,route_deviation,frame_count,switch_rate,original_flagged_rate,all_unsafe_rate,mechanism_available
0,block-0000,Base_BadParking_0009,BadParking_009,Base,3,30009,temporal,1,Base_BadParking_0009__s3__temporal,0.0,0.0,0.0,0.0,100.0,89.731289,1.0,0.0,0.0,0.0,0.0,0.0,1304,0.14800613496932516,0.2116564417177914,0.06134969325153374,1
1,block-0000,Base_BadParking_0009,BadParking_009,Base,3,30009,baseline,2,Base_BadParking_0009__s3__baseline,1.0,0.0,1.0,0.0,100.0,55.250424,0.0,0.0,0.0,0.0,0.0,0.0,1187,0.0,0.0,0.0,1
2,block-0000,Base_BadParking_0009,BadParking_009,Base,3,30009,current_frame,3,Base_BadParking_0009__s3__current_frame,0.0,0.0,0.0,0.0,100.0,89.573843,1.0,0.0,0.0,0.0,0.0,0.0,1300,0.1646153846153846,0.24461538461538462,0.08,1
3,block-0001,Base_Animals_0077,Animals_077,Base,2,20077,current_frame,1,Base_Animals_0077__s2__current_frame,0.0,0.0,0.0,0.0,100.0,72.499492,1.0,0.0,0.0,0.0,0.0,0.0,676,0.22928994082840237,0.34023668639053256,0.11094674556213018,1
4,block-0001,Base_Animals_0077,Animals_077,Base,2,20077,baseline,2,Base_Animals_0077__s2__baseline,1.0,1.0,0.0,0.0,100.0,34.132119,0.0,0.0,0.0,0.0,0.0,0.0,1016,0.0,0.0,0.0,1
5,block-0001,Base_Animals_0077,Animals_077,Base,2,20077,temporal,3,Base_Animals_0077__s2__temporal,1.0,1.0,0.0,0.0,100.0,34.173307,0.0,0.0,0.0,0.0,0.0,0.0,776,0.08891752577319588,0.14561855670103094,0.05670103092783505,1
6,block-0002,Base_Animals_0079,Animals_079,Base,2,20079,current_frame,1,Base_Animals_0079__s2__current_frame,1.0,0.0,0.0,1.0,65.73,26.36044,0.0,0.0,0.0,0.0,1.0,0.0,4243,0.39641762903605937,0.451567287296724,0.055149658260664626,1
7,block-0002,Base_Animals_0079,Animals_079,Base,2,20079,baseline,2,Base_Animals_0079__s2__baseline,1.0,0.0,0.0,1.0,65.1,26.244757,0.0,0.0,0.0,0.0,1.0,0.0,4239,0.0,0.0,0.0,1
8,block-0002,Base_Animals_0079,Animals_079,Base,2,20079,temporal,3,Base_Animals_0079__s2__temporal,1.0,0.0,0.0,1.0,100.0,39.288743,0.0,0.0,0.0,0.0,0.0,0.0,1200,0.22666666666666666,0.25833333333333336,0.03166666666666667,1
9,block-0003,Generalization_BadParking_1009,BadParking_009,Generalization,3,30009,temporal,1,Generalization_BadParking_1009__s3__temporal,1.0,0.0,1.0,0.0,100.0,55.72424,0.0,0.0,0.0,0.0,0.0,0.0,1171,0.13151152860802734,0.25448334756618274,0.10333048676345004,1
10,block-0003,Generalization_BadParking_1009,BadParking_009,Generalization,3,30009,current_frame,2,Generalization_BadParking_1009__s3__current_frame,1.0,0.0,1.0,0.0,100.0,54.765714,0.0,0.0,0.0,0.0,0.0,0.0,1216,0.19161184210526316,0.42023026315789475,0.171875,1
11,block-0003,Generalization_BadParking_1009,BadParking_009,Generalization,3,30009,baseline,3,Generalization_BadParking_1009__s3__baseline,1.0,0.0,1.0,0.0,100.0,33.311828,0.0,0.0,0.0,0.0,0.0,0.0,1144,0.0,0.0,0.0,1
12,block-0004,Generalization_BadParking_1006,BadParking_006,Generalization,1,10006,baseline,1,Generalization_BadParking_1006__s1__baseline,1.0,0.0,1.0,0.0,100.0,27.782054,0.0,1.0,0.0,1.0,0.0,0.0,5962,0.0,0.0,0.0,1
13,block-0004,Generalization_BadParking_1006,BadParking_006,Generalization,1,10006,current_frame,2,Generalization_BadParking_1006__s1__current_frame,1.0,0.0,1.0,0.0,100.0,48.657524,0.0,0.0,0.0,0.0,0.0,0.0,1731,0.2628538417099942,0.3073367995378394,0.043327556325823226,1
14,block-0004,Generalization_BadParking_1006,BadParking_006,Generalization,1,10006,temporal,3,Generalization_BadParking_1006__s1__temporal,0.0,0.0,0.0,0.0,100.0,80.706953,1.0,0.0,0.0,0.0,0.0,0.0,1720,0.2377906976744186,0.26046511627906976,0.022674418604651164,1
15,block-0005,Base_Wall_0097,Wall_097,Base,3,30097,current_frame,1,Base_Wall_0097__s3__current_frame,0.0,0.0,0.0,0.0,100.0,79.100509,1.0,0.0,0.0,0.0,0.0,0.0,1003,0.09970089730807577,0.17547357926221335,0.07577268195413758,1
16,block-0005,Base_Wall_0097,Wall_097,Base,3,30097,temporal,2,Base_Wall_0097__s3__temporal,0.0,0.0,0.0,0.0,100.0,80.050912,1.0,0.0,0.0,0.0,0.0,0.0,1004,0.10258964143426295,0.12151394422310757,0.018924302788844622,1
17,block-0005,Base_Wall_0097,Wall_097,Base,3,30097,baseline,3,Base_Wall_0097__s3__baseline,0.0,0.0,0.0,0.0,100.0,76.043836,1.0,0.0,0.0,0.0,0.0,0.0,1064,0.0,0.0,0.0,1
18,block-0006,Base_BadParking_0004,BadParking_004,Base,2,20004,temporal,1,Base_BadParking_0004__s2__temporal,1.0,0.0,1.0,0.0,100.0,15.637015,0.0,0.0,0.0,0.0,0.0,0.0,4495,0.06651835372636263,0.5490545050055617,0.3074527252502781,1
19,block-0006,Base_BadParking_0004,BadParking_004,Base,2,20004,current_frame,2,Base_BadParking_0004__s2__current_frame,1.0,0.0,1.0,0.0,100.0,23.746009,0.0,0.0,0.0,0.0,0.0,0.0,3283,0.1114833993298812,0.4575083764849223,0.2838866890039598,1
20,block-0006,Base_BadParking_0004,BadParking_004,Base,2,20004,baseline,3,Base_BadParking_0004__s2__baseline,1.0,0.0,1.0,1.0,74.69,14.507199,0.0,1.0,1.0,1.0,0.0,0.0,7759,0.0,0.0,0.0,1
21,block-0007,Generalization_ConstructionPedestrian_1014,ConstructionPedestrian_014,Generalization,3,30014,current_frame,1,Generalization_ConstructionPedestrian_1014__s3__current_frame,1.0,1.0,0.0,0.0,100.0,31.195561,0.0,0.0,0.0,0.0,0.0,0.0,1347,0.12249443207126949,0.14253897550111358,0.0200445434298441,1
22,block-0007,Generalization_ConstructionPedestrian_1014,ConstructionPedestrian_014,Generalization,3,30014,baseline,2,Generalization_ConstructionPedestrian_1014__s3__baseline,1.0,1.0,0.0,0.0,100.0,31.32853,0.0,0.0,0.0,0.0,0.0,0.0,1314,0.0,0.0,0.0,1
23,block-0007,Generalization_ConstructionPedestrian_1014,ConstructionPedestrian_014,Generalization,3,30014,temporal,3,Generalization_ConstructionPedestrian_1014__s3__temporal,0.0,0.0,0.0,0.0,100.0,62.771931,1.0,0.0,0.0,0.0,0.0,0.0,1366,0.10688140556368961,0.11200585651537336,0.005124450951683748,1
24,block-0008,Base_RightConstruction_0091,RightConstruction_091,Base,2,20091,baseline,1,Base_RightConstruction_0091__s2__baseline,0.0,0.0,0.0,0.0,100.0,91.608863,1.0,0.0,0.0,0.0,0.0,0.0,695,0.0,0.0,0.0,1
25,block-0008,Base_RightConstruction_0091,RightConstruction_091,Base,2,20091,temporal,2,Base_RightConstruction_0091__s2__temporal,0.0,0.0,0.0,0.0,100.0,91.039843,1.0,0.0,0.0,0.0,0.0,0.0,673,0.0638930163447251,0.06686478454680535,0.0029717682020802376,1
26,block-0008,Base_RightConstruction_0091,RightConstruction_091,Base,2,20091,current_frame,3,Base_RightConstruction_0091__s2__current_frame,0.0,0.0,0.0,0.0,100.0,91.648,1.0,0.0,0.0,0.0,0.0,0.0,804,0.12064676616915423,0.17412935323383086,0.053482587064676616,1
27,block-0009,Generalization_PedestrianOtherBlocker_1070,PedestrianOtherBlocker_070,Generalization,3,30070,temporal,1,Generalization_PedestrianOtherBlocker_1070__s3__temporal,1.0,0.0,0.0,1.0,18.55,1.150436,0.0,0.0,0.0,0.0,1.0,0.0,3920,0.1951530612244898,0.22346938775510203,0.024744897959183672,1
28,block-0009,Generalization_PedestrianOtherBlocker_1070,PedestrianOtherBlocker_070,Generalization,3,30070,current_frame,2,Generalization_PedestrianOtherBlocker_1070__s3__current_frame,1.0,0.0,0.0,1.0,27.58,1.1849,0.0,0.0,0.0,0.0,1.0,0.0,4106,0.02143205065757428,0.9335119337554798,0.9059912323429128,1
29,block-0009,Generalization_PedestrianOtherBlocker_1070,PedestrianOtherBlocker_070,Generalization,3,30070,baseline,3,Generalization_PedestrianOtherBlocker_1070__s3__baseline,1.0,0.0,0.0,1.0,45.95,2.340799,0.0,0.0,0.0,0.0,1.0,0.0,4286,0.0,0.0,0.0,1
30,block-0010,Generalization_PassableObstacles_1062,PassableObstacles_062,Generalization,2,20062,baseline,1,Generalization_PassableObstacles_1062__s2__baseline,0.0,0.0,0.0,0.0,100.0,59.410716,1.0,0.0,0.0,0.0,0.0,0.0,1891,0.0,0.0,0.0,1
31,block-0010,Generalization_PassableObstacles_1062,PassableObstacles_062,Generalization,2,20062,current_frame,2,Generalization_PassableObstacles_1062__s2__current_frame,0.0,0.0,0.0,0.0,100.0,58.832296,1.0,0.0,0.0,0.0,0.0,0.0,1896,0.14873417721518986,0.22679324894514769,0.07805907172995781,1
32,block-0010,Generalization_PassableObstacles_1062,PassableObstacles_062,Generalization,2,20062,temporal,3,Generalization_PassableObstacles_1062__s2__temporal,0.0,0.0,0.0,0.0,100.0,59.608259,1.0,0.0,0.0,0.0,0.0,0.0,1892,0.06289640591966174,0.08509513742071882,0.022198731501057084,1
33,block-0011,Base_BadParking_0002,BadParking_002,Base,3,30002,temporal,1,Base_BadParking_0002__s3__temporal,0.0,0.0,0.0,0.0,100.0,48.207039,1.0,0.0,0.0,0.0,0.0,0.0,1264,0.20015822784810128,0.2310126582278481,0.030063291139240507,1
34,block-0011,Base_BadParking_0002,BadParking_002,Base,3,30002,baseline,2,Base_BadParking_0002__s3__baseline,0.0,0.0,0.0,0.0,100.0,49.736376,1.0,0.0,0.0,0.0,0.0,0.0,1182,0.0,0.0,0.0,1
35,block-0011,Base_BadParking_0002,BadParking_002,Base,3,30002,current_frame,3,Base_BadParking_0002__s3__current_frame,0.0,0.0,0.0,0.0,100.0,49.47823,1.0,0.0,0.0,0.0,0.0,0.0,1223,0.1463614063777596,0.1553556827473426,0.008994276369582993,1
36,block-0012,Generalization_HardBrake_1038,HardBrake_038,Generalization,2,20038,current_frame,1,Generalization_HardBrake_1038__s2__current_frame,0.0,0.0,0.0,0.0,100.0,67.059036,1.0,0.0,0.0,0.0,0.0,0.0,1690,0.22189349112426035,0.3727810650887574,0.15088757396449703,1
37,block-0012,Generalization_HardBrake_1038,HardBrake_038,Generalization,2,20038,temporal,2,Generalization_HardBrake_1038__s2__temporal,0.0,0.0,0.0,0.0,100.0,66.980458,1.0,0.0,0.0,0.0,0.0,0.0,1709,0.17554125219426564,0.23698069046225864,0.06143943826799298,1
38,block-0012,Generalization_HardBrake_1038,HardBrake_038,Generalization,2,20038,baseline,3,Generalization_HardBrake_1038__s2__baseline,0.0,0.0,0.0,0.0,100.0,65.650087,1.0,0.0,0.0,0.0,0.0,0.0,1728,0.0,0.0,0.0,1
39,block-0013,Generalization_HardBrake_1039,HardBrake_039,Generalization,3,30039,baseline,1,Generalization_HardBrake_1039__s3__baseline,0.0,0.0,0.0,0.0,100.0,71.594874,1.0,0.0,0.0,0.0,0.0,0.0,1001,0.0,0.0,0.0,1
40,block-0013,Generalization_HardBrake_1039,HardBrake_039,Generalization,3,30039,current_frame,2,Generalization_HardBrake_1039__s3__current_frame,0.0,0.0,0.0,0.0,100.0,70.999878,1.0,0.0,0.0,0.0,0.0,0.0,1020,0.1323529411764706,0.3235294117647059,0.19117647058823528,1
41,block-0013,Generalization_HardBrake_1039,HardBrake_039,Generalization,3,30039,temporal,3,Generalization_HardBrake_1039__s3__temporal,0.0,0.0,0.0,0.0,100.0,71.681249,1.0,0.0,0.0,0.0,0.0,0.0,993,0.1339375629405841,0.2255790533736153,0.09164149043303121,1
42,block-0014,Base_ConstructionPedestrian_0011,ConstructionPedestrian_011,Base,2,20011,current_frame,1,Base_ConstructionPedestrian_0011__s2__current_frame,1.0,0.0,0.0,1.0,55.68,18.388321,0.0,1.0,1.0,1.0,0.0,0.0,7467,0.025043524842640955,0.8668809428150529,0.841837417972412,1
43,block-0014,Base_ConstructionPedestrian_0011,ConstructionPedestrian_011,Base,2,20011,temporal,2,Base_ConstructionPedestrian_0011__s2__temporal,1.0,0.0,1.0,1.0,100.0,13.85126,0.0,0.0,0.0,0.0,0.0,0.0,3712,0.1462823275862069,0.7308728448275862,0.546875,1
44,block-0014,Base_ConstructionPedestrian_0011,ConstructionPedestrian_011,Base,2,20011,baseline,3,Base_ConstructionPedestrian_0011__s2__baseline,1.0,0.0,0.0,1.0,56.36,18.506568,0.0,1.0,1.0,1.0,0.0,0.0,7485,0.0,0.0,0.0,1
45,block-0015,Generalization_PedestrianCrowd_1069,PedestrianCrowd_069,Generalization,3,30069,current_frame,1,Generalization_PedestrianCrowd_1069__s3__current_frame,1.0,0.0,1.0,0.0,67.2,3.737252,0.0,1.0,1.0,1.0,0.0,0.0,7890,0.11128010139416984,0.9092522179974651,0.7809885931558935,1
46,block-0015,Generalization_PedestrianCrowd_1069,PedestrianCrowd_069,Generalization,3,30069,baseline,2,Generalization_PedestrianCrowd_1069__s3__baseline,1.0,0.0,1.0,0.0,56.95,4.865716,0.0,1.0,1.0,1.0,0.0,0.0,7602,0.0,0.0,0.0,1
47,block-0015,Generalization_PedestrianCrowd_1069,PedestrianCrowd_069,Generalization,3,30069,temporal,3,Generalization_PedestrianCrowd_1069__s3__temporal,1.0,0.0,1.0,0.0,100.0,9.068656,0.0,1.0,0.0,1.0,0.0,0.0,5500,0.048363636363636366,0.8590909090909091,0.8016363636363636,1
48,block-0016,Base_OppositeConstruction_0054,OppositeConstruction_054,Base,3,30054,baseline,1,Base_OppositeConstruction_0054__s3__baseline,0.0,0.0,0.0,0.0,100.0,75.367182,1.0,0.0,0.0,0.0,0.0,0.0,857,0.0,0.0,0.0,1
49,block-0016,Base_OppositeConstruction_0054,OppositeConstruction_054,Base,3,30054,current_frame,2,Base_OppositeConstruction_0054__s3__current_frame,0.0,0.0,0.0,0.0,100.0,72.842233,1.0,0.0,0.0,0.0,0.0,0.0,904,0.07079646017699115,0.17256637168141592,0.10176991150442478,1
50,block-0016,Base_OppositeConstruction_0054,OppositeConstruction_054,Base,3,30054,temporal,3,Base_OppositeConstruction_0054__s3__temporal,0.0,0.0,0.0,0.0,100.0,74.106403,1.0,0.0,0.0,0.0,0.0,0.0,880,0.03409090909090909,0.05,0.015909090909090907,1
51,block-0017,Base_PedestriansOnRoad_0088,PedestriansOnRoad_088,Base,3,30088,temporal,1,Base_PedestriansOnRoad_0088__s3__temporal,0.0,0.0,0.0,0.0,100.0,78.864774,1.0,0.0,0.0,0.0,0.0,0.0,855,0.07017543859649122,0.08888888888888889,0.01871345029239766,1
52,block-0017,Base_PedestriansOnRoad_0088,PedestriansOnRoad_088,Base,3,30088,baseline,2,Base_PedestriansOnRoad_0088__s3__baseline,0.0,0.0,0.0,0.0,100.0,76.935779,1.0,0.0,0.0,0.0,0.0,0.0,850,0.0,0.0,0.0,1
53,block-0017,Base_PedestriansOnRoad_0088,PedestriansOnRoad_088,Base,3,30088,current_frame,3,Base_PedestriansOnRoad_0088__s3__current_frame,0.0,0.0,0.0,0.0,100.0,77.045437,1.0,0.0,0.0,0.0,0.0,0.0,888,0.10923423423423423,0.2376126126126126,0.12837837837837837,1
54,block-0018,Base_RightOfWay_0058,RightOfWay_058,Base,1,10058,current_frame,1,Base_RightOfWay_0058__s1__current_frame,0.0,0.0,0.0,0.0,100.0,53.463107,1.0,0.0,0.0,0.0,0.0,0.0,1722,0.023809523809523808,0.09814169570267131,0.0743321718931475,1
55,block-0018,Base_RightOfWay_0058,RightOfWay_058,Base,1,10058,temporal,2,Base_RightOfWay_0058__s1__temporal,0.0,0.0,0.0,0.0,100.0,55.339147,1.0,0.0,0.0,0.0,0.0,0.0,1703,0.029359953024075163,0.05695830886670581,0.02759835584263065,1
56,block-0018,Base_RightOfWay_0058,RightOfWay_058,Base,1,10058,baseline,3,Base_RightOfWay_0058__s1__baseline,0.0,0.0,0.0,0.0,100.0,52.955093,1.0,0.0,0.0,0.0,0.0,0.0,1716,0.0,0.0,0.0,1
57,block-0019,Generalization_CustomObstacles_1022,CustomObstacles_022,Generalization,1,10022,baseline,1,Generalization_CustomObstacles_1022__s1__baseline,1.0,0.0,0.0,1.0,100.0,24.916092,0.0,0.0,0.0,0.0,0.0,0.0,1905,0.0,0.0,0.0,1
58,block-0019,Generalization_CustomObstacles_1022,CustomObstacles_022,Generalization,1,10022,current_frame,2,Generalization_CustomObstacles_1022__s1__current_frame,1.0,0.0,0.0,1.0,33.89,9.177129,0.0,1.0,1.0,1.0,0.0,0.0,7242,0.01284175642087821,0.9694835680751174,0.9565037282518641,1
59,block-0019,Generalization_CustomObstacles_1022,CustomObstacles_022,Generalization,1,10022,temporal,3,Generalization_CustomObstacles_1022__s1__temporal,1.0,0.0,0.0,1.0,100.0,24.564763,0.0,0.0,0.0,0.0,0.0,0.0,1899,0.1111111111111111,0.1769352290679305,0.06582411795681938,1
60,block-0020,Generalization_PedestrianCrowd_1068,PedestrianCrowd_068,Generalization,1,10068,baseline,1,Generalization_PedestrianCrowd_1068__s1__baseline,0.0,0.0,0.0,0.0,100.0,87.289928,1.0,0.0,0.0,0.0,0.0,0.0,554,0.0,0.0,0.0,1
61,block-0020,Generalization_PedestrianCrowd_1068,PedestrianCrowd_068,Generalization,1,10068,temporal,2,Generalization_PedestrianCrowd_1068__s1__temporal,0.0,0.0,0.0,0.0,100.0,87.407118,1.0,0.0,0.0,0.0,0.0,0.0,557,0.10951526032315978,0.14183123877917414,0.03231597845601436,1
62,block-0020,Generalization_PedestrianCrowd_1068,PedestrianCrowd_068,Generalization,1,10068,current_frame,3,Generalization_PedestrianCrowd_1068__s1__current_frame,0.0,0.0,0.0,0.0,100.0,87.004263,1.0,0.0,0.0,0.0,0.0,0.0,563,0.1438721136767318,0.2433392539964476,0.0994671403197158,1
63,block-0021,Generalization_PedestrianOtherBlocker_1073,PedestrianOtherBlocker_073,Generalization,2,20073,baseline,1,Generalization_PedestrianOtherBlocker_1073__s2__baseline,0.0,0.0,0.0,0.0,100.0,62.24909,1.0,0.0,0.0,0.0,0.0,0.0,1272,0.0,0.0,0.0,1
64,block-0021,Generalization_PedestrianOtherBlocker_1073,PedestrianOtherBlocker_073,Generalization,2,20073,current_frame,2,Generalization_PedestrianOtherBlocker_1073__s2__current_frame,0.0,0.0,0.0,0.0,62.03,37.001273,0.0,1.0,1.0,0.0,0.0,0.0,7872,0.36598069105691056,0.6169969512195121,0.23615345528455284,1
65,block-0021,Generalization_PedestrianOtherBlocker_1073,PedestrianOtherBlocker_073,Generalization,2,20073,temporal,3,Generalization_PedestrianOtherBlocker_1073__s2__temporal,1.0,1.0,0.0,0.0,100.0,31.548378,0.0,0.0,0.0,0.0,0.0,0.0,1223,0.339329517579722,0.4219133278822568,0.07604251839738348,1
66,block-0022,Generalization_Wall_1095,Wall_095,Generalization,3,30095,baseline,1,Generalization_Wall_1095__s3__baseline,1.0,0.0,0.0,1.0,100.0,53.355746,0.0,0.0,0.0,0.0,0.0,0.0,1741,0.0,0.0,0.0,1
67,block-0022,Generalization_Wall_1095,Wall_095,Generalization,3,30095,temporal,2,Generalization_Wall_1095__s3__temporal,1.0,0.0,0.0,1.0,100.0,54.4327,0.0,0.0,0.0,0.0,0.0,0.0,1748,0.02631578947368421,0.6493135011441648,0.6229977116704806,1
68,block-0022,Generalization_Wall_1095,Wall_095,Generalization,3,30095,current_frame,3,Generalization_Wall_1095__s3__current_frame,1.0,0.0,0.0,1.0,100.0,54.276028,0.0,0.0,0.0,0.0,0.0,0.0,1793,0.031232571109871723,0.6887897378694925,0.6575571667596207,1
69,block-0023,Generalization_Animals_1079,Animals_079,Generalization,1,10079,baseline,1,Generalization_Animals_1079__s1__baseline,1.0,0.0,0.0,1.0,63.88,25.894614,0.0,0.0,0.0,0.0,1.0,0.0,4168,0.0,0.0,0.0,1
70,block-0023,Generalization_Animals_1079,Animals_079,Generalization,1,10079,temporal,2,Generalization_Animals_1079__s1__temporal,0.0,0.0,0.0,0.0,100.0,95.974,1.0,0.0,0.0,0.0,0.0,0.0,847,0.23140495867768596,0.3400236127508855,0.10861865407319952,1
71,block-0023,Generalization_Animals_1079,Animals_079,Generalization,1,10079,current_frame,3,Generalization_Animals_1079__s1__current_frame,1.0,0.0,0.0,1.0,63.88,25.744014,0.0,0.0,0.0,0.0,1.0,0.0,4154,0.6456427539720752,0.7123254694270582,0.06668271545498315,1
72,block-0024,Base_ObscuredStop_0046,ObscuredStop_046,Base,3,30046,current_frame,1,Base_ObscuredStop_0046__s3__current_frame,1.0,0.0,1.0,0.0,100.0,37.652348,0.0,0.0,0.0,0.0,0.0,0.0,1334,0.17316341829085458,0.6026986506746627,0.31709145427286356,1
73,block-0024,Base_ObscuredStop_0046,ObscuredStop_046,Base,3,30046,temporal,2,Base_ObscuredStop_0046__s3__temporal,0.0,0.0,0.0,0.0,100.0,84.855424,1.0,0.0,0.0,0.0,0.0,0.0,766,0.27676240208877284,0.34595300261096606,0.06919060052219321,1
74,block-0024,Base_ObscuredStop_0046,ObscuredStop_046,Base,3,30046,baseline,3,Base_ObscuredStop_0046__s3__baseline,0.0,0.0,0.0,0.0,100.0,83.202271,1.0,0.0,0.0,0.0,0.0,0.0,738,0.0,0.0,0.0,1
75,block-0025,Generalization_OppositeConstruction_1051,OppositeConstruction_051,Generalization,3,30051,current_frame,1,Generalization_OppositeConstruction_1051__s3__current_frame,0.0,0.0,0.0,0.0,100.0,86.92272,1.0,0.0,0.0,0.0,0.0,0.0,1190,0.010084033613445379,0.06386554621848739,0.05378151260504202,1
76,block-0025,Generalization_OppositeConstruction_1051,OppositeConstruction_051,Generalization,3,30051,baseline,2,Generalization_OppositeConstruction_1051__s3__baseline,0.0,0.0,0.0,0.0,100.0,87.922432,1.0,0.0,0.0,0.0,0.0,0.0,1176,0.0,0.0,0.0,1
77,block-0025,Generalization_OppositeConstruction_1051,OppositeConstruction_051,Generalization,3,30051,temporal,3,Generalization_OppositeConstruction_1051__s3__temporal,0.0,0.0,0.0,0.0,100.0,87.552905,1.0,0.0,0.0,0.0,0.0,0.0,1177,0.010195412064570943,0.02463891248937978,0.014443500424808835,1
78,block-0026,Base_Wall_0096,Wall_096,Base,1,10096,current_frame,1,Base_Wall_0096__s1__current_frame,0.0,0.0,0.0,0.0,100.0,46.550523,1.0,0.0,0.0,0.0,0.0,0.0,1141,0.011393514460999123,0.07975460122699386,0.06836108676599474,1
79,block-0026,Base_Wall_0096,Wall_096,Base,1,10096,baseline,2,Base_Wall_0096__s1__baseline,0.0,0.0,0.0,0.0,100.0,46.220386,1.0,0.0,0.0,0.0,0.0,0.0,1144,0.0,0.0,0.0,1
80,block-0026,Base_Wall_0096,Wall_096,Base,1,10096,temporal,3,Base_Wall_0096__s1__temporal,0.0,0.0,0.0,0.0,100.0,45.572918,1.0,0.0,0.0,0.0,0.0,0.0,1165,0.15536480686695278,0.18369098712446352,0.02832618025751073,1
81,block-0027,Generalization_HardBrake_1035,HardBrake_035,Generalization,3,30035,baseline,1,Generalization_HardBrake_1035__s3__baseline,0.0,0.0,0.0,0.0,100.0,40.081528,1.0,0.0,0.0,0.0,0.0,0.0,2667,0.0,0.0,0.0,1
82,block-0027,Generalization_HardBrake_1035,HardBrake_035,Generalization,3,30035,current_frame,2,Generalization_HardBrake_1035__s3__current_frame,0.0,0.0,0.0,0.0,100.0,38.515915,1.0,0.0,0.0,0.0,0.0,0.0,2791,0.09924758151200287,0.1028305266929416,0.0035829451809387316,1
83,block-0027,Generalization_HardBrake_1035,HardBrake_035,Generalization,3,30035,temporal,3,Generalization_HardBrake_1035__s3__temporal,0.0,0.0,0.0,0.0,100.0,43.727817,1.0,0.0,0.0,0.0,0.0,0.0,2629,0.053632559908710534,0.06846709775580069,0.014834537847090148,1
84,block-0028,Generalization_Wall_1095,Wall_095,Generalization,2,20095,baseline,1,Generalization_Wall_1095__s2__baseline,1.0,0.0,0.0,1.0,100.0,55.598124,0.0,0.0,0.0,0.0,0.0,0.0,1709,0.0,0.0,0.0,1
85,block-0028,Generalization_Wall_1095,Wall_095,Generalization,2,20095,temporal,2,Generalization_Wall_1095__s2__temporal,1.0,0.0,0.0,1.0,100.0,55.475607,0.0,0.0,0.0,0.0,0.0,0.0,1707,0.019332161687170474,0.6467486818980668,0.6274165202108963,1
86,block-0028,Generalization_Wall_1095,Wall_095,Generalization,2,20095,current_frame,3,Generalization_Wall_1095__s2__current_frame,1.0,0.0,0.0,1.0,100.0,56.233028,0.0,0.0,0.0,0.0,0.0,0.0,1712,0.029205607476635514,0.6740654205607477,0.6448598130841121,1
87,block-0029,Generalization_BadParking_1007,BadParking_007,Generalization,3,30007,current_frame,1,Generalization_BadParking_1007__s3__current_frame,1.0,0.0,1.0,0.0,54.65,15.486131,0.0,1.0,1.0,1.0,0.0,0.0,7234,0.10436826098977053,0.7962399778822228,0.5890240530826651,1
88,block-0029,Generalization_BadParking_1007,BadParking_007,Generalization,3,30007,temporal,2,Generalization_BadParking_1007__s3__temporal,1.0,0.0,1.0,0.0,100.0,51.190476,0.0,0.0,0.0,0.0,0.0,0.0,1650,0.06727272727272728,0.09272727272727273,0.025454545454545455,1
89,block-0029,Generalization_BadParking_1007,BadParking_007,Generalization,3,30007,baseline,3,Generalization_BadParking_1007__s3__baseline,1.0,0.0,1.0,0.0,44.43,14.745766,0.0,0.0,0.0,0.0,0.0,1.0,1719,0.0,0.0,0.0,1
90,block-0030,Generalization_CustomObstacles_1026,CustomObstacles_026,Generalization,2,20026,current_frame,1,Generalization_CustomObstacles_1026__s2__current_frame,0.0,0.0,0.0,0.0,100.0,41.386667,1.0,0.0,0.0,0.0,0.0,0.0,1774,0.10259301014656144,0.14430665163472378,0.04171364148816235,1
91,block-0030,Generalization_CustomObstacles_1026,CustomObstacles_026,Generalization,2,20026,temporal,2,Generalization_CustomObstacles_1026__s2__temporal,0.0,0.0,0.0,0.0,100.0,40.558834,1.0,0.0,0.0,0.0,0.0,0.0,1821,0.0642504118616145,0.06699615595826469,0.0027457440966501922,1
92,block-0030,Generalization_CustomObstacles_1026,CustomObstacles_026,Generalization,2,20026,baseline,3,Generalization_CustomObstacles_1026__s2__baseline,0.0,0.0,0.0,0.0,100.0,41.061024,1.0,0.0,0.0,0.0,0.0,0.0,1764,0.0,0.0,0.0,1
93,block-0031,Base_PedestriansOnRoad_0089,PedestriansOnRoad_089,Base,3,30089,current_frame,1,Base_PedestriansOnRoad_0089__s3__current_frame,0.0,0.0,0.0,0.0,100.0,69.959888,1.0,0.0,0.0,0.0,0.0,0.0,1500,0.07733333333333334,0.12733333333333333,0.05,1
94,block-0031,Base_PedestriansOnRoad_0089,PedestriansOnRoad_089,Base,3,30089,baseline,2,Base_PedestriansOnRoad_0089__s3__baseline,0.0,0.0,0.0,0.0,100.0,72.889814,1.0,0.0,0.0,0.0,0.0,0.0,1429,0.0,0.0,0.0,1
95,block-0031,Base_PedestriansOnRoad_0089,PedestriansOnRoad_089,Base,3,30089,temporal,3,Base_PedestriansOnRoad_0089__s3__temporal,0.0,0.0,0.0,0.0,100.0,68.442473,1.0,0.0,0.0,0.0,0.0,0.0,1524,0.13648293963254593,0.15748031496062992,0.02099737532808399,1
96,block-0032,Base_BadParking_0003,BadParking_003,Base,3,30003,temporal,1,Base_BadParking_0003__s3__temporal,0.0,0.0,0.0,0.0,100.0,54.02676,1.0,0.0,0.0,0.0,0.0,0.0,1830,0.06174863387978142,0.0715846994535519,0.009836065573770493,1
97,block-0032,Base_BadParking_0003,BadParking_003,Base,3,30003,baseline,2,Base_BadParking_0003__s3__baseline,0.0,0.0,0.0,0.0,100.0,46.371576,1.0,0.0,0.0,0.0,0.0,0.0,1749,0.0,0.0,0.0,1
98,block-0032,Base_BadParking_0003,BadParking_003,Base,3,30003,current_frame,3,Base_BadParking_0003__s3__current_frame,0.0,0.0,0.0,0.0,100.0,55.443893,1.0,0.0,0.0,0.0,0.0,0.0,1976,0.08653846153846154,0.09868421052631579,0.012145748987854251,1
99,block-0033,Generalization_PedestrianOtherBlocker_1074,PedestrianOtherBlocker_074,Generalization,2,20074,temporal,1,Generalization_PedestrianOtherBlocker_1074__s2__temporal,0.0,0.0,0.0,0.0,100.0,72.907867,1.0,0.0,0.0,0.0,0.0,0.0,671,0.07302533532041729,0.11475409836065574,0.041728763040238454,1
100,block-0033,Generalization_PedestrianOtherBlocker_1074,PedestrianOtherBlocker_074,Generalization,2,20074,current_frame,2,Generalization_PedestrianOtherBlocker_1074__s2__current_frame,0.0,0.0,0.0,0.0,100.0,71.342497,1.0,0.0,0.0,0.0,0.0,0.0,682,0.21407624633431085,0.3152492668621701,0.10117302052785923,1
101,block-0033,Generalization_PedestrianOtherBlocker_1074,PedestrianOtherBlocker_074,Generalization,2,20074,baseline,3,Generalization_PedestrianOtherBlocker_1074__s2__baseline,0.0,0.0,0.0,0.0,100.0,72.132834,1.0,0.0,0.0,0.0,0.0,0.0,682,0.0,0.0,0.0,1
102,block-0034,Generalization_ConstructionPedestrian_1010,ConstructionPedestrian_010,Generalization,3,30010,temporal,1,Generalization_ConstructionPedestrian_1010__s3__temporal,0.0,0.0,0.0,0.0,100.0,84.976,1.0,0.0,0.0,0.0,0.0,0.0,1394,0.09182209469153516,0.09612625538020086,0.00430416068866571,1
103,block-0034,Generalization_ConstructionPedestrian_1010,ConstructionPedestrian_010,Generalization,3,30010,current_frame,2,Generalization_ConstructionPedestrian_1010__s3__current_frame,1.0,1.0,0.0,0.0,100.0,41.107418,0.0,0.0,0.0,0.0,0.0,0.0,1427,0.0805886475122635,0.13034337771548704,0.049754730203223546,1
104,block-0034,Generalization_ConstructionPedestrian_1010,ConstructionPedestrian_010,Generalization,3,30010,baseline,3,Generalization_ConstructionPedestrian_1010__s3__baseline,1.0,1.0,0.0,0.0,100.0,42.441948,0.0,0.0,0.0,0.0,0.0,0.0,1385,0.0,0.0,0.0,1
105,block-0035,Generalization_Animals_1084,Animals_084,Generalization,3,30084,baseline,1,Generalization_Animals_1084__s3__baseline,1.0,0.0,0.0,1.0,38.9,19.727998,0.0,0.0,0.0,0.0,1.0,0.0,5333,0.0,0.0,0.0,1
106,block-0035,Generalization_Animals_1084,Animals_084,Generalization,3,30084,current_frame,2,Generalization_Animals_1084__s3__current_frame,1.0,0.0,0.0,1.0,38.08,19.55326,0.0,0.0,0.0,0.0,1.0,0.0,3872,0.6226756198347108,0.6472107438016529,0.02453512396694215,1
107,block-0035,Generalization_Animals_1084,Animals_084,Generalization,3,30084,temporal,3,Generalization_Animals_1084__s3__temporal,0.0,0.0,0.0,0.0,38.08,27.694568,0.0,0.0,0.0,0.0,1.0,0.0,3888,0.28703703703703703,0.3029835390946502,0.01594650205761317,1
108,block-0036,Generalization_RightConstruction_1091,RightConstruction_091,Generalization,1,10091,baseline,1,Generalization_RightConstruction_1091__s1__baseline,0.0,0.0,0.0,0.0,100.0,91.696926,1.0,0.0,0.0,0.0,0.0,0.0,660,0.0,0.0,0.0,1
109,block-0036,Generalization_RightConstruction_1091,RightConstruction_091,Generalization,1,10091,temporal,2,Generalization_RightConstruction_1091__s1__temporal,0.0,0.0,0.0,0.0,100.0,91.835513,1.0,0.0,0.0,0.0,0.0,0.0,742,0.1307277628032345,0.23315363881401618,0.10242587601078167,1
110,block-0036,Generalization_RightConstruction_1091,RightConstruction_091,Generalization,1,10091,current_frame,3,Generalization_RightConstruction_1091__s1__current_frame,0.0,0.0,0.0,0.0,100.0,90.930068,1.0,0.0,0.0,0.0,0.0,0.0,690,0.1318840579710145,0.1927536231884058,0.06086956521739131,1
111,block-0037,Base_ImageOnObject_0043,ImageOnObject_043,Base,2,20043,baseline,1,Base_ImageOnObject_0043__s2__baseline,0.0,0.0,0.0,0.0,100.0,70.305386,1.0,0.0,0.0,0.0,0.0,0.0,841,0.0,0.0,0.0,1
112,block-0037,Base_ImageOnObject_0043,ImageOnObject_043,Base,2,20043,temporal,2,Base_ImageOnObject_0043__s2__temporal,0.0,0.0,0.0,0.0,100.0,73.394189,1.0,0.0,0.0,0.0,0.0,0.0,760,0.21973684210526315,0.25,0.030263157894736843,1
113,block-0037,Base_ImageOnObject_0043,ImageOnObject_043,Base,2,20043,current_frame,3,Base_ImageOnObject_0043__s2__current_frame,0.0,0.0,0.0,0.0,100.0,72.269252,1.0,0.0,0.0,0.0,0.0,0.0,792,0.1691919191919192,0.29419191919191917,0.125,1
114,block-0038,Base_ConstructionPedestrian_0011,ConstructionPedestrian_011,Base,3,30011,temporal,1,Base_ConstructionPedestrian_0011__s3__temporal,1.0,0.0,0.0,1.0,56.02,18.480833,0.0,1.0,1.0,1.0,0.0,0.0,7476,0.0593900481540931,0.8941947565543071,0.799625468164794,1
115,block-0038,Base_ConstructionPedestrian_0011,ConstructionPedestrian_011,Base,3,30011,baseline,2,Base_ConstructionPedestrian_0011__s3__baseline,1.0,0.0,0.0,1.0,100.0,9.644321,0.0,1.0,0.0,1.0,0.0,0.0,7325,0.0,0.0,0.0,1
116,block-0038,Base_ConstructionPedestrian_0011,ConstructionPedestrian_011,Base,3,30011,current_frame,3,Base_ConstructionPedestrian_0011__s3__current_frame,1.0,0.0,0.0,1.0,54.66,18.294922,0.0,1.0,1.0,1.0,0.0,0.0,7440,0.020698924731182795,0.8743279569892473,0.8521505376344086,1
117,block-0039,Generalization_Animals_1084,Animals_084,Generalization,1,10084,temporal,1,Generalization_Animals_1084__s1__temporal,1.0,0.0,0.0,1.0,35.6,13.424596,0.0,0.0,0.0,0.0,1.0,0.0,3883,0.7239248004120525,0.7406644347154262,0.01673963430337368,1
118,block-0039,Generalization_Animals_1084,Animals_084,Generalization,1,10084,baseline,2,Generalization_Animals_1084__s1__baseline,1.0,0.0,0.0,1.0,35.6,14.527729,0.0,0.0,0.0,0.0,1.0,0.0,3893,0.0,0.0,0.0,1
119,block-0039,Generalization_Animals_1084,Animals_084,Generalization,1,10084,current_frame,3,Generalization_Animals_1084__s1__current_frame,1.0,0.0,0.0,1.0,35.6,13.992541,0.0,0.0,0.0,0.0,1.0,0.0,3903,0.71688444786062,0.8342300794260825,0.11734563156546246,1
120,block-0040,Generalization_RightConstruction_1093,RightConstruction_093,Generalization,1,10093,baseline,1,Generalization_RightConstruction_1093__s1__baseline,0.0,0.0,0.0,0.0,100.0,50.147863,1.0,0.0,0.0,0.0,0.0,0.0,1046,0.0,0.0,0.0,1
121,block-0040,Generalization_RightConstruction_1093,RightConstruction_093,Generalization,1,10093,current_frame,2,Generalization_RightConstruction_1093__s1__current_frame,0.0,0.0,0.0,0.0,100.0,48.518534,1.0,0.0,0.0,0.0,0.0,0.0,1082,0.015711645101663587,0.08040665434380777,0.06469500924214418,1
122,block-0040,Generalization_RightConstruction_1093,RightConstruction_093,Generalization,1,10093,temporal,3,Generalization_RightConstruction_1093__s1__temporal,0.0,0.0,0.0,0.0,100.0,47.307307,1.0,0.0,0.0,0.0,0.0,0.0,1121,0.007136485280999108,0.021409455842997322,0.014272970561998216,1
123,block-0041,Base_FullyBlocked_0031,FullyBlocked_031,Base,1,10031,current_frame,1,Base_FullyBlocked_0031__s1__current_frame,0.0,0.0,0.0,0.0,100.0,23.834521,1.0,0.0,0.0,0.0,0.0,0.0,1893,0.1162176439513999,0.14844162704701533,0.03222398309561542,1
124,block-0041,Base_FullyBlocked_0031,FullyBlocked_031,Base,1,10031,temporal,2,Base_FullyBlocked_0031__s1__temporal,0.0,0.0,0.0,0.0,100.0,28.836628,1.0,0.0,0.0,0.0,0.0,0.0,1867,0.15372254954472417,0.16122121049812532,0.007498660953401178,1
125,block-0041,Base_FullyBlocked_0031,FullyBlocked_031,Base,1,10031,baseline,3,Base_FullyBlocked_0031__s1__baseline,1.0,0.0,1.0,0.0,100.0,19.775774,0.0,0.0,0.0,0.0,0.0,0.0,1917,0.0,0.0,0.0,1
126,block-0042,Base_ConstructionPedestrian_0013,ConstructionPedestrian_013,Base,3,30013,baseline,1,Base_ConstructionPedestrian_0013__s3__baseline,1.0,0.0,1.0,0.0,100.0,20.632655,0.0,0.0,0.0,0.0,0.0,0.0,3377,0.0,0.0,0.0,1
127,block-0042,Base_ConstructionPedestrian_0013,ConstructionPedestrian_013,Base,3,30013,current_frame,2,Base_ConstructionPedestrian_0013__s3__current_frame,1.0,0.0,0.0,1.0,49.83,19.549266,0.0,1.0,1.0,1.0,0.0,0.0,7164,0.015633724176437745,0.8932160804020101,0.8775823562255723,1
128,block-0042,Base_ConstructionPedestrian_0013,ConstructionPedestrian_013,Base,3,30013,temporal,3,Base_ConstructionPedestrian_0013__s3__temporal,1.0,0.0,0.0,1.0,53.3,6.399387,0.0,1.0,1.0,1.0,0.0,0.0,7245,0.013388543823326432,0.8971704623878537,0.8836438923395445,1
129,block-0043,Generalization_BadParking_1006,BadParking_006,Generalization,2,20006,current_frame,1,Generalization_BadParking_1006__s2__current_frame,1.0,0.0,1.0,0.0,100.0,29.437429,0.0,0.0,0.0,0.0,0.0,0.0,1928,0.11047717842323651,0.31690871369294604,0.09906639004149377,1
130,block-0043,Generalization_BadParking_1006,BadParking_006,Generalization,2,20006,temporal,2,Generalization_BadParking_1006__s2__temporal,1.0,0.0,1.0,0.0,100.0,16.434391,0.0,1.0,0.0,1.0,0.0,0.0,6015,0.06616791354945968,0.8029925187032418,0.16043225270157938,1
131,block-0043,Generalization_BadParking_1006,BadParking_006,Generalization,2,20006,baseline,3,Generalization_BadParking_1006__s2__baseline,1.0,0.0,1.0,0.0,100.0,51.795269,0.0,0.0,0.0,0.0,0.0,0.0,1613,0.0,0.0,0.0,1
132,block-0044,Generalization_ImageOnObject_1042,ImageOnObject_042,Generalization,3,30042,current_frame,1,Generalization_ImageOnObject_1042__s3__current_frame,0.0,0.0,0.0,0.0,100.0,78.433041,1.0,0.0,0.0,0.0,0.0,0.0,873,0.15349369988545247,0.21878579610538373,0.06529209621993128,1
133,block-0044,Generalization_ImageOnObject_1042,ImageOnObject_042,Generalization,3,30042,baseline,2,Generalization_ImageOnObject_1042__s3__baseline,0.0,0.0,0.0,0.0,100.0,76.78495,1.0,0.0,0.0,0.0,0.0,0.0,902,0.0,0.0,0.0,1
134,block-0044,Generalization_ImageOnObject_1042,ImageOnObject_042,Generalization,3,30042,temporal,3,Generalization_ImageOnObject_1042__s3__temporal,0.0,0.0,0.0,0.0,100.0,77.165259,1.0,0.0,0.0,0.0,0.0,0.0,897,0.0713489409141583,0.09698996655518395,0.02564102564102564,1
135,block-0045,Base_ConstructionPermutations_0018,ConstructionPermutations_018,Base,2,20018,temporal,1,Base_ConstructionPermutations_0018__s2__temporal,0.0,0.0,0.0,0.0,100.0,48.213095,1.0,0.0,0.0,0.0,0.0,0.0,1660,0.0789156626506024,0.10843373493975904,0.029518072289156625,1
136,block-0045,Base_ConstructionPermutations_0018,ConstructionPermutations_018,Base,2,20018,baseline,2,Base_ConstructionPermutations_0018__s2__baseline,1.0,0.0,1.0,0.0,100.0,27.619866,0.0,0.0,0.0,0.0,0.0,0.0,1763,0.0,0.0,0.0,1
137,block-0045,Base_ConstructionPermutations_0018,ConstructionPermutations_018,Base,2,20018,current_frame,3,Base_ConstructionPermutations_0018__s2__current_frame,0.0,0.0,0.0,0.0,100.0,45.537497,1.0,0.0,0.0,0.0,0.0,0.0,1759,0.09607731665719159,0.12222853894258101,0.023877202956225127,1
138,block-0046,Base_BadParking_0002,BadParking_002,Base,1,10002,temporal,1,Base_BadParking_0002__s1__temporal,0.0,0.0,0.0,0.0,100.0,47.562383,1.0,0.0,0.0,0.0,0.0,0.0,1239,0.13962873284907182,0.15738498789346247,0.01775625504439064,1
139,block-0046,Base_BadParking_0002,BadParking_002,Base,1,10002,baseline,2,Base_BadParking_0002__s1__baseline,0.0,0.0,0.0,0.0,100.0,50.022174,1.0,0.0,0.0,0.0,0.0,0.0,1192,0.0,0.0,0.0,1
140,block-0046,Base_BadParking_0002,BadParking_002,Base,1,10002,current_frame,3,Base_BadParking_0002__s1__current_frame,0.0,0.0,0.0,0.0,100.0,46.925778,1.0,0.0,0.0,0.0,0.0,0.0,1310,0.19312977099236642,0.22900763358778625,0.03587786259541985,1
141,block-0047,Generalization_RightOfWay_1056,RightOfWay_056,Generalization,2,20056,baseline,1,Generalization_RightOfWay_1056__s2__baseline,0.0,0.0,0.0,0.0,100.0,79.167647,1.0,0.0,0.0,0.0,0.0,0.0,1612,0.0,0.0,0.0,1
142,block-0047,Generalization_RightOfWay_1056,RightOfWay_056,Generalization,2,20056,current_frame,2,Generalization_RightOfWay_1056__s2__current_frame,0.0,0.0,0.0,0.0,100.0,80.379825,1.0,0.0,0.0,0.0,0.0,0.0,1601,0.017489069331667707,0.05746408494690818,0.03997501561524047,1
143,block-0047,Generalization_RightOfWay_1056,RightOfWay_056,Generalization,2,20056,temporal,3,Generalization_RightOfWay_1056__s2__temporal,0.0,0.0,0.0,0.0,100.0,78.802524,1.0,0.0,0.0,0.0,0.0,0.0,1622,0.02157829839704069,0.030826140567200986,0.009247842170160296,1
144,block-0048,Base_ConstructionPermutations_0019,ConstructionPermutations_019,Base,3,30019,temporal,1,Base_ConstructionPermutations_0019__s3__temporal,1.0,0.0,0.0,1.0,100.0,25.213185,0.0,0.0,0.0,0.0,0.0,0.0,1478,0.08322056833558863,0.11366711772665765,0.030446549391069014,1
145,block-0048,Base_ConstructionPermutations_0019,ConstructionPermutations_019,Base,3,30019,current_frame,2,Base_ConstructionPermutations_0019__s3__current_frame,1.0,0.0,0.0,1.0,100.0,11.873987,0.0,1.0,0.0,1.0,0.0,0.0,6037,0.7122743084313401,0.7326486665562365,0.02037435812489647,1
146,block-0048,Base_ConstructionPermutations_0019,ConstructionPermutations_019,Base,3,30019,baseline,3,Base_ConstructionPermutations_0019__s3__baseline,1.0,0.0,0.0,1.0,100.0,15.893795,0.0,1.0,0.0,1.0,0.0,0.0,5886,0.0,0.0,0.0,1
147,block-0049,Base_Animals_0081,Animals_081,Base,3,30081,baseline,1,Base_Animals_0081__s3__baseline,1.0,0.0,0.0,1.0,69.02,7.321899,0.0,0.0,0.0,0.0,1.0,0.0,4054,0.0,0.0,0.0,1
148,block-0049,Base_Animals_0081,Animals_081,Base,3,30081,temporal,2,Base_Animals_0081__s3__temporal,1.0,0.0,0.0,1.0,69.02,7.256534,0.0,0.0,0.0,0.0,1.0,0.0,4063,0.009106571498892444,0.9084420379030274,0.8993354664041349,1
149,block-0049,Base_Animals_0081,Animals_081,Base,3,30081,current_frame,3,Base_Animals_0081__s3__current_frame,1.0,0.0,0.0,1.0,68.25,3.791703,0.0,0.0,0.0,0.0,1.0,0.0,4045,0.026452410383189122,0.931025957972806,0.9045735475896168,1
150,block-0050,Base_RightOfWay_0059,RightOfWay_059,Base,1,10059,temporal,1,Base_RightOfWay_0059__s1__temporal,0.0,0.0,0.0,0.0,100.0,86.88357,1.0,0.0,0.0,0.0,0.0,0.0,1268,0.06703470031545741,0.08280757097791798,0.015772870662460567,1
151,block-0050,Base_RightOfWay_0059,RightOfWay_059,Base,1,10059,current_frame,2,Base_RightOfWay_0059__s1__current_frame,0.0,0.0,0.0,0.0,100.0,87.737303,1.0,0.0,0.0,0.0,0.0,0.0,1161,0.1119724375538329,0.2136089577950043,0.10163652024117141,1
152,block-0050,Base_RightOfWay_0059,RightOfWay_059,Base,1,10059,baseline,3,Base_RightOfWay_0059__s1__baseline,0.0,0.0,0.0,0.0,100.0,88.935078,1.0,0.0,0.0,0.0,0.0,0.0,1183,0.0,0.0,0.0,1
153,block-0051,Base_BadParking_0009,BadParking_009,Base,1,10009,baseline,1,Base_BadParking_0009__s1__baseline,1.0,0.0,1.0,0.0,100.0,9.255155,0.0,1.0,0.0,1.0,0.0,0.0,5707,0.0,0.0,0.0,1
154,block-0051,Base_BadParking_0009,BadParking_009,Base,1,10009,temporal,2,Base_BadParking_0009__s1__temporal,0.0,0.0,0.0,0.0,100.0,88.010026,1.0,0.0,0.0,0.0,0.0,0.0,1389,0.1857451403887689,0.23110151187904968,0.04535637149028078,1
155,block-0051,Base_BadParking_0009,BadParking_009,Base,1,10009,current_frame,3,Base_BadParking_0009__s1__current_frame,0.0,0.0,0.0,0.0,100.0,88.075168,1.0,0.0,0.0,0.0,0.0,0.0,1302,0.08525345622119816,0.15514592933947774,0.06989247311827956,1
156,block-0052,Base_ObscuredStop_0046,ObscuredStop_046,Base,1,10046,temporal,1,Base_ObscuredStop_0046__s1__temporal,0.0,0.0,0.0,0.0,100.0,81.596297,1.0,0.0,0.0,0.0,0.0,0.0,806,0.2692307692307692,0.3064516129032258,0.03722084367245657,1
157,block-0052,Base_ObscuredStop_0046,ObscuredStop_046,Base,1,10046,baseline,2,Base_ObscuredStop_0046__s1__baseline,0.0,0.0,0.0,0.0,100.0,83.090798,1.0,0.0,0.0,0.0,0.0,0.0,734,0.0,0.0,0.0,1
158,block-0052,Base_ObscuredStop_0046,ObscuredStop_046,Base,1,10046,current_frame,3,Base_ObscuredStop_0046__s1__current_frame,1.0,0.0,1.0,0.0,100.0,24.601069,0.0,0.0,0.0,0.0,0.0,0.0,3040,0.12598684210526315,0.8615131578947368,0.7029605263157894,1
159,block-0053,Base_FullyBlocked_0032,FullyBlocked_032,Base,3,30032,temporal,1,Base_FullyBlocked_0032__s3__temporal,0.0,0.0,0.0,0.0,100.0,42.063861,1.0,0.0,0.0,0.0,0.0,0.0,1911,0.08895866038723181,0.10308738880167452,0.0141287284144427,1
160,block-0053,Base_FullyBlocked_0032,FullyBlocked_032,Base,3,30032,baseline,2,Base_FullyBlocked_0032__s3__baseline,0.0,0.0,0.0,0.0,100.0,42.216488,1.0,0.0,0.0,0.0,0.0,0.0,1898,0.0,0.0,0.0,1
161,block-0053,Base_FullyBlocked_0032,FullyBlocked_032,Base,3,30032,current_frame,3,Base_FullyBlocked_0032__s3__current_frame,0.0,0.0,0.0,0.0,100.0,50.048426,1.0,0.0,0.0,0.0,0.0,0.0,1898,0.008956796628029505,0.05795574288724974,0.04899894625922023,1
162,block-0054,Generalization_RightConstruction_1093,RightConstruction_093,Generalization,2,20093,baseline,1,Generalization_RightConstruction_1093__s2__baseline,0.0,0.0,0.0,0.0,100.0,48.820799,1.0,0.0,0.0,0.0,0.0,0.0,1078,0.0,0.0,0.0,1
163,block-0054,Generalization_RightConstruction_1093,RightConstruction_093,Generalization,2,20093,temporal,2,Generalization_RightConstruction_1093__s2__temporal,0.0,0.0,0.0,0.0,100.0,46.930203,1.0,0.0,0.0,0.0,0.0,0.0,1122,0.01693404634581105,0.06149732620320856,0.044563279857397504,1
164,block-0054,Generalization_RightConstruction_1093,RightConstruction_093,Generalization,2,20093,current_frame,3,Generalization_RightConstruction_1093__s2__current_frame,0.0,0.0,0.0,0.0,100.0,47.06054,1.0,0.0,0.0,0.0,0.0,0.0,1112,0.01079136690647482,0.11870503597122302,0.1079136690647482,1
165,block-0055,Generalization_BadParking_1002,BadParking_002,Generalization,3,30002,current_frame,1,Generalization_BadParking_1002__s3__current_frame,0.0,0.0,0.0,0.0,100.0,48.48636,1.0,0.0,0.0,0.0,0.0,0.0,1171,0.20068317677198974,0.2766865926558497,0.0623398804440649,1
166,block-0055,Generalization_BadParking_1002,BadParking_002,Generalization,3,30002,temporal,2,Generalization_BadParking_1002__s3__temporal,0.0,0.0,0.0,0.0,100.0,49.308837,1.0,0.0,0.0,0.0,0.0,0.0,1163,0.15047291487532244,0.20292347377472056,0.052450558899398106,1
167,block-0055,Generalization_BadParking_1002,BadParking_002,Generalization,3,30002,baseline,3,Generalization_BadParking_1002__s3__baseline,1.0,0.0,1.0,0.0,100.0,29.81729,0.0,0.0,0.0,0.0,0.0,0.0,1163,0.0,0.0,0.0,1
168,block-0056,Base_PedestrianOtherBlocker_0071,PedestrianOtherBlocker_071,Base,1,10071,baseline,1,Base_PedestrianOtherBlocker_0071__s1__baseline,0.0,0.0,0.0,0.0,100.0,70.43957,1.0,0.0,0.0,0.0,0.0,0.0,1198,0.0,0.0,0.0,1
169,block-0056,Base_PedestrianOtherBlocker_0071,PedestrianOtherBlocker_071,Base,1,10071,temporal,2,Base_PedestrianOtherBlocker_0071__s1__temporal,1.0,1.0,0.0,0.0,100.0,35.812079,0.0,0.0,0.0,0.0,0.0,0.0,1161,0.023255813953488372,0.05598621877691645,0.03273040482342808,1
170,block-0056,Base_PedestrianOtherBlocker_0071,PedestrianOtherBlocker_071,Base,1,10071,current_frame,3,Base_PedestrianOtherBlocker_0071__s1__current_frame,1.0,1.0,0.0,0.0,100.0,35.914984,0.0,0.0,0.0,0.0,0.0,0.0,1164,0.014604810996563574,0.11769759450171821,0.0979381443298969,1
171,block-0057,Base_CustomObstacles_0025,CustomObstacles_025,Base,3,30025,baseline,1,Base_CustomObstacles_0025__s3__baseline,1.0,0.0,1.0,0.0,61.61,19.416914,0.0,1.0,1.0,1.0,0.0,0.0,7434,0.0,0.0,0.0,1
172,block-0057,Base_CustomObstacles_0025,CustomObstacles_025,Base,3,30025,current_frame,2,Base_CustomObstacles_0025__s3__current_frame,1.0,0.0,1.0,0.0,62.39,19.670561,0.0,1.0,1.0,1.0,0.0,0.0,7452,0.026033279656468063,0.9147879763821792,0.7767042404723564,1
173,block-0057,Base_CustomObstacles_0025,CustomObstacles_025,Base,3,30025,temporal,3,Base_CustomObstacles_0025__s3__temporal,1.0,0.0,1.0,0.0,61.23,19.147391,0.0,1.0,1.0,1.0,0.0,0.0,7425,0.07515151515151515,0.8558922558922559,0.3152861952861953,1
174,block-0058,Generalization_RightOfWay_1059,RightOfWay_059,Generalization,1,10059,current_frame,1,Generalization_RightOfWay_1059__s1__current_frame,0.0,0.0,0.0,0.0,100.0,87.044167,1.0,0.0,0.0,0.0,0.0,0.0,1213,0.041220115416323165,0.13437757625721353,0.09315746084089035,1
175,block-0058,Generalization_RightOfWay_1059,RightOfWay_059,Generalization,1,10059,baseline,2,Generalization_RightOfWay_1059__s1__baseline,0.0,0.0,0.0,0.0,100.0,87.254,1.0,0.0,0.0,0.0,0.0,0.0,1173,0.0,0.0,0.0,1
176,block-0058,Generalization_RightOfWay_1059,RightOfWay_059,Generalization,1,10059,temporal,3,Generalization_RightOfWay_1059__s1__temporal,0.0,0.0,0.0,0.0,100.0,89.616876,1.0,0.0,0.0,0.0,0.0,0.0,1171,0.07258753202391119,0.09735269000853972,0.02391118701964133,1
177,block-0059,Generalization_ConstructionPedestrian_1014,ConstructionPedestrian_014,Generalization,1,10014,current_frame,1,Generalization_ConstructionPedestrian_1014__s1__current_frame,1.0,1.0,0.0,0.0,100.0,31.195081,0.0,0.0,0.0,0.0,0.0,0.0,1328,0.14984939759036145,0.14984939759036145,0.0,1
178,block-0059,Generalization_ConstructionPedestrian_1014,ConstructionPedestrian_014,Generalization,1,10014,temporal,2,Generalization_ConstructionPedestrian_1014__s1__temporal,1.0,1.0,0.0,0.0,100.0,31.641815,0.0,0.0,0.0,0.0,0.0,0.0,1363,0.07997065297138664,0.08730741012472487,0.007336757153338224,1
179,block-0059,Generalization_ConstructionPedestrian_1014,ConstructionPedestrian_014,Generalization,1,10014,baseline,3,Generalization_ConstructionPedestrian_1014__s1__baseline,1.0,1.0,0.0,0.0,100.0,31.828261,0.0,0.0,0.0,0.0,0.0,0.0,1313,0.0,0.0,0.0,1
180,block-0060,Generalization_PedestrianOtherBlocker_1072,PedestrianOtherBlocker_072,Generalization,2,20072,baseline,1,Generalization_PedestrianOtherBlocker_1072__s2__baseline,1.0,1.0,0.0,0.0,100.0,45.47153,0.0,0.0,0.0,0.0,0.0,0.0,816,0.0,0.0,0.0,1
181,block-0060,Generalization_PedestrianOtherBlocker_1072,PedestrianOtherBlocker_072,Generalization,2,20072,temporal,2,Generalization_PedestrianOtherBlocker_1072__s2__temporal,0.0,0.0,0.0,0.0,100.0,91.786,1.0,0.0,0.0,0.0,0.0,0.0,773,0.0517464424320828,0.09055627425614489,0.031047865459249677,1
182,block-0060,Generalization_PedestrianOtherBlocker_1072,PedestrianOtherBlocker_072,Generalization,2,20072,current_frame,3,Generalization_PedestrianOtherBlocker_1072__s2__current_frame,1.0,1.0,0.0,0.0,100.0,45.548515,0.0,0.0,0.0,0.0,0.0,0.0,801,0.13857677902621723,0.21972534332084895,0.08114856429463171,1
183,block-0061,Generalization_BadParking_1007,BadParking_007,Generalization,1,10007,temporal,1,Generalization_BadParking_1007__s1__temporal,1.0,0.0,1.0,0.0,100.0,52.777268,0.0,0.0,0.0,0.0,0.0,0.0,1464,0.06284153005464481,0.09562841530054644,0.03278688524590164,1
184,block-0061,Generalization_BadParking_1007,BadParking_007,Generalization,1,10007,baseline,2,Generalization_BadParking_1007__s1__baseline,1.0,0.0,1.0,0.0,100.0,27.393938,0.0,1.0,0.0,1.0,0.0,0.0,5876,0.0,0.0,0.0,1
185,block-0061,Generalization_BadParking_1007,BadParking_007,Generalization,1,10007,current_frame,3,Generalization_BadParking_1007__s1__current_frame,1.0,0.0,1.0,0.0,100.0,16.367529,0.0,1.0,0.0,1.0,0.0,0.0,5815,0.013929492691315564,0.7599312123817713,0.6641444539982803,1
186,block-0062,Generalization_OppositeConstruction_1054,OppositeConstruction_054,Generalization,1,10054,baseline,1,Generalization_OppositeConstruction_1054__s1__baseline,0.0,0.0,0.0,0.0,100.0,89.077285,1.0,0.0,0.0,0.0,0.0,0.0,856,0.0,0.0,0.0,1
187,block-0062,Generalization_OppositeConstruction_1054,OppositeConstruction_054,Generalization,1,10054,current_frame,2,Generalization_OppositeConstruction_1054__s1__current_frame,0.0,0.0,0.0,0.0,100.0,88.433753,1.0,0.0,0.0,0.0,0.0,0.0,853,0.06799531066822978,0.11840562719812427,0.05041031652989449,1
188,block-0062,Generalization_OppositeConstruction_1054,OppositeConstruction_054,Generalization,1,10054,temporal,3,Generalization_OppositeConstruction_1054__s1__temporal,0.0,0.0,0.0,0.0,100.0,88.18011,1.0,0.0,0.0,0.0,0.0,0.0,867,0.02191464821222607,0.029988465974625143,0.008073817762399077,1
189,block-0063,Base_Wall_0097,Wall_097,Base,1,10097,temporal,1,Base_Wall_0097__s1__temporal,0.0,0.0,0.0,0.0,100.0,84.396178,1.0,0.0,0.0,0.0,0.0,0.0,919,0.14363438520130578,0.16974972796517954,0.026115342763873776,1
190,block-0063,Base_Wall_0097,Wall_097,Base,1,10097,current_frame,2,Base_Wall_0097__s1__current_frame,0.0,0.0,0.0,0.0,100.0,82.398766,1.0,0.0,0.0,0.0,0.0,0.0,922,0.1475054229934924,0.2668112798264642,0.1193058568329718,1
191,block-0063,Base_Wall_0097,Wall_097,Base,1,10097,baseline,3,Base_Wall_0097__s1__baseline,0.0,0.0,0.0,0.0,100.0,83.507597,1.0,0.0,0.0,0.0,0.0,0.0,924,0.0,0.0,0.0,1
192,block-0064,Generalization_BadParking_1008,BadParking_008,Generalization,1,10008,temporal,1,Generalization_BadParking_1008__s1__temporal,1.0,0.0,1.0,0.0,100.0,54.004461,0.0,0.0,0.0,0.0,0.0,0.0,3387,0.04842043105993504,0.8355476823147328,0.7871272512547978,1
193,block-0064,Generalization_BadParking_1008,BadParking_008,Generalization,1,10008,baseline,2,Generalization_BadParking_1008__s1__baseline,1.0,0.0,1.0,0.0,100.0,54.803726,0.0,0.0,0.0,0.0,0.0,0.0,2532,0.0,0.0,0.0,1
194,block-0064,Generalization_BadParking_1008,BadParking_008,Generalization,1,10008,current_frame,3,Generalization_BadParking_1008__s1__current_frame,1.0,0.0,1.0,0.0,100.0,31.091335,0.0,1.0,0.0,1.0,0.0,0.0,5281,0.009089187653853437,0.9007763681120999,0.8907403900776368,1
195,block-0065,Base_ConstructionPedestrian_0014,ConstructionPedestrian_014,Base,2,20014,baseline,1,Base_ConstructionPedestrian_0014__s2__baseline,0.0,0.0,0.0,0.0,100.0,41.228388,1.0,0.0,0.0,0.0,0.0,0.0,1340,0.0,0.0,0.0,1
196,block-0065,Base_ConstructionPedestrian_0014,ConstructionPedestrian_014,Base,2,20014,temporal,2,Base_ConstructionPedestrian_0014__s2__temporal,0.0,0.0,0.0,0.0,100.0,40.793718,1.0,0.0,0.0,0.0,0.0,0.0,1347,0.06829992576095026,0.06829992576095026,0.0,1
197,block-0065,Base_ConstructionPedestrian_0014,ConstructionPedestrian_014,Base,2,20014,current_frame,3,Base_ConstructionPedestrian_0014__s2__current_frame,1.0,0.0,1.0,0.0,100.0,24.127533,0.0,0.0,0.0,0.0,0.0,0.0,1420,0.09507042253521127,0.1387323943661972,0.04084507042253521,1
198,block-0066,Generalization_PedestrianCrowd_1065,PedestrianCrowd_065,Generalization,3,30065,temporal,1,Generalization_PedestrianCrowd_1065__s3__temporal,1.0,0.0,1.0,0.0,100.0,47.850887,0.0,0.0,0.0,0.0,0.0,0.0,754,0.34084880636604775,0.40716180371352784,0.06631299734748011,1
199,block-0066,Generalization_PedestrianCrowd_1065,PedestrianCrowd_065,Generalization,3,30065,baseline,2,Generalization_PedestrianCrowd_1065__s3__baseline,1.0,0.0,1.0,0.0,100.0,40.241825,0.0,0.0,0.0,0.0,0.0,0.0,1572,0.0,0.0,0.0,1
200,block-0066,Generalization_PedestrianCrowd_1065,PedestrianCrowd_065,Generalization,3,30065,current_frame,3,Generalization_PedestrianCrowd_1065__s3__current_frame,1.0,0.0,1.0,0.0,100.0,49.64379,0.0,0.0,0.0,0.0,0.0,0.0,740,0.13243243243243244,0.3027027027027027,0.17027027027027028,1
201,block-0067,Generalization_CustomObstacles_1025,CustomObstacles_025,Generalization,1,10025,baseline,1,Generalization_CustomObstacles_1025__s1__baseline,1.0,0.0,0.0,1.0,100.0,27.642792,0.0,0.0,0.0,0.0,0.0,0.0,1437,0.0,0.0,0.0,1
202,block-0067,Generalization_CustomObstacles_1025,CustomObstacles_025,Generalization,1,10025,current_frame,2,Generalization_CustomObstacles_1025__s1__current_frame,1.0,0.0,0.0,1.0,100.0,27.675766,0.0,0.0,0.0,0.0,0.0,0.0,1425,0.07929824561403509,0.21473684210526317,0.13543859649122808,1
203,block-0067,Generalization_CustomObstacles_1025,CustomObstacles_025,Generalization,1,10025,temporal,3,Generalization_CustomObstacles_1025__s1__temporal,1.0,0.0,0.0,1.0,100.0,28.127418,0.0,0.0,0.0,0.0,0.0,0.0,1396,0.06017191977077364,0.14613180515759314,0.08595988538681948,1
204,block-0068,Generalization_PedestrianOtherBlocker_1074,PedestrianOtherBlocker_074,Generalization,3,30074,temporal,1,Generalization_PedestrianOtherBlocker_1074__s3__temporal,0.0,0.0,0.0,0.0,100.0,64.197085,1.0,0.0,0.0,0.0,0.0,0.0,719,0.07927677329624479,0.12656467315716272,0.04728789986091794,1
205,block-0068,Generalization_PedestrianOtherBlocker_1074,PedestrianOtherBlocker_074,Generalization,3,30074,current_frame,2,Generalization_PedestrianOtherBlocker_1074__s3__current_frame,0.0,0.0,0.0,0.0,100.0,63.395862,1.0,0.0,0.0,0.0,0.0,0.0,731,0.307797537619699,0.40355677154582764,0.09575923392612859,1
206,block-0068,Generalization_PedestrianOtherBlocker_1074,PedestrianOtherBlocker_074,Generalization,3,30074,baseline,3,Generalization_PedestrianOtherBlocker_1074__s3__baseline,0.0,0.0,0.0,0.0,100.0,67.062878,1.0,0.0,0.0,0.0,0.0,0.0,709,0.0,0.0,0.0,1
207,block-0069,Base_ImageOnObject_0044,ImageOnObject_044,Base,2,20044,baseline,1,Base_ImageOnObject_0044__s2__baseline,0.0,0.0,0.0,0.0,100.0,69.605562,1.0,0.0,0.0,0.0,0.0,0.0,432,0.0,0.0,0.0,1
208,block-0069,Base_ImageOnObject_0044,ImageOnObject_044,Base,2,20044,temporal,2,Base_ImageOnObject_0044__s2__temporal,0.0,0.0,0.0,0.0,100.0,61.826288,1.0,0.0,0.0,0.0,0.0,0.0,440,0.09090909090909091,0.19090909090909092,0.1,1
209,block-0069,Base_ImageOnObject_0044,ImageOnObject_044,Base,2,20044,current_frame,3,Base_ImageOnObject_0044__s2__current_frame,0.0,0.0,0.0,0.0,100.0,69.453935,1.0,0.0,0.0,0.0,0.0,0.0,434,0.26497695852534564,0.5967741935483871,0.3317972350230415,1
210,block-0070,Base_RightOfWay_0056,RightOfWay_056,Base,2,20056,baseline,1,Base_RightOfWay_0056__s2__baseline,0.0,0.0,0.0,0.0,100.0,78.257627,1.0,0.0,0.0,0.0,0.0,0.0,1621,0.0,0.0,0.0,1
211,block-0070,Base_RightOfWay_0056,RightOfWay_056,Base,2,20056,temporal,2,Base_RightOfWay_0056__s2__temporal,0.0,0.0,0.0,0.0,100.0,76.627701,1.0,0.0,0.0,0.0,0.0,0.0,1668,0.019784172661870502,0.03477218225419664,0.01498800959232614,1
212,block-0070,Base_RightOfWay_0056,RightOfWay_056,Base,2,20056,current_frame,3,Base_RightOfWay_0056__s2__current_frame,0.0,0.0,0.0,0.0,100.0,79.65027,1.0,0.0,0.0,0.0,0.0,0.0,1581,0.017710309930423784,0.061353573687539534,0.04364326375711575,1
213,block-0071,Base_PedestriansOnRoad_0089,PedestriansOnRoad_089,Base,2,20089,baseline,1,Base_PedestriansOnRoad_0089__s2__baseline,0.0,0.0,0.0,0.0,100.0,71.245079,1.0,0.0,0.0,0.0,0.0,0.0,1475,0.0,0.0,0.0,1
214,block-0071,Base_PedestriansOnRoad_0089,PedestriansOnRoad_089,Base,2,20089,temporal,2,Base_PedestriansOnRoad_0089__s2__temporal,0.0,0.0,0.0,0.0,100.0,69.689122,1.0,0.0,0.0,0.0,0.0,0.0,1515,0.07854785478547854,0.09636963696369637,0.01782178217821782,1
215,block-0071,Base_PedestriansOnRoad_0089,PedestriansOnRoad_089,Base,2,20089,current_frame,3,Base_PedestriansOnRoad_0089__s2__current_frame,0.0,0.0,0.0,0.0,100.0,70.911506,1.0,0.0,0.0,0.0,0.0,0.0,1461,0.03216974674880219,0.06913073237508556,0.03696098562628337,1
216,block-0072,Base_CustomObstacles_0027,CustomObstacles_027,Base,3,30027,baseline,1,Base_CustomObstacles_0027__s3__baseline,1.0,0.0,1.0,0.0,100.0,47.09852,0.0,0.0,0.0,0.0,0.0,0.0,1570,0.0,0.0,0.0,1
217,block-0072,Base_CustomObstacles_0027,CustomObstacles_027,Base,3,30027,temporal,2,Base_CustomObstacles_0027__s3__temporal,1.0,0.0,1.0,0.0,100.0,29.243986,0.0,1.0,0.0,1.0,0.0,0.0,5542,0.01804402742692169,0.8426560808372429,0.4911584265608084,1
218,block-0072,Base_CustomObstacles_0027,CustomObstacles_027,Base,3,30027,current_frame,3,Base_CustomObstacles_0027__s3__current_frame,1.0,0.0,1.0,0.0,100.0,47.02213,0.0,0.0,0.0,0.0,0.0,0.0,1502,0.2197070572569907,0.27762982689747007,0.05792276964047936,1
219,block-0073,Base_HardBrake_0038,HardBrake_038,Base,3,30038,baseline,1,Base_HardBrake_0038__s3__baseline,0.0,0.0,0.0,0.0,100.0,65.841913,1.0,0.0,0.0,0.0,0.0,0.0,1719,0.0,0.0,0.0,1
220,block-0073,Base_HardBrake_0038,HardBrake_038,Base,3,30038,temporal,2,Base_HardBrake_0038__s3__temporal,0.0,0.0,0.0,0.0,100.0,66.641072,1.0,0.0,0.0,0.0,0.0,0.0,1672,0.16148325358851676,0.21770334928229665,0.056220095693779906,1
221,block-0073,Base_HardBrake_0038,HardBrake_038,Base,3,30038,current_frame,3,Base_HardBrake_0038__s3__current_frame,0.0,0.0,0.0,0.0,100.0,63.19392,1.0,0.0,0.0,0.0,0.0,0.0,1748,0.16247139588100687,0.2574370709382151,0.09496567505720824,1
222,block-0074,Generalization_Wall_1097,Wall_097,Generalization,2,20097,baseline,1,Generalization_Wall_1097__s2__baseline,1.0,0.0,0.0,1.0,100.0,60.203728,0.0,0.0,0.0,0.0,0.0,0.0,1870,0.0,0.0,0.0,1
223,block-0074,Generalization_Wall_1097,Wall_097,Generalization,2,20097,current_frame,2,Generalization_Wall_1097__s2__current_frame,1.0,0.0,0.0,1.0,100.0,58.043443,0.0,0.0,0.0,0.0,0.0,0.0,1866,0.08092175777063237,0.6682743837084673,0.587352625937835,1
224,block-0074,Generalization_Wall_1097,Wall_097,Generalization,2,20097,temporal,3,Generalization_Wall_1097__s2__temporal,1.0,0.0,0.0,1.0,100.0,60.99275,0.0,0.0,0.0,0.0,0.0,0.0,1852,0.091792656587473,0.6441684665226782,0.5523758099352052,1
225,block-0075,Base_CustomObstacles_0027,CustomObstacles_027,Base,2,20027,temporal,1,Base_CustomObstacles_0027__s2__temporal,1.0,0.0,1.0,0.0,100.0,14.366654,0.0,1.0,0.0,1.0,0.0,0.0,5621,0.07578722647215798,0.8519836328055506,0.7557374132716599,1
226,block-0075,Base_CustomObstacles_0027,CustomObstacles_027,Base,2,20027,baseline,2,Base_CustomObstacles_0027__s2__baseline,1.0,0.0,1.0,0.0,100.0,27.717306,0.0,1.0,0.0,1.0,0.0,0.0,5564,0.0,0.0,0.0,1
227,block-0075,Base_CustomObstacles_0027,CustomObstacles_027,Base,2,20027,current_frame,3,Base_CustomObstacles_0027__s2__current_frame,0.0,0.0,0.0,0.0,100.0,83.149147,1.0,0.0,0.0,0.0,0.0,0.0,1555,0.1504823151125402,0.22765273311897105,0.07717041800643087,1
228,block-0076,Generalization_ObscuredStop_1045,ObscuredStop_045,Generalization,1,10045,temporal,1,Generalization_ObscuredStop_1045__s1__temporal,0.0,0.0,0.0,0.0,100.0,70.118049,0.0,0.0,0.0,0.0,0.0,0.0,1186,0.0387858347386172,0.06492411467116357,0.026138279932546374,1
229,block-0076,Generalization_ObscuredStop_1045,ObscuredStop_045,Generalization,1,10045,baseline,2,Generalization_ObscuredStop_1045__s1__baseline,0.0,0.0,0.0,0.0,100.0,89.766511,1.0,0.0,0.0,0.0,0.0,0.0,1180,0.0,0.0,0.0,1
230,block-0076,Generalization_ObscuredStop_1045,ObscuredStop_045,Generalization,1,10045,current_frame,3,Generalization_ObscuredStop_1045__s1__current_frame,0.0,0.0,0.0,0.0,100.0,87.583304,1.0,0.0,0.0,0.0,0.0,0.0,1212,0.06848184818481848,0.11963696369636964,0.05115511551155116,1
231,block-0077,Generalization_Animals_1081,Animals_081,Generalization,2,20081,current_frame,1,Generalization_Animals_1081__s2__current_frame,1.0,0.0,0.0,1.0,68.25,3.848168,0.0,0.0,0.0,0.0,1.0,0.0,4046,0.02199703410776075,0.926099851705388,0.9041028175976273,1
232,block-0077,Generalization_Animals_1081,Animals_081,Generalization,2,20081,baseline,2,Generalization_Animals_1081__s2__baseline,1.0,0.0,0.0,1.0,69.02,6.859649,0.0,0.0,0.0,0.0,1.0,0.0,4077,0.0,0.0,0.0,1
233,block-0077,Generalization_Animals_1081,Animals_081,Generalization,2,20081,temporal,3,Generalization_Animals_1081__s2__temporal,1.0,0.0,0.0,1.0,69.02,6.802953,0.0,0.0,0.0,0.0,1.0,0.0,4077,0.0164336521952416,0.9121903360313957,0.895756683836154,1
234,block-0078,Base_Animals_0078,Animals_078,Base,2,20078,current_frame,1,Base_Animals_0078__s2__current_frame,0.0,0.0,0.0,0.0,100.0,93.139,1.0,0.0,0.0,0.0,0.0,0.0,973,0.1695786228160329,0.5066803699897225,0.3371017471736896,1
235,block-0078,Base_Animals_0078,Animals_078,Base,2,20078,baseline,2,Base_Animals_0078__s2__baseline,0.0,0.0,0.0,0.0,100.0,92.641,1.0,0.0,0.0,0.0,0.0,0.0,997,0.0,0.0,0.0,1
236,block-0078,Base_Animals_0078,Animals_078,Base,2,20078,temporal,3,Base_Animals_0078__s2__temporal,0.0,0.0,0.0,0.0,100.0,92.491,1.0,0.0,0.0,0.0,0.0,0.0,993,0.1863041289023162,0.24269889224572003,0.05639476334340383,1
237,block-0079,Base_ConstructionPermutations_0016,ConstructionPermutations_016,Base,1,10016,baseline,1,Base_ConstructionPermutations_0016__s1__baseline,0.0,0.0,0.0,0.0,100.0,69.765831,1.0,0.0,0.0,0.0,0.0,0.0,1850,0.0,0.0,0.0,1
238,block-0079,Base_ConstructionPermutations_0016,ConstructionPermutations_016,Base,1,10016,current_frame,2,Base_ConstructionPermutations_0016__s1__current_frame,0.0,0.0,0.0,0.0,100.0,59.989685,1.0,0.0,0.0,0.0,0.0,0.0,1854,0.26537216828478966,0.3705501618122977,0.10248112189859762,1
239,block-0079,Base_ConstructionPermutations_0016,ConstructionPermutations_016,Base,1,10016,temporal,3,Base_ConstructionPermutations_0016__s1__temporal,1.0,0.0,0.0,1.0,100.0,45.739763,0.0,0.0,0.0,0.0,0.0,0.0,1837,0.22591181273816005,0.2945019052803484,0.06205770277626565,1
240,block-0080,Generalization_PedestrianCrowd_1066,PedestrianCrowd_066,Generalization,1,10066,temporal,1,Generalization_PedestrianCrowd_1066__s1__temporal,1.0,0.0,1.0,0.0,100.0,17.862368,0.0,1.0,0.0,1.0,0.0,0.0,5530,0.1444846292947559,0.9050632911392406,0.7567811934900542,1
241,block-0080,Generalization_PedestrianCrowd_1066,PedestrianCrowd_066,Generalization,1,10066,current_frame,2,Generalization_PedestrianCrowd_1066__s1__current_frame,0.0,0.0,0.0,0.0,100.0,63.419376,1.0,0.0,0.0,0.0,0.0,0.0,1399,0.3316654753395282,0.5282344531808435,0.19013581129378126,1
242,block-0080,Generalization_PedestrianCrowd_1066,PedestrianCrowd_066,Generalization,1,10066,baseline,3,Generalization_PedestrianCrowd_1066__s1__baseline,1.0,0.0,1.0,1.0,16.42,3.137862,0.0,1.0,1.0,1.0,0.0,0.0,6392,0.0,0.0,0.0,1
243,block-0081,Base_CustomObstacles_0021,CustomObstacles_021,Base,3,30021,current_frame,1,Base_CustomObstacles_0021__s3__current_frame,1.0,0.0,1.0,0.0,100.0,8.728645,0.0,1.0,0.0,1.0,0.0,0.0,6597,0.09019251174776413,0.8928300742761861,0.764135212975595,1
244,block-0081,Base_CustomObstacles_0021,CustomObstacles_021,Base,3,30021,temporal,2,Base_CustomObstacles_0021__s3__temporal,1.0,0.0,1.0,1.0,29.02,7.188999,0.0,1.0,1.0,1.0,0.0,0.0,6608,0.012257869249394673,0.9312953995157385,0.8507869249394673,1
245,block-0081,Base_CustomObstacles_0021,CustomObstacles_021,Base,3,30021,baseline,3,Base_CustomObstacles_0021__s3__baseline,1.0,0.0,1.0,0.0,100.0,10.048265,0.0,1.0,0.0,1.0,0.0,0.0,5558,0.0,0.0,0.0,1
246,block-0082,Base_RightConstruction_0092,RightConstruction_092,Base,2,20092,baseline,1,Base_RightConstruction_0092__s2__baseline,0.0,0.0,0.0,0.0,100.0,47.143619,1.0,0.0,0.0,0.0,0.0,0.0,852,0.0,0.0,0.0,1
247,block-0082,Base_RightConstruction_0092,RightConstruction_092,Base,2,20092,temporal,2,Base_RightConstruction_0092__s2__temporal,0.0,0.0,0.0,0.0,100.0,42.037106,1.0,0.0,0.0,0.0,0.0,0.0,963,0.04984423676012461,0.059190031152647975,0.009345794392523364,1
248,block-0082,Base_RightConstruction_0092,RightConstruction_092,Base,2,20092,current_frame,3,Base_RightConstruction_0092__s2__current_frame,0.0,0.0,0.0,0.0,100.0,51.435282,1.0,0.0,0.0,0.0,0.0,0.0,857,0.029171528588098017,0.08168028004667445,0.052508751458576426,1
249,block-0083,Base_RightOfWay_0058,RightOfWay_058,Base,2,20058,current_frame,1,Base_RightOfWay_0058__s2__current_frame,0.0,0.0,0.0,0.0,100.0,53.605608,1.0,0.0,0.0,0.0,0.0,0.0,1691,0.02069781194559432,0.07510348905972797,0.054405677114133646,1
250,block-0083,Base_RightOfWay_0058,RightOfWay_058,Base,2,20058,baseline,2,Base_RightOfWay_0058__s2__baseline,0.0,0.0,0.0,0.0,100.0,52.896321,1.0,0.0,0.0,0.0,0.0,0.0,1717,0.0,0.0,0.0,1
251,block-0083,Base_RightOfWay_0058,RightOfWay_058,Base,2,20058,temporal,3,Base_RightOfWay_0058__s2__temporal,0.0,0.0,0.0,0.0,100.0,54.462465,1.0,0.0,0.0,0.0,0.0,0.0,1697,0.030053034767236298,0.04065998821449617,0.01060695344725987,1
252,block-0084,Base_PedestrianOtherBlocker_0073,PedestrianOtherBlocker_073,Base,2,20073,baseline,1,Base_PedestrianOtherBlocker_0073__s2__baseline,0.0,0.0,0.0,0.0,100.0,64.558632,1.0,0.0,0.0,0.0,0.0,0.0,1222,0.0,0.0,0.0,1
253,block-0084,Base_PedestrianOtherBlocker_0073,PedestrianOtherBlocker_073,Base,2,20073,current_frame,2,Base_PedestrianOtherBlocker_0073__s2__current_frame,1.0,1.0,0.0,0.0,100.0,33.573409,0.0,0.0,0.0,0.0,0.0,0.0,1146,0.04712041884816754,0.08900523560209424,0.041884816753926704,1
254,block-0084,Base_PedestrianOtherBlocker_0073,PedestrianOtherBlocker_073,Base,2,20073,temporal,3,Base_PedestrianOtherBlocker_0073__s2__temporal,1.0,1.0,0.0,0.0,66.35,20.067713,0.0,1.0,1.0,0.0,0.0,0.0,8002,0.12996750812296926,0.7928017995501124,0.6458385403649087,1
255,block-0085,Generalization_PedestrianOtherBlocker_1071,PedestrianOtherBlocker_071,Generalization,3,30071,current_frame,1,Generalization_PedestrianOtherBlocker_1071__s3__current_frame,0.0,0.0,0.0,0.0,100.0,69.247556,1.0,0.0,0.0,0.0,0.0,0.0,1226,0.03099510603588907,0.07259380097879282,0.041598694942903754,1
256,block-0085,Generalization_PedestrianOtherBlocker_1071,PedestrianOtherBlocker_071,Generalization,3,30071,baseline,2,Generalization_PedestrianOtherBlocker_1071__s3__baseline,0.0,0.0,0.0,0.0,100.0,70.456442,1.0,0.0,0.0,0.0,0.0,0.0,1198,0.0,0.0,0.0,1
257,block-0085,Generalization_PedestrianOtherBlocker_1071,PedestrianOtherBlocker_071,Generalization,3,30071,temporal,3,Generalization_PedestrianOtherBlocker_1071__s3__temporal,0.0,0.0,0.0,0.0,100.0,69.84632,1.0,0.0,0.0,0.0,0.0,0.0,1220,0.020491803278688523,0.04426229508196721,0.022131147540983605,1
258,block-0086,Base_OppositeConstruction_0054,OppositeConstruction_054,Base,2,20054,current_frame,1,Base_OppositeConstruction_0054__s2__current_frame,0.0,0.0,0.0,0.0,100.0,75.824532,1.0,0.0,0.0,0.0,0.0,0.0,841,0.09036860879904875,0.18668252080856124,0.09631391200951249,1
259,block-0086,Base_OppositeConstruction_0054,OppositeConstruction_054,Base,2,20054,temporal,2,Base_OppositeConstruction_0054__s2__temporal,0.0,0.0,0.0,0.0,100.0,76.542143,1.0,0.0,0.0,0.0,0.0,0.0,827,0.02176541717049577,0.04353083434099154,0.02176541717049577,1
260,block-0086,Base_OppositeConstruction_0054,OppositeConstruction_054,Base,2,20054,baseline,3,Base_OppositeConstruction_0054__s2__baseline,0.0,0.0,0.0,0.0,100.0,82.543442,1.0,0.0,0.0,0.0,0.0,0.0,781,0.0,0.0,0.0,1
261,block-0087,Generalization_CustomObstacles_1022,CustomObstacles_022,Generalization,3,30022,temporal,1,Generalization_CustomObstacles_1022__s3__temporal,1.0,0.0,0.0,1.0,100.0,25.119607,0.0,0.0,0.0,0.0,0.0,0.0,1900,0.3447368421052632,0.46157894736842103,0.1168421052631579,1
262,block-0087,Generalization_CustomObstacles_1022,CustomObstacles_022,Generalization,3,30022,baseline,2,Generalization_CustomObstacles_1022__s3__baseline,1.0,0.0,0.0,1.0,100.0,25.281245,0.0,0.0,0.0,0.0,0.0,0.0,1891,0.0,0.0,0.0,1
263,block-0087,Generalization_CustomObstacles_1022,CustomObstacles_022,Generalization,3,30022,current_frame,3,Generalization_CustomObstacles_1022__s3__current_frame,1.0,0.0,0.0,1.0,100.0,25.002307,0.0,0.0,0.0,0.0,0.0,0.0,1895,0.25065963060686014,0.5736147757255937,0.3229551451187335,1
264,block-0088,Generalization_RightConstruction_1092,RightConstruction_092,Generalization,1,10092,temporal,1,Generalization_RightConstruction_1092__s1__temporal,0.0,0.0,0.0,0.0,100.0,56.971557,1.0,0.0,0.0,0.0,0.0,0.0,793,0.0605296343001261,0.08196721311475409,0.021437578814627996,1
265,block-0088,Generalization_RightConstruction_1092,RightConstruction_092,Generalization,1,10092,baseline,2,Generalization_RightConstruction_1092__s1__baseline,0.0,0.0,0.0,0.0,100.0,55.017672,1.0,0.0,0.0,0.0,0.0,0.0,781,0.0,0.0,0.0,1
266,block-0088,Generalization_RightConstruction_1092,RightConstruction_092,Generalization,1,10092,current_frame,3,Generalization_RightConstruction_1092__s1__current_frame,0.0,0.0,0.0,0.0,100.0,57.926219,1.0,0.0,0.0,0.0,0.0,0.0,771,0.03501945525291829,0.11284046692607004,0.07782101167315175,1
267,block-0089,Generalization_CustomObstacles_1029,CustomObstacles_029,Generalization,3,30029,temporal,1,Generalization_CustomObstacles_1029__s3__temporal,1.0,0.0,1.0,1.0,100.0,24.896478,0.0,0.0,0.0,0.0,0.0,0.0,2229,0.05114401076716016,0.30955585464333785,0.25841184387617766,1
268,block-0089,Generalization_CustomObstacles_1029,CustomObstacles_029,Generalization,3,30029,baseline,2,Generalization_CustomObstacles_1029__s3__baseline,1.0,0.0,0.0,1.0,100.0,38.418415,0.0,0.0,0.0,0.0,0.0,0.0,2534,0.0,0.0,0.0,1
269,block-0089,Generalization_CustomObstacles_1029,CustomObstacles_029,Generalization,3,30029,current_frame,3,Generalization_CustomObstacles_1029__s3__current_frame,1.0,0.0,1.0,1.0,100.0,24.614426,0.0,0.0,0.0,0.0,0.0,0.0,2703,0.06770255271920089,0.46910839807621163,0.39918608953015167,1
270,block-0090,Base_Animals_0080,Animals_080,Base,2,20080,current_frame,1,Base_Animals_0080__s2__current_frame,0.0,0.0,0.0,0.0,100.0,89.503586,1.0,0.0,0.0,0.0,0.0,0.0,1078,0.36641929499072357,0.5324675324675324,0.16048237476808905,1
271,block-0090,Base_Animals_0080,Animals_080,Base,2,20080,temporal,2,Base_Animals_0080__s2__temporal,1.0,0.0,1.0,0.0,100.0,28.133945,0.0,0.0,0.0,0.0,0.0,0.0,5388,0.06291759465478843,0.8602449888641426,0.7403489235337788,1
272,block-0090,Base_Animals_0080,Animals_080,Base,2,20080,baseline,3,Base_Animals_0080__s2__baseline,1.0,1.0,0.0,0.0,100.0,21.791469,0.0,0.0,0.0,0.0,0.0,0.0,1070,0.0,0.0,0.0,1
273,block-0091,Generalization_RightOfWay_1055,RightOfWay_055,Generalization,3,30055,current_frame,1,Generalization_RightOfWay_1055__s3__current_frame,0.0,0.0,0.0,0.0,100.0,66.871528,1.0,0.0,0.0,0.0,0.0,0.0,982,0.059063136456211814,0.14358452138492872,0.0845213849287169,1
274,block-0091,Generalization_RightOfWay_1055,RightOfWay_055,Generalization,3,30055,temporal,2,Generalization_RightOfWay_1055__s3__temporal,0.0,0.0,0.0,0.0,100.0,66.031896,1.0,0.0,0.0,0.0,0.0,0.0,997,0.037111334002006016,0.05416248746238716,0.017051153460381142,1
275,block-0091,Generalization_RightOfWay_1055,RightOfWay_055,Generalization,3,30055,baseline,3,Generalization_RightOfWay_1055__s3__baseline,0.0,0.0,0.0,0.0,100.0,63.495127,1.0,0.0,0.0,0.0,0.0,0.0,1030,0.0,0.0,0.0,1
276,block-0092,Base_BadParking_0009,BadParking_009,Base,2,20009,current_frame,1,Base_BadParking_0009__s2__current_frame,1.0,0.0,1.0,0.0,48.06,14.084077,0.0,1.0,1.0,1.0,0.0,0.0,7590,0.2075098814229249,0.9271409749670619,0.7187088274044796,1
277,block-0092,Base_BadParking_0009,BadParking_009,Base,2,20009,temporal,2,Base_BadParking_0009__s2__temporal,1.0,0.0,1.0,0.0,100.0,53.362736,0.0,0.0,0.0,0.0,0.0,0.0,1393,0.15865039483129936,0.20028715003589376,0.04020100502512563,1
278,block-0092,Base_BadParking_0009,BadParking_009,Base,2,20009,baseline,3,Base_BadParking_0009__s2__baseline,1.0,0.0,1.0,0.0,100.0,53.747881,0.0,0.0,0.0,0.0,0.0,0.0,1301,0.0,0.0,0.0,1
279,block-0093,Generalization_PassableObstacles_1062,PassableObstacles_062,Generalization,3,30062,baseline,1,Generalization_PassableObstacles_1062__s3__baseline,0.0,0.0,0.0,0.0,100.0,60.773522,1.0,0.0,0.0,0.0,0.0,0.0,1881,0.0,0.0,0.0,1
280,block-0093,Generalization_PassableObstacles_1062,PassableObstacles_062,Generalization,3,30062,current_frame,2,Generalization_PassableObstacles_1062__s3__current_frame,0.0,0.0,0.0,0.0,100.0,59.186152,1.0,0.0,0.0,0.0,0.0,0.0,1899,0.4628751974723539,0.5387045813586098,0.07582938388625593,1
281,block-0093,Generalization_PassableObstacles_1062,PassableObstacles_062,Generalization,3,30062,temporal,3,Generalization_PassableObstacles_1062__s3__temporal,1.0,0.0,1.0,0.0,100.0,35.412766,0.0,0.0,0.0,0.0,0.0,0.0,1870,0.11711229946524064,0.5481283422459893,0.38074866310160427,1
282,block-0094,Generalization_Animals_1076,Animals_076,Generalization,3,30076,current_frame,1,Generalization_Animals_1076__s3__current_frame,1.0,1.0,0.0,0.0,100.0,20.099908,0.0,0.0,0.0,0.0,0.0,0.0,1034,0.25822050290135395,0.5174081237911026,0.25435203094777564,1
283,block-0094,Generalization_Animals_1076,Animals_076,Generalization,3,30076,temporal,2,Generalization_Animals_1076__s3__temporal,1.0,1.0,0.0,0.0,100.0,19.829547,0.0,0.0,0.0,0.0,0.0,0.0,1072,0.34701492537313433,0.4001865671641791,0.05223880597014925,1
284,block-0094,Generalization_Animals_1076,Animals_076,Generalization,3,30076,baseline,3,Generalization_Animals_1076__s3__baseline,1.0,1.0,0.0,0.0,100.0,19.944877,0.0,0.0,0.0,0.0,0.0,0.0,1001,0.0,0.0,0.0,1
285,block-0095,Generalization_BadParking_1006,BadParking_006,Generalization,3,30006,baseline,1,Generalization_BadParking_1006__s3__baseline,1.0,0.0,1.0,0.0,100.0,49.267571,0.0,0.0,0.0,0.0,0.0,0.0,1690,0.0,0.0,0.0,1
286,block-0095,Generalization_BadParking_1006,BadParking_006,Generalization,3,30006,current_frame,2,Generalization_BadParking_1006__s3__current_frame,0.0,0.0,0.0,0.0,100.0,87.653897,1.0,0.0,0.0,0.0,0.0,0.0,1577,0.35256816740646796,0.4115409004438808,0.05897273303741281,1
287,block-0095,Generalization_BadParking_1006,BadParking_006,Generalization,3,30006,temporal,3,Generalization_BadParking_1006__s3__temporal,1.0,0.0,1.0,0.0,100.0,50.903852,0.0,0.0,0.0,0.0,0.0,0.0,4836,0.10070306038047974,0.7659222497932175,0.11600496277915633,1
288,block-0096,Generalization_RightOfWay_1055,RightOfWay_055,Generalization,1,10055,baseline,1,Generalization_RightOfWay_1055__s1__baseline,0.0,0.0,0.0,0.0,100.0,65.958917,1.0,0.0,0.0,0.0,0.0,0.0,974,0.0,0.0,0.0,1
289,block-0096,Generalization_RightOfWay_1055,RightOfWay_055,Generalization,1,10055,temporal,2,Generalization_RightOfWay_1055__s1__temporal,0.0,0.0,0.0,0.0,100.0,67.127598,1.0,0.0,0.0,0.0,0.0,0.0,977,0.0255885363357216,0.038894575230296824,0.01330603889457523,1
290,block-0096,Generalization_RightOfWay_1055,RightOfWay_055,Generalization,1,10055,current_frame,3,Generalization_RightOfWay_1055__s1__current_frame,0.0,0.0,0.0,0.0,100.0,66.346753,1.0,0.0,0.0,0.0,0.0,0.0,992,0.0625,0.1159274193548387,0.05342741935483871,1
291,block-0097,Generalization_PedestriansOnRoad_1085,PedestriansOnRoad_085,Generalization,3,30085,current_frame,1,Generalization_PedestriansOnRoad_1085__s3__current_frame,0.0,0.0,0.0,0.0,100.0,68.615032,1.0,0.0,0.0,0.0,0.0,0.0,1466,0.0723055934515689,0.11664392905866303,0.04433833560709413,1
292,block-0097,Generalization_PedestriansOnRoad_1085,PedestriansOnRoad_085,Generalization,3,30085,baseline,2,Generalization_PedestriansOnRoad_1085__s3__baseline,0.0,0.0,0.0,0.0,100.0,41.362177,1.0,0.0,0.0,0.0,0.0,0.0,1563,0.0,0.0,0.0,1
293,block-0097,Generalization_PedestriansOnRoad_1085,PedestriansOnRoad_085,Generalization,3,30085,temporal,3,Generalization_PedestriansOnRoad_1085__s3__temporal,0.0,0.0,0.0,0.0,100.0,41.3938,1.0,0.0,0.0,0.0,0.0,0.0,1576,0.048223350253807105,0.06472081218274112,0.01649746192893401,1
294,block-0098,Generalization_PedestriansOnRoad_1086,PedestriansOnRoad_086,Generalization,2,20086,current_frame,1,Generalization_PedestriansOnRoad_1086__s2__current_frame,0.0,0.0,0.0,0.0,100.0,85.681142,1.0,0.0,0.0,0.0,0.0,0.0,1483,0.15846257585974377,0.19554956169925827,0.037086985839514496,1
295,block-0098,Generalization_PedestriansOnRoad_1086,PedestriansOnRoad_086,Generalization,2,20086,baseline,2,Generalization_PedestriansOnRoad_1086__s2__baseline,0.0,0.0,0.0,0.0,100.0,85.672954,1.0,0.0,0.0,0.0,0.0,0.0,1480,0.0,0.0,0.0,1
296,block-0098,Generalization_PedestriansOnRoad_1086,PedestriansOnRoad_086,Generalization,2,20086,temporal,3,Generalization_PedestriansOnRoad_1086__s2__temporal,0.0,0.0,0.0,0.0,100.0,87.529312,1.0,0.0,0.0,0.0,0.0,0.0,1464,0.05737704918032787,0.08265027322404371,0.025273224043715847,1
297,block-0099,Generalization_BadParking_1001,BadParking_001,Generalization,3,30001,temporal,1,Generalization_BadParking_1001__s3__temporal,1.0,0.0,1.0,0.0,100.0,8.098526,0.0,1.0,0.0,1.0,0.0,0.0,5669,0.05574175339566061,0.8699947080613865,0.8140765567119421,1
298,block-0099,Generalization_BadParking_1001,BadParking_001,Generalization,3,30001,baseline,2,Generalization_BadParking_1001__s3__baseline,1.0,0.0,1.0,1.0,60.08,9.051113,0.0,1.0,1.0,1.0,0.0,0.0,6939,0.0,0.0,0.0,1
299,block-0099,Generalization_BadParking_1001,BadParking_001,Generalization,3,30001,current_frame,3,Generalization_BadParking_1001__s3__current_frame,1.0,0.0,1.0,0.0,100.0,31.335448,0.0,0.0,0.0,0.0,0.0,0.0,1047,0.17574021012416427,0.34765998089780326,0.17191977077363896,1
300,block-0100,Base_PedestrianOtherBlocker_0074,PedestrianOtherBlocker_074,Base,3,30074,temporal,1,Base_PedestrianOtherBlocker_0074__s3__temporal,0.0,0.0,0.0,0.0,100.0,69.526165,1.0,0.0,0.0,0.0,0.0,0.0,683,0.05856515373352855,0.10248901903367497,0.043923865300146414,1
301,block-0100,Base_PedestrianOtherBlocker_0074,PedestrianOtherBlocker_074,Base,3,30074,baseline,2,Base_PedestrianOtherBlocker_0074__s3__baseline,0.0,0.0,0.0,0.0,100.0,67.095531,1.0,0.0,0.0,0.0,0.0,0.0,713,0.0,0.0,0.0,1
302,block-0100,Base_PedestrianOtherBlocker_0074,PedestrianOtherBlocker_074,Base,3,30074,current_frame,3,Base_PedestrianOtherBlocker_0074__s3__current_frame,0.0,0.0,0.0,0.0,100.0,66.527688,1.0,0.0,0.0,0.0,0.0,0.0,689,0.16690856313497823,0.2757619738751814,0.10885341074020319,1
303,block-0101,Base_PedestrianOtherBlocker_0072,PedestrianOtherBlocker_072,Base,1,10072,baseline,1,Base_PedestrianOtherBlocker_0072__s1__baseline,1.0,1.0,0.0,0.0,100.0,45.773,0.0,0.0,0.0,0.0,0.0,0.0,812,0.0,0.0,0.0,1
304,block-0101,Base_PedestrianOtherBlocker_0072,PedestrianOtherBlocker_072,Base,1,10072,current_frame,2,Base_PedestrianOtherBlocker_0072__s1__current_frame,1.0,1.0,0.0,0.0,100.0,45.4925,0.0,0.0,0.0,0.0,0.0,0.0,773,0.1371280724450194,0.24708926261319533,0.10866752910737387,1
305,block-0101,Base_PedestrianOtherBlocker_0072,PedestrianOtherBlocker_072,Base,1,10072,temporal,3,Base_PedestrianOtherBlocker_0072__s1__temporal,1.0,1.0,0.0,0.0,100.0,45.370015,0.0,0.0,0.0,0.0,0.0,0.0,777,0.06306306306306306,0.1287001287001287,0.059202059202059204,1
306,block-0102,Generalization_ObscuredStop_1047,ObscuredStop_047,Generalization,3,30047,baseline,1,Generalization_ObscuredStop_1047__s3__baseline,0.0,0.0,0.0,0.0,100.0,87.788185,1.0,0.0,0.0,0.0,0.0,0.0,1099,0.0,0.0,0.0,1
307,block-0102,Generalization_ObscuredStop_1047,ObscuredStop_047,Generalization,3,30047,temporal,2,Generalization_ObscuredStop_1047__s3__temporal,0.0,0.0,0.0,0.0,100.0,87.142575,1.0,0.0,0.0,0.0,0.0,0.0,1047,0.041069723018147083,0.05348615090735435,0.012416427889207259,1
308,block-0102,Generalization_ObscuredStop_1047,ObscuredStop_047,Generalization,3,30047,current_frame,3,Generalization_ObscuredStop_1047__s3__current_frame,0.0,0.0,0.0,0.0,100.0,86.458335,1.0,0.0,0.0,0.0,0.0,0.0,1084,0.0544280442804428,0.10608856088560886,0.05166051660516605,1
309,block-0103,Base_RightOfWay_0055,RightOfWay_055,Base,3,30055,current_frame,1,Base_RightOfWay_0055__s3__current_frame,0.0,0.0,0.0,0.0,100.0,67.121707,1.0,0.0,0.0,0.0,0.0,0.0,1024,0.05859375,0.138671875,0.080078125,1
310,block-0103,Base_RightOfWay_0055,RightOfWay_055,Base,3,30055,temporal,2,Base_RightOfWay_0055__s3__temporal,0.0,0.0,0.0,0.0,100.0,66.402345,1.0,0.0,0.0,0.0,0.0,0.0,1034,0.020309477756286266,0.03868471953578337,0.0183752417794971,1
311,block-0103,Base_RightOfWay_0055,RightOfWay_055,Base,3,30055,baseline,3,Base_RightOfWay_0055__s3__baseline,0.0,0.0,0.0,0.0,100.0,66.012614,1.0,0.0,0.0,0.0,0.0,0.0,1045,0.0,0.0,0.0,1
312,block-0104,Generalization_ImageOnObject_1044,ImageOnObject_044,Generalization,1,10044,current_frame,1,Generalization_ImageOnObject_1044__s1__current_frame,0.0,0.0,0.0,0.0,100.0,68.839769,1.0,0.0,0.0,0.0,0.0,0.0,438,0.3767123287671233,0.773972602739726,0.3972602739726027,1
313,block-0104,Generalization_ImageOnObject_1044,ImageOnObject_044,Generalization,1,10044,baseline,2,Generalization_ImageOnObject_1044__s1__baseline,0.0,0.0,0.0,0.0,100.0,67.920123,1.0,0.0,0.0,0.0,0.0,0.0,441,0.0,0.0,0.0,1
314,block-0104,Generalization_ImageOnObject_1044,ImageOnObject_044,Generalization,1,10044,temporal,3,Generalization_ImageOnObject_1044__s1__temporal,0.0,0.0,0.0,0.0,100.0,65.616838,1.0,0.0,0.0,0.0,0.0,0.0,433,0.19399538106235567,0.29330254041570436,0.09930715935334873,1
315,block-0105,Generalization_PassableObstacles_1063,PassableObstacles_063,Generalization,2,20063,temporal,1,Generalization_PassableObstacles_1063__s2__temporal,0.0,0.0,0.0,0.0,100.0,55.574863,1.0,0.0,0.0,0.0,0.0,0.0,1254,0.011961722488038277,0.02073365231259968,0.008771929824561403,1
316,block-0105,Generalization_PassableObstacles_1063,PassableObstacles_063,Generalization,2,20063,baseline,2,Generalization_PassableObstacles_1063__s2__baseline,0.0,0.0,0.0,0.0,100.0,56.916144,1.0,0.0,0.0,0.0,0.0,0.0,1231,0.0,0.0,0.0,1
317,block-0105,Generalization_PassableObstacles_1063,PassableObstacles_063,Generalization,2,20063,current_frame,3,Generalization_PassableObstacles_1063__s2__current_frame,0.0,0.0,0.0,0.0,100.0,55.286098,1.0,0.0,0.0,0.0,0.0,0.0,1263,0.04908946951702296,0.08867775138558986,0.0395882818685669,1
318,block-0106,Generalization_ObscuredStop_1046,ObscuredStop_046,Generalization,3,30046,baseline,1,Generalization_ObscuredStop_1046__s3__baseline,0.0,0.0,0.0,0.0,100.0,83.155162,1.0,0.0,0.0,0.0,0.0,0.0,743,0.0,0.0,0.0,1
319,block-0106,Generalization_ObscuredStop_1046,ObscuredStop_046,Generalization,3,30046,current_frame,2,Generalization_ObscuredStop_1046__s3__current_frame,0.0,0.0,0.0,0.0,100.0,79.382729,1.0,0.0,0.0,0.0,0.0,0.0,811,0.46609124537607893,0.5758323057953144,0.10974106041923551,1
320,block-0106,Generalization_ObscuredStop_1046,ObscuredStop_046,Generalization,3,30046,temporal,3,Generalization_ObscuredStop_1046__s3__temporal,0.0,0.0,0.0,0.0,100.0,82.225032,1.0,0.0,0.0,0.0,0.0,0.0,755,0.2900662251655629,0.3390728476821192,0.04900662251655629,1
321,block-0107,Base_PedestrianOtherBlocker_0070,PedestrianOtherBlocker_070,Base,2,20070,baseline,1,Base_PedestrianOtherBlocker_0070__s2__baseline,1.0,0.0,0.0,1.0,18.98,3.108065,0.0,0.0,0.0,0.0,1.0,0.0,5127,0.0,0.0,0.0,1
322,block-0107,Base_PedestrianOtherBlocker_0070,PedestrianOtherBlocker_070,Base,2,20070,current_frame,2,Base_PedestrianOtherBlocker_0070__s2__current_frame,1.0,0.0,1.0,1.0,27.58,0.686622,0.0,0.0,0.0,0.0,1.0,0.0,4511,0.0545333628907116,0.9346043005985369,0.8623365107514963,1
323,block-0107,Base_PedestrianOtherBlocker_0070,PedestrianOtherBlocker_070,Base,2,20070,temporal,3,Base_PedestrianOtherBlocker_0070__s2__temporal,1.0,0.0,1.0,1.0,41.98,5.399065,0.0,0.0,0.0,0.0,1.0,0.0,4166,0.05760921747479597,0.9531925108017283,0.8891022563610178,1
324,block-0108,Generalization_ObscuredStop_1047,ObscuredStop_047,Generalization,2,20047,baseline,1,Generalization_ObscuredStop_1047__s2__baseline,0.0,0.0,0.0,0.0,100.0,87.538435,1.0,0.0,0.0,0.0,0.0,0.0,1051,0.0,0.0,0.0,1
325,block-0108,Generalization_ObscuredStop_1047,ObscuredStop_047,Generalization,2,20047,current_frame,2,Generalization_ObscuredStop_1047__s2__current_frame,0.0,0.0,0.0,0.0,100.0,85.92268,1.0,0.0,0.0,0.0,0.0,0.0,1085,0.07649769585253456,0.15483870967741936,0.07834101382488479,1
326,block-0108,Generalization_ObscuredStop_1047,ObscuredStop_047,Generalization,2,20047,temporal,3,Generalization_ObscuredStop_1047__s2__temporal,0.0,0.0,0.0,0.0,100.0,85.557577,1.0,0.0,0.0,0.0,0.0,0.0,1088,0.043198529411764705,0.05974264705882353,0.016544117647058824,1
327,block-0109,Base_BadParking_0006,BadParking_006,Base,2,20006,temporal,1,Base_BadParking_0006__s2__temporal,0.0,0.0,0.0,0.0,100.0,83.88587,1.0,0.0,0.0,0.0,0.0,0.0,1718,0.2852153667054715,0.3020954598370198,0.016880093131548313,1
328,block-0109,Base_BadParking_0006,BadParking_006,Base,2,20006,baseline,2,Base_BadParking_0006__s2__baseline,0.0,0.0,0.0,0.0,100.0,86.835557,1.0,0.0,0.0,0.0,0.0,0.0,1597,0.0,0.0,0.0,1
329,block-0109,Base_BadParking_0006,BadParking_006,Base,2,20006,current_frame,3,Base_BadParking_0006__s2__current_frame,0.0,0.0,0.0,0.0,100.0,86.157983,1.0,0.0,0.0,0.0,0.0,0.0,1594,0.3230865746549561,0.4077791718946048,0.08469259723964868,1
330,block-0110,Base_ConstructionPedestrian_0014,ConstructionPedestrian_014,Base,1,10014,temporal,1,Base_ConstructionPedestrian_0014__s1__temporal,1.0,0.0,1.0,0.0,100.0,14.614051,0.0,0.0,0.0,0.0,0.0,0.0,1402,0.05135520684736091,0.10413694721825963,0.046362339514978604,1
331,block-0110,Base_ConstructionPedestrian_0014,ConstructionPedestrian_014,Base,1,10014,baseline,2,Base_ConstructionPedestrian_0014__s1__baseline,1.0,0.0,1.0,0.0,100.0,24.266824,0.0,0.0,0.0,0.0,0.0,0.0,1371,0.0,0.0,0.0,1
332,block-0110,Base_ConstructionPedestrian_0014,ConstructionPedestrian_014,Base,1,10014,current_frame,3,Base_ConstructionPedestrian_0014__s1__current_frame,1.0,0.0,1.0,0.0,100.0,23.218641,0.0,0.0,0.0,0.0,0.0,0.0,1486,0.2234185733512786,0.2550471063257066,0.03095558546433378,1
333,block-0111,Base_ConstructionPermutations_0018,ConstructionPermutations_018,Base,3,30018,current_frame,1,Base_ConstructionPermutations_0018__s3__current_frame,0.0,0.0,0.0,0.0,100.0,47.110865,1.0,0.0,0.0,0.0,0.0,0.0,1757,0.12122936824132043,0.1371656232214001,0.01593625498007968,1
334,block-0111,Base_ConstructionPermutations_0018,ConstructionPermutations_018,Base,3,30018,baseline,2,Base_ConstructionPermutations_0018__s3__baseline,0.0,0.0,0.0,0.0,100.0,46.869955,1.0,0.0,0.0,0.0,0.0,0.0,1746,0.0,0.0,0.0,1
335,block-0111,Base_ConstructionPermutations_0018,ConstructionPermutations_018,Base,3,30018,temporal,3,Base_ConstructionPermutations_0018__s3__temporal,0.0,0.0,0.0,0.0,100.0,46.56272,1.0,0.0,0.0,0.0,0.0,0.0,1751,0.11650485436893204,0.1182181610508281,0.0017133066818960593,1
336,block-0112,Generalization_ImageOnObject_1040,ImageOnObject_040,Generalization,1,10040,current_frame,1,Generalization_ImageOnObject_1040__s1__current_frame,0.0,0.0,0.0,0.0,100.0,71.719508,1.0,0.0,0.0,0.0,0.0,0.0,972,0.21707818930041153,0.31893004115226337,0.10185185185185185,1
337,block-0112,Generalization_ImageOnObject_1040,ImageOnObject_040,Generalization,1,10040,temporal,2,Generalization_ImageOnObject_1040__s1__temporal,1.0,0.0,0.0,1.0,100.0,47.942798,0.0,0.0,0.0,0.0,0.0,0.0,979,0.2686414708886619,0.41266598569969354,0.14402451481103168,1
338,block-0112,Generalization_ImageOnObject_1040,ImageOnObject_040,Generalization,1,10040,baseline,3,Generalization_ImageOnObject_1040__s1__baseline,0.0,0.0,0.0,0.0,100.0,75.328715,1.0,0.0,0.0,0.0,0.0,0.0,948,0.0,0.0,0.0,1
339,block-0113,Generalization_HardBrake_1036,HardBrake_036,Generalization,2,20036,temporal,1,Generalization_HardBrake_1036__s2__temporal,0.0,0.0,0.0,0.0,100.0,40.561354,1.0,0.0,0.0,0.0,0.0,0.0,3442,0.12608948285880303,0.15630447414294016,0.03021499128413713,1
340,block-0113,Generalization_HardBrake_1036,HardBrake_036,Generalization,2,20036,baseline,2,Generalization_HardBrake_1036__s2__baseline,0.0,0.0,0.0,0.0,100.0,40.696496,1.0,0.0,0.0,0.0,0.0,0.0,3442,0.0,0.0,0.0,1
341,block-0113,Generalization_HardBrake_1036,HardBrake_036,Generalization,2,20036,current_frame,3,Generalization_HardBrake_1036__s2__current_frame,0.0,0.0,0.0,0.0,100.0,40.510574,1.0,0.0,0.0,0.0,0.0,0.0,3460,0.041040462427745665,0.10867052023121387,0.0676300578034682,1
342,block-0114,Generalization_BadParking_1004,BadParking_004,Generalization,2,20004,baseline,1,Generalization_BadParking_1004__s2__baseline,0.0,0.0,0.0,0.0,100.0,42.338242,1.0,0.0,0.0,0.0,0.0,0.0,2082,0.0,0.0,0.0,1
343,block-0114,Generalization_BadParking_1004,BadParking_004,Generalization,2,20004,temporal,2,Generalization_BadParking_1004__s2__temporal,0.0,0.0,0.0,0.0,100.0,41.405251,1.0,0.0,0.0,0.0,0.0,0.0,2114,0.017029328287606435,0.025070955534531692,0.00804162724692526,1
344,block-0114,Generalization_BadParking_1004,BadParking_004,Generalization,2,20004,current_frame,3,Generalization_BadParking_1004__s2__current_frame,0.0,0.0,0.0,0.0,100.0,41.916912,1.0,0.0,0.0,0.0,0.0,0.0,2100,0.043333333333333335,0.07238095238095238,0.029047619047619048,1
345,block-0115,Base_PedestrianOtherBlocker_0072,PedestrianOtherBlocker_072,Base,2,20072,baseline,1,Base_PedestrianOtherBlocker_0072__s2__baseline,1.0,1.0,0.0,0.0,100.0,45.197486,0.0,0.0,0.0,0.0,0.0,0.0,754,0.0,0.0,0.0,1
346,block-0115,Base_PedestrianOtherBlocker_0072,PedestrianOtherBlocker_072,Base,2,20072,current_frame,2,Base_PedestrianOtherBlocker_0072__s2__current_frame,1.0,1.0,0.0,0.0,100.0,45.804504,0.0,0.0,0.0,0.0,0.0,0.0,783,0.16475095785440613,0.23116219667943805,0.06257982120051085,1
347,block-0115,Base_PedestrianOtherBlocker_0072,PedestrianOtherBlocker_072,Base,2,20072,temporal,3,Base_PedestrianOtherBlocker_0072__s2__temporal,0.0,0.0,0.0,0.0,100.0,91.230895,1.0,0.0,0.0,0.0,0.0,0.0,776,0.04896907216494845,0.07474226804123711,0.023195876288659795,1
348,block-0116,Base_PedestrianCrowd_0068,PedestrianCrowd_068,Base,3,30068,temporal,1,Base_PedestrianCrowd_0068__s3__temporal,0.0,0.0,0.0,0.0,100.0,89.266,1.0,0.0,0.0,0.0,0.0,0.0,480,0.11458333333333333,0.15416666666666667,0.03958333333333333,1
349,block-0116,Base_PedestrianCrowd_0068,PedestrianCrowd_068,Base,3,30068,current_frame,2,Base_PedestrianCrowd_0068__s3__current_frame,0.0,0.0,0.0,0.0,100.0,89.43697,1.0,0.0,0.0,0.0,0.0,0.0,482,0.14730290456431536,0.27385892116182575,0.12655601659751037,1
350,block-0116,Base_PedestrianCrowd_0068,PedestrianCrowd_068,Base,3,30068,baseline,3,Base_PedestrianCrowd_0068__s3__baseline,0.0,0.0,0.0,0.0,100.0,89.395,1.0,0.0,0.0,0.0,0.0,0.0,495,0.0,0.0,0.0,1
351,block-0117,Generalization_Animals_1083,Animals_083,Generalization,2,20083,temporal,1,Generalization_Animals_1083__s2__temporal,1.0,1.0,0.0,0.0,100.0,33.249983,0.0,0.0,0.0,0.0,0.0,0.0,1364,0.04032258064516129,0.06598240469208211,0.025659824046920823,1
352,block-0117,Generalization_Animals_1083,Animals_083,Generalization,2,20083,current_frame,2,Generalization_Animals_1083__s2__current_frame,1.0,1.0,0.0,0.0,100.0,31.991122,0.0,0.0,0.0,0.0,0.0,0.0,1325,0.06037735849056604,0.08754716981132075,0.027169811320754716,1
353,block-0117,Generalization_Animals_1083,Animals_083,Generalization,2,20083,baseline,3,Generalization_Animals_1083__s2__baseline,1.0,1.0,0.0,0.0,100.0,32.330757,0.0,0.0,0.0,0.0,0.0,0.0,1302,0.0,0.0,0.0,1
354,block-0118,Base_ObscuredStop_0049,ObscuredStop_049,Base,1,10049,temporal,1,Base_ObscuredStop_0049__s1__temporal,0.0,0.0,0.0,0.0,100.0,63.765155,1.0,0.0,0.0,0.0,0.0,0.0,1142,0.03940455341506129,0.05253940455341506,0.013134851138353765,1
355,block-0118,Base_ObscuredStop_0049,ObscuredStop_049,Base,1,10049,baseline,2,Base_ObscuredStop_0049__s1__baseline,0.0,0.0,0.0,0.0,100.0,63.590063,1.0,0.0,0.0,0.0,0.0,0.0,1172,0.0,0.0,0.0,1
356,block-0118,Base_ObscuredStop_0049,ObscuredStop_049,Base,1,10049,current_frame,3,Base_ObscuredStop_0049__s1__current_frame,0.0,0.0,0.0,0.0,100.0,62.373983,1.0,0.0,0.0,0.0,0.0,0.0,1187,0.06571187868576242,0.13479359730412804,0.06908171861836562,1
357,block-0119,Base_Animals_0076,Animals_076,Base,3,30076,baseline,1,Base_Animals_0076__s3__baseline,0.0,0.0,0.0,0.0,100.0,81.337286,1.0,0.0,0.0,0.0,0.0,0.0,942,0.0,0.0,0.0,1
358,block-0119,Base_Animals_0076,Animals_076,Base,3,30076,temporal,2,Base_Animals_0076__s3__temporal,0.0,0.0,0.0,0.0,100.0,85.95656,1.0,0.0,0.0,0.0,0.0,0.0,954,0.2557651991614256,0.34276729559748426,0.0870020964360587,1
359,block-0119,Base_Animals_0076,Animals_076,Base,3,30076,current_frame,3,Base_Animals_0076__s3__current_frame,0.0,0.0,0.0,0.0,100.0,91.374462,1.0,0.0,0.0,0.0,0.0,0.0,955,0.3078534031413613,0.4774869109947644,0.16963350785340314,1
360,block-0120,Base_BadParking_0003,BadParking_003,Base,2,20003,temporal,1,Base_BadParking_0003__s2__temporal,0.0,0.0,0.0,0.0,100.0,43.917378,1.0,0.0,0.0,0.0,0.0,0.0,1721,0.08251016850668216,0.09122603137710633,0.008715862870424172,1
361,block-0120,Base_BadParking_0003,BadParking_003,Base,2,20003,current_frame,2,Base_BadParking_0003__s2__current_frame,1.0,0.0,1.0,0.0,100.0,27.820983,0.0,0.0,0.0,0.0,0.0,0.0,1791,0.059743160245672805,0.07537688442211055,0.0005583472920156337,1
362,block-0120,Base_BadParking_0003,BadParking_003,Base,2,20003,baseline,3,Base_BadParking_0003__s2__baseline,0.0,0.0,0.0,0.0,100.0,47.20287,1.0,0.0,0.0,0.0,0.0,0.0,1614,0.0,0.0,0.0,1
363,block-0121,Base_OppositeConstruction_0051,OppositeConstruction_051,Base,3,30051,baseline,1,Base_OppositeConstruction_0051__s3__baseline,0.0,0.0,0.0,0.0,100.0,79.950227,1.0,0.0,0.0,0.0,0.0,0.0,1176,0.0,0.0,0.0,1
364,block-0121,Base_OppositeConstruction_0051,OppositeConstruction_051,Base,3,30051,temporal,2,Base_OppositeConstruction_0051__s3__temporal,0.0,0.0,0.0,0.0,100.0,77.738814,1.0,0.0,0.0,0.0,0.0,0.0,1209,0.014061207609594707,0.02481389578163772,0.010752688172043012,1
365,block-0121,Base_OppositeConstruction_0051,OppositeConstruction_051,Base,3,30051,current_frame,3,Base_OppositeConstruction_0051__s3__current_frame,0.0,0.0,0.0,0.0,100.0,79.009415,1.0,0.0,0.0,0.0,0.0,0.0,1182,0.021150592216582064,0.06683587140439932,0.04568527918781726,1
366,block-0122,Base_Wall_0096,Wall_096,Base,3,30096,current_frame,1,Base_Wall_0096__s3__current_frame,0.0,0.0,0.0,0.0,100.0,45.27917,1.0,0.0,0.0,0.0,0.0,0.0,1162,0.010327022375215147,0.06282271944922548,0.05249569707401033,1
367,block-0122,Base_Wall_0096,Wall_096,Base,3,30096,baseline,2,Base_Wall_0096__s3__baseline,0.0,0.0,0.0,0.0,100.0,45.244402,1.0,0.0,0.0,0.0,0.0,0.0,1184,0.0,0.0,0.0,1
368,block-0122,Base_Wall_0096,Wall_096,Base,3,30096,temporal,3,Base_Wall_0096__s3__temporal,0.0,0.0,0.0,0.0,100.0,45.165038,1.0,0.0,0.0,0.0,0.0,0.0,1163,0.16337059329320722,0.20808254514187446,0.04471195184866724,1
369,block-0123,Base_PedestriansOnRoad_0086,PedestriansOnRoad_086,Base,2,20086,temporal,1,Base_PedestriansOnRoad_0086__s2__temporal,0.0,0.0,0.0,0.0,100.0,78.913219,1.0,0.0,0.0,0.0,0.0,0.0,1347,0.012620638455827766,0.0200445434298441,0.007423904974016332,1
370,block-0123,Base_PedestriansOnRoad_0086,PedestriansOnRoad_086,Base,2,20086,current_frame,2,Base_PedestriansOnRoad_0086__s2__current_frame,0.0,0.0,0.0,0.0,100.0,78.956033,1.0,0.0,0.0,0.0,0.0,0.0,1357,0.018422991893883568,0.05379513633014001,0.03537214443625645,1
371,block-0123,Base_PedestriansOnRoad_0086,PedestriansOnRoad_086,Base,2,20086,baseline,3,Base_PedestriansOnRoad_0086__s2__baseline,0.0,0.0,0.0,0.0,100.0,78.896127,1.0,0.0,0.0,0.0,0.0,0.0,1350,0.0,0.0,0.0,1
372,block-0124,Base_FullyBlocked_0032,FullyBlocked_032,Base,1,10032,temporal,1,Base_FullyBlocked_0032__s1__temporal,0.0,0.0,0.0,0.0,100.0,40.98965,1.0,0.0,0.0,0.0,0.0,0.0,1998,0.13263263263263264,0.14564564564564564,0.013013013013013013,1
373,block-0124,Base_FullyBlocked_0032,FullyBlocked_032,Base,1,10032,current_frame,2,Base_FullyBlocked_0032__s1__current_frame,0.0,0.0,0.0,0.0,100.0,48.40615,1.0,0.0,0.0,0.0,0.0,0.0,2041,0.05291523762861342,0.08770210681038706,0.03478686918177364,1
374,block-0124,Base_FullyBlocked_0032,FullyBlocked_032,Base,1,10032,baseline,3,Base_FullyBlocked_0032__s1__baseline,0.0,0.0,0.0,0.0,100.0,40.575108,1.0,0.0,0.0,0.0,0.0,0.0,2026,0.0,0.0,0.0,1
375,block-0125,Base_PedestriansOnRoad_0086,PedestriansOnRoad_086,Base,3,30086,temporal,1,Base_PedestriansOnRoad_0086__s3__temporal,0.0,0.0,0.0,0.0,100.0,75.163975,1.0,0.0,0.0,0.0,0.0,0.0,1502,0.017976031957390146,0.02729693741677763,0.009320905459387484,1
376,block-0125,Base_PedestriansOnRoad_0086,PedestriansOnRoad_086,Base,3,30086,current_frame,2,Base_PedestriansOnRoad_0086__s3__current_frame,0.0,0.0,0.0,0.0,100.0,75.591693,1.0,0.0,0.0,0.0,0.0,0.0,1449,0.025534851621808144,0.0738440303657695,0.04830917874396135,1
377,block-0125,Base_PedestriansOnRoad_0086,PedestriansOnRoad_086,Base,3,30086,baseline,3,Base_PedestriansOnRoad_0086__s3__baseline,0.0,0.0,0.0,0.0,100.0,74.758869,1.0,0.0,0.0,0.0,0.0,0.0,1434,0.0,0.0,0.0,1
378,block-0126,Generalization_PedestrianOtherBlocker_1071,PedestrianOtherBlocker_071,Generalization,1,10071,baseline,1,Generalization_PedestrianOtherBlocker_1071__s1__baseline,1.0,1.0,0.0,0.0,100.0,35.947856,0.0,0.0,0.0,0.0,0.0,0.0,1166,0.0,0.0,0.0,1
379,block-0126,Generalization_PedestrianOtherBlocker_1071,PedestrianOtherBlocker_071,Generalization,1,10071,temporal,2,Generalization_PedestrianOtherBlocker_1071__s1__temporal,1.0,1.0,0.0,0.0,100.0,35.906432,0.0,0.0,0.0,0.0,0.0,0.0,1151,0.03214596003475239,0.06255430060816682,0.030408340573414423,1
380,block-0126,Generalization_PedestrianOtherBlocker_1071,PedestrianOtherBlocker_071,Generalization,1,10071,current_frame,3,Generalization_PedestrianOtherBlocker_1071__s1__current_frame,0.0,0.0,0.0,0.0,100.0,70.318315,1.0,0.0,0.0,0.0,0.0,0.0,1218,0.019704433497536946,0.11330049261083744,0.09359605911330049,1
381,block-0127,Base_Wall_0095,Wall_095,Base,3,30095,temporal,1,Base_Wall_0095__s3__temporal,0.0,0.0,0.0,0.0,100.0,74.706887,1.0,0.0,0.0,0.0,0.0,0.0,833,0.055222088835534214,0.09003601440576231,0.03481392557022809,1
382,block-0127,Base_Wall_0095,Wall_095,Base,3,30095,current_frame,2,Base_Wall_0095__s3__current_frame,0.0,0.0,0.0,0.0,100.0,80.029346,1.0,0.0,0.0,0.0,0.0,0.0,783,0.08939974457215837,0.23499361430395913,0.14559386973180077,1
383,block-0127,Base_Wall_0095,Wall_095,Base,3,30095,baseline,3,Base_Wall_0095__s3__baseline,0.0,0.0,0.0,0.0,100.0,76.360353,1.0,0.0,0.0,0.0,0.0,0.0,819,0.0,0.0,0.0,1
384,block-0128,Base_ConstructionPermutations_0017,ConstructionPermutations_017,Base,2,20017,baseline,1,Base_ConstructionPermutations_0017__s2__baseline,0.0,0.0,0.0,0.0,100.0,46.725323,1.0,0.0,0.0,0.0,0.0,0.0,1739,0.0,0.0,0.0,1
385,block-0128,Base_ConstructionPermutations_0017,ConstructionPermutations_017,Base,2,20017,temporal,2,Base_ConstructionPermutations_0017__s2__temporal,0.0,0.0,0.0,0.0,100.0,47.067094,1.0,0.0,0.0,0.0,0.0,0.0,1689,0.09117821195973949,0.10183540556542332,0.010657193605683837,1
386,block-0128,Base_ConstructionPermutations_0017,ConstructionPermutations_017,Base,2,20017,current_frame,3,Base_ConstructionPermutations_0017__s2__current_frame,0.0,0.0,0.0,0.0,100.0,47.679753,1.0,0.0,0.0,0.0,0.0,0.0,1747,0.09730967372638809,0.13108185460789926,0.03319977103606182,1
387,block-0129,Generalization_FullyBlocked_1032,FullyBlocked_032,Generalization,1,10032,baseline,1,Generalization_FullyBlocked_1032__s1__baseline,1.0,0.0,1.0,0.0,100.0,28.878677,0.0,0.0,0.0,0.0,0.0,0.0,2648,0.0,0.0,0.0,1
388,block-0129,Generalization_FullyBlocked_1032,FullyBlocked_032,Generalization,1,10032,current_frame,2,Generalization_FullyBlocked_1032__s1__current_frame,1.0,0.0,1.0,0.0,100.0,28.519766,0.0,0.0,0.0,0.0,0.0,0.0,2642,0.02498107494322483,0.34216502649507946,0.31642694928084786,1
389,block-0129,Generalization_FullyBlocked_1032,FullyBlocked_032,Generalization,1,10032,temporal,3,Generalization_FullyBlocked_1032__s1__temporal,1.0,0.0,1.0,0.0,100.0,41.21801,0.0,0.0,0.0,0.0,0.0,0.0,2623,0.07853602744948532,0.34388105223027066,0.26420129622569577,1
390,block-0130,Generalization_BadParking_1009,BadParking_009,Generalization,2,20009,current_frame,1,Generalization_BadParking_1009__s2__current_frame,0.0,0.0,0.0,0.0,100.0,91.934437,1.0,0.0,0.0,0.0,0.0,0.0,1188,0.13804713804713806,0.3047138047138047,0.16161616161616163,1
391,block-0130,Generalization_BadParking_1009,BadParking_009,Generalization,2,20009,temporal,2,Generalization_BadParking_1009__s2__temporal,1.0,0.0,1.0,0.0,100.0,55.077697,0.0,0.0,0.0,0.0,0.0,0.0,1162,0.16092943201376936,0.2882960413080895,0.09982788296041308,1
392,block-0130,Generalization_BadParking_1009,BadParking_009,Generalization,2,20009,baseline,3,Generalization_BadParking_1009__s2__baseline,1.0,0.0,1.0,0.0,100.0,32.975017,0.0,0.0,0.0,0.0,0.0,0.0,1256,0.0,0.0,0.0,1
393,block-0131,Generalization_ConstructionPermutations_1016,ConstructionPermutations_016,Generalization,2,20016,temporal,1,Generalization_ConstructionPermutations_1016__s2__temporal,0.0,0.0,0.0,0.0,36.18,18.996618,0.0,1.0,1.0,1.0,0.0,0.0,7069,0.015702362427500352,0.9483661055311925,0.03635592021502334,1
394,block-0131,Generalization_ConstructionPermutations_1016,ConstructionPermutations_016,Generalization,2,20016,baseline,2,Generalization_ConstructionPermutations_1016__s2__baseline,0.0,0.0,0.0,0.0,35.2,17.512893,0.0,1.0,1.0,1.0,0.0,0.0,7040,0.0,0.0,0.0,1
395,block-0131,Generalization_ConstructionPermutations_1016,ConstructionPermutations_016,Generalization,2,20016,current_frame,3,Generalization_ConstructionPermutations_1016__s2__current_frame,1.0,0.0,1.0,0.0,100.0,24.426712,0.0,1.0,0.0,1.0,0.0,0.0,5688,0.06065400843881857,0.865857946554149,0.6717651195499297,1
396,block-0132,Generalization_Animals_1080,Animals_080,Generalization,3,30080,baseline,1,Generalization_Animals_1080__s3__baseline,1.0,1.0,0.0,0.0,100.0,20.109032,0.0,0.0,0.0,0.0,0.0,0.0,1076,0.0,0.0,0.0,1
397,block-0132,Generalization_Animals_1080,Animals_080,Generalization,3,30080,current_frame,2,Generalization_Animals_1080__s3__current_frame,1.0,1.0,0.0,0.0,100.0,20.482505,0.0,0.0,0.0,0.0,0.0,0.0,1055,0.25876777251184835,0.3744075829383886,0.11563981042654028,1
398,block-0132,Generalization_Animals_1080,Animals_080,Generalization,3,30080,temporal,3,Generalization_Animals_1080__s3__temporal,1.0,1.0,1.0,0.0,100.0,7.206322,0.0,0.0,0.0,0.0,0.0,0.0,5225,0.03330143540669857,0.8530143540669857,0.8185645933014354,1
399,block-0133,Generalization_Animals_1082,Animals_082,Generalization,1,10082,baseline,1,Generalization_Animals_1082__s1__baseline,1.0,1.0,0.0,0.0,100.0,36.966079,0.0,0.0,0.0,0.0,0.0,0.0,755,0.0,0.0,0.0,1
400,block-0133,Generalization_Animals_1082,Animals_082,Generalization,1,10082,current_frame,2,Generalization_Animals_1082__s1__current_frame,1.0,1.0,0.0,0.0,100.0,37.372531,0.0,0.0,0.0,0.0,0.0,0.0,726,0.3002754820936639,0.3746556473829201,0.0743801652892562,1
401,block-0133,Generalization_Animals_1082,Animals_082,Generalization,1,10082,temporal,3,Generalization_Animals_1082__s1__temporal,1.0,1.0,0.0,0.0,100.0,37.114443,0.0,0.0,0.0,0.0,0.0,0.0,731,0.23666210670314639,0.31326949384404923,0.07523939808481532,1
402,block-0134,Base_ConstructionPedestrian_0013,ConstructionPedestrian_013,Base,1,10013,baseline,1,Base_ConstructionPedestrian_0013__s1__baseline,1.0,0.0,1.0,0.0,63.72,1.817044,0.0,1.0,1.0,1.0,0.0,0.0,7488,0.0,0.0,0.0,1
403,block-0134,Base_ConstructionPedestrian_0013,ConstructionPedestrian_013,Base,1,10013,temporal,2,Base_ConstructionPedestrian_0013__s1__temporal,0.0,0.0,0.0,0.0,50.6,22.03373,0.0,1.0,1.0,1.0,0.0,0.0,7182,0.015037593984962405,0.8716235032024505,0.821776663881927,1
404,block-0134,Base_ConstructionPedestrian_0013,ConstructionPedestrian_013,Base,1,10013,current_frame,3,Base_ConstructionPedestrian_0013__s1__current_frame,1.0,0.0,0.0,1.0,100.0,3.912141,0.0,0.0,0.0,0.0,0.0,0.0,5095,0.03591756624141315,0.7579980372914622,0.722080471050049,1
405,block-0135,Base_PedestriansOnRoad_0088,PedestriansOnRoad_088,Base,1,10088,current_frame,1,Base_PedestriansOnRoad_0088__s1__current_frame,0.0,0.0,0.0,0.0,100.0,75.957834,1.0,0.0,0.0,0.0,0.0,0.0,842,0.11995249406175772,0.22921615201900236,0.10926365795724466,1
406,block-0135,Base_PedestriansOnRoad_0088,PedestriansOnRoad_088,Base,1,10088,baseline,2,Base_PedestriansOnRoad_0088__s1__baseline,0.0,0.0,0.0,0.0,100.0,76.099559,1.0,0.0,0.0,0.0,0.0,0.0,844,0.0,0.0,0.0,1
407,block-0135,Base_PedestriansOnRoad_0088,PedestriansOnRoad_088,Base,1,10088,temporal,3,Base_PedestriansOnRoad_0088__s1__temporal,0.0,0.0,0.0,0.0,100.0,76.02075,1.0,0.0,0.0,0.0,0.0,0.0,845,0.047337278106508875,0.05798816568047337,0.010650887573964497,1
408,block-0136,Generalization_PedestriansOnRoad_1089,PedestriansOnRoad_089,Generalization,1,10089,current_frame,1,Generalization_PedestriansOnRoad_1089__s1__current_frame,0.0,0.0,0.0,0.0,100.0,67.805124,1.0,0.0,0.0,0.0,0.0,0.0,1669,0.2648292390653086,0.341521869382864,0.07669263031755542,1
409,block-0136,Generalization_PedestriansOnRoad_1089,PedestriansOnRoad_089,Generalization,1,10089,temporal,2,Generalization_PedestriansOnRoad_1089__s1__temporal,0.0,0.0,0.0,0.0,100.0,67.808709,1.0,0.0,0.0,0.0,0.0,0.0,1658,0.2822677925211098,0.35042219541616404,0.06815440289505428,1
410,block-0136,Generalization_PedestriansOnRoad_1089,PedestriansOnRoad_089,Generalization,1,10089,baseline,3,Generalization_PedestriansOnRoad_1089__s1__baseline,0.0,0.0,0.0,0.0,100.0,67.901062,1.0,0.0,0.0,0.0,0.0,0.0,1678,0.0,0.0,0.0,1
411,block-0137,Base_FullyBlocked_0033,FullyBlocked_033,Base,1,10033,current_frame,1,Base_FullyBlocked_0033__s1__current_frame,0.0,0.0,0.0,0.0,100.0,91.685229,1.0,0.0,0.0,0.0,0.0,0.0,980,0.2336734693877551,0.36020408163265305,0.12653061224489795,1
412,block-0137,Base_FullyBlocked_0033,FullyBlocked_033,Base,1,10033,baseline,2,Base_FullyBlocked_0033__s1__baseline,0.0,0.0,0.0,0.0,100.0,92.106815,1.0,0.0,0.0,0.0,0.0,0.0,965,0.0,0.0,0.0,1
413,block-0137,Base_FullyBlocked_0033,FullyBlocked_033,Base,1,10033,temporal,3,Base_FullyBlocked_0033__s1__temporal,0.0,0.0,0.0,0.0,100.0,92.230732,1.0,0.0,0.0,0.0,0.0,0.0,967,0.2047569803516029,0.2595656670113754,0.05480868665977249,1
414,block-0138,Base_PedestrianOtherBlocker_0073,PedestrianOtherBlocker_073,Base,3,30073,current_frame,1,Base_PedestrianOtherBlocker_0073__s3__current_frame,0.0,0.0,0.0,0.0,100.0,68.208908,1.0,0.0,0.0,0.0,0.0,0.0,1127,0.03904170363797693,0.12244897959183673,0.0834072759538598,1
415,block-0138,Base_PedestrianOtherBlocker_0073,PedestrianOtherBlocker_073,Base,3,30073,temporal,2,Base_PedestrianOtherBlocker_0073__s3__temporal,1.0,1.0,0.0,0.0,100.0,31.492035,0.0,0.0,0.0,0.0,0.0,0.0,1208,0.34188741721854304,0.3791390728476821,0.03642384105960265,1
416,block-0138,Base_PedestrianOtherBlocker_0073,PedestrianOtherBlocker_073,Base,3,30073,baseline,3,Base_PedestrianOtherBlocker_0073__s3__baseline,0.0,0.0,0.0,0.0,100.0,67.644439,1.0,0.0,0.0,0.0,0.0,0.0,1149,0.0,0.0,0.0,1
417,block-0139,Generalization_RightOfWay_1059,RightOfWay_059,Generalization,2,20059,baseline,1,Generalization_RightOfWay_1059__s2__baseline,0.0,0.0,0.0,0.0,100.0,90.769661,1.0,0.0,0.0,0.0,0.0,0.0,1248,0.0,0.0,0.0,1
418,block-0139,Generalization_RightOfWay_1059,RightOfWay_059,Generalization,2,20059,current_frame,2,Generalization_RightOfWay_1059__s2__current_frame,1.0,0.0,1.0,0.0,100.0,48.800944,0.0,0.0,0.0,0.0,0.0,0.0,1254,0.16586921850079744,0.21451355661881977,0.045454545454545456,1
419,block-0139,Generalization_RightOfWay_1059,RightOfWay_059,Generalization,2,20059,temporal,3,Generalization_RightOfWay_1059__s2__temporal,0.0,0.0,0.0,0.0,100.0,85.79043,1.0,0.0,0.0,0.0,0.0,0.0,1338,0.06801195814648729,0.07473841554559044,0.006726457399103139,1
420,block-0140,Generalization_CustomObstacles_1029,CustomObstacles_029,Generalization,1,10029,temporal,1,Generalization_CustomObstacles_1029__s1__temporal,1.0,0.0,1.0,1.0,100.0,10.058819,0.0,1.0,0.0,1.0,0.0,0.0,6152,0.022431729518855657,0.7530884265279584,0.14271781534460337,1
421,block-0140,Generalization_CustomObstacles_1029,CustomObstacles_029,Generalization,1,10029,current_frame,2,Generalization_CustomObstacles_1029__s1__current_frame,1.0,0.0,1.0,1.0,100.0,22.97097,0.0,0.0,0.0,0.0,0.0,0.0,2421,0.06484923585295332,0.3630731102850062,0.2982238744320529,1
422,block-0140,Generalization_CustomObstacles_1029,CustomObstacles_029,Generalization,1,10029,baseline,3,Generalization_CustomObstacles_1029__s1__baseline,1.0,0.0,1.0,1.0,100.0,23.037196,0.0,0.0,0.0,0.0,0.0,0.0,2437,0.0,0.0,0.0,1
423,block-0141,Generalization_HardBrake_1036,HardBrake_036,Generalization,1,10036,temporal,1,Generalization_HardBrake_1036__s1__temporal,0.0,0.0,0.0,0.0,100.0,40.562582,1.0,0.0,0.0,0.0,0.0,0.0,3414,0.13942589338019917,0.14528412419449327,0.005858230814294083,1
424,block-0141,Generalization_HardBrake_1036,HardBrake_036,Generalization,1,10036,current_frame,2,Generalization_HardBrake_1036__s1__current_frame,0.0,0.0,0.0,0.0,100.0,41.14921,1.0,0.0,0.0,0.0,0.0,0.0,3362,0.046698393813206424,0.11302795954788816,0.06632956573468174,1
425,block-0141,Generalization_HardBrake_1036,HardBrake_036,Generalization,1,10036,baseline,3,Generalization_HardBrake_1036__s1__baseline,1.0,0.0,1.0,0.0,100.0,24.176018,0.0,0.0,0.0,0.0,0.0,0.0,3510,0.0,0.0,0.0,1
426,block-0142,Base_ObscuredStop_0049,ObscuredStop_049,Base,2,20049,temporal,1,Base_ObscuredStop_0049__s2__temporal,0.0,0.0,0.0,0.0,100.0,62.909855,1.0,0.0,0.0,0.0,0.0,0.0,1148,0.050522648083623695,0.06358885017421603,0.013066202090592335,1
427,block-0142,Base_ObscuredStop_0049,ObscuredStop_049,Base,2,20049,baseline,2,Base_ObscuredStop_0049__s2__baseline,0.0,0.0,0.0,0.0,100.0,63.716172,1.0,0.0,0.0,0.0,0.0,0.0,1115,0.0,0.0,0.0,1
428,block-0142,Base_ObscuredStop_0049,ObscuredStop_049,Base,2,20049,current_frame,3,Base_ObscuredStop_0049__s2__current_frame,0.0,0.0,0.0,0.0,100.0,61.352005,1.0,0.0,0.0,0.0,0.0,0.0,1239,0.07021791767554479,0.13640032284100082,0.06618240516545601,1
429,block-0143,Base_ImageOnObject_0044,ImageOnObject_044,Base,3,30044,baseline,1,Base_ImageOnObject_0044__s3__baseline,0.0,0.0,0.0,0.0,100.0,66.241892,1.0,0.0,0.0,0.0,0.0,0.0,425,0.0,0.0,0.0,1
430,block-0143,Base_ImageOnObject_0044,ImageOnObject_044,Base,3,30044,temporal,2,Base_ImageOnObject_0044__s3__temporal,0.0,0.0,0.0,0.0,100.0,69.379258,1.0,0.0,0.0,0.0,0.0,0.0,421,0.07600950118764846,0.1828978622327791,0.10688836104513064,1
431,block-0143,Base_ImageOnObject_0044,ImageOnObject_044,Base,3,30044,current_frame,3,Base_ImageOnObject_0044__s3__current_frame,0.0,0.0,0.0,0.0,100.0,64.673646,1.0,0.0,0.0,0.0,0.0,0.0,426,0.24178403755868544,0.5140845070422535,0.27230046948356806,1
432,block-0144,Base_ObscuredStop_0047,ObscuredStop_047,Base,2,20047,current_frame,1,Base_ObscuredStop_0047__s2__current_frame,0.0,0.0,0.0,0.0,100.0,84.510567,1.0,0.0,0.0,0.0,0.0,0.0,1098,0.0610200364298725,0.13752276867030966,0.07650273224043716,1
433,block-0144,Base_ObscuredStop_0047,ObscuredStop_047,Base,2,20047,baseline,2,Base_ObscuredStop_0047__s2__baseline,0.0,0.0,0.0,0.0,100.0,88.645913,1.0,0.0,0.0,0.0,0.0,0.0,1035,0.0,0.0,0.0,1
434,block-0144,Base_ObscuredStop_0047,ObscuredStop_047,Base,2,20047,temporal,3,Base_ObscuredStop_0047__s2__temporal,0.0,0.0,0.0,0.0,100.0,86.370602,1.0,0.0,0.0,0.0,0.0,0.0,1060,0.04433962264150943,0.059433962264150944,0.01509433962264151,1
435,block-0145,Base_ObscuredStop_0047,ObscuredStop_047,Base,3,30047,baseline,1,Base_ObscuredStop_0047__s3__baseline,0.0,0.0,0.0,0.0,100.0,87.260599,1.0,0.0,0.0,0.0,0.0,0.0,1137,0.0,0.0,0.0,1
436,block-0145,Base_ObscuredStop_0047,ObscuredStop_047,Base,3,30047,current_frame,2,Base_ObscuredStop_0047__s3__current_frame,0.0,0.0,0.0,0.0,100.0,85.063405,1.0,0.0,0.0,0.0,0.0,0.0,1113,0.0664869721473495,0.1105121293800539,0.0440251572327044,1
437,block-0145,Base_ObscuredStop_0047,ObscuredStop_047,Base,3,30047,temporal,3,Base_ObscuredStop_0047__s3__temporal,0.0,0.0,0.0,0.0,100.0,88.73901,1.0,0.0,0.0,0.0,0.0,0.0,1053,0.042735042735042736,0.05698005698005698,0.014245014245014245,1
438,block-0146,Generalization_PedestriansOnRoad_1087,PedestriansOnRoad_087,Generalization,3,30087,baseline,1,Generalization_PedestriansOnRoad_1087__s3__baseline,0.0,0.0,0.0,0.0,100.0,66.748133,1.0,0.0,0.0,0.0,0.0,0.0,1450,0.0,0.0,0.0,1
439,block-0146,Generalization_PedestriansOnRoad_1087,PedestriansOnRoad_087,Generalization,3,30087,temporal,2,Generalization_PedestriansOnRoad_1087__s3__temporal,0.0,0.0,0.0,0.0,100.0,66.267184,1.0,0.0,0.0,0.0,0.0,0.0,1469,0.12321307011572498,0.16950306330837303,0.04628999319264806,1
440,block-0146,Generalization_PedestriansOnRoad_1087,PedestriansOnRoad_087,Generalization,3,30087,current_frame,3,Generalization_PedestriansOnRoad_1087__s3__current_frame,0.0,0.0,0.0,0.0,100.0,68.538678,1.0,0.0,0.0,0.0,0.0,0.0,1431,0.15373864430468204,0.2124388539482879,0.05870020964360587,1
441,block-0147,Generalization_HardBrake_1035,HardBrake_035,Generalization,2,20035,temporal,1,Generalization_HardBrake_1035__s2__temporal,0.0,0.0,0.0,0.0,100.0,38.712781,1.0,0.0,0.0,0.0,0.0,0.0,2806,0.0684248039914469,0.06878118317890235,0.0003563791874554526,1
442,block-0147,Generalization_HardBrake_1035,HardBrake_035,Generalization,2,20035,current_frame,2,Generalization_HardBrake_1035__s2__current_frame,0.0,0.0,0.0,0.0,100.0,39.81472,1.0,0.0,0.0,0.0,0.0,0.0,2701,0.06886338393187708,0.09366901147723065,0.02480562754535357,1
443,block-0147,Generalization_HardBrake_1035,HardBrake_035,Generalization,2,20035,baseline,3,Generalization_HardBrake_1035__s2__baseline,0.0,0.0,0.0,0.0,100.0,39.859233,1.0,0.0,0.0,0.0,0.0,0.0,2688,0.0,0.0,0.0,1
444,block-0148,Generalization_RightConstruction_1090,RightConstruction_090,Generalization,3,30090,temporal,1,Generalization_RightConstruction_1090__s3__temporal,1.0,0.0,0.0,1.0,15.37,1.989265,0.0,0.0,0.0,0.0,1.0,0.0,4239,0.008964378391129983,0.01132342533616419,0.0023590469450342063,1
445,block-0148,Generalization_RightConstruction_1090,RightConstruction_090,Generalization,3,30090,baseline,2,Generalization_RightConstruction_1090__s3__baseline,1.0,0.0,0.0,1.0,32.37,2.968982,0.0,1.0,1.0,1.0,0.0,0.0,6698,0.0,0.0,0.0,1
446,block-0148,Generalization_RightConstruction_1090,RightConstruction_090,Generalization,3,30090,current_frame,3,Generalization_RightConstruction_1090__s3__current_frame,1.0,0.0,0.0,1.0,7.71,1.978347,0.0,0.0,0.0,0.0,1.0,0.0,3756,0.24680511182108625,0.24973375931842384,0.0029286474973375934,1
447,block-0149,Generalization_RightConstruction_1090,RightConstruction_090,Generalization,1,10090,temporal,1,Generalization_RightConstruction_1090__s1__temporal,0.0,0.0,0.0,0.0,100.0,60.750482,1.0,0.0,0.0,0.0,0.0,0.0,1720,0.1680232558139535,0.19069767441860466,0.022674418604651164,1
448,block-0149,Generalization_RightConstruction_1090,RightConstruction_090,Generalization,1,10090,current_frame,2,Generalization_RightConstruction_1090__s1__current_frame,1.0,0.0,0.0,1.0,8.71,2.411684,0.0,0.0,0.0,0.0,1.0,0.0,3750,0.07733333333333334,0.0824,0.005066666666666666,1
449,block-0149,Generalization_RightConstruction_1090,RightConstruction_090,Generalization,1,10090,baseline,3,Generalization_RightConstruction_1090__s1__baseline,1.0,0.0,0.0,1.0,34.37,7.919313,0.0,1.0,1.0,1.0,0.0,0.0,6741,0.0,0.0,0.0,1
450,block-0150,Base_PedestriansOnRoad_0085,PedestriansOnRoad_085,Base,3,30085,current_frame,1,Base_PedestriansOnRoad_0085__s3__current_frame,0.0,0.0,0.0,0.0,100.0,40.636494,1.0,0.0,0.0,0.0,0.0,0.0,1570,0.006369426751592357,0.04777070063694268,0.041401273885350316,1
451,block-0150,Base_PedestriansOnRoad_0085,PedestriansOnRoad_085,Base,3,30085,temporal,2,Base_PedestriansOnRoad_0085__s3__temporal,0.0,0.0,0.0,0.0,100.0,40.856187,1.0,0.0,0.0,0.0,0.0,0.0,1571,0.0038192234245703373,0.014003819223424571,0.010184595798854232,1
452,block-0150,Base_PedestriansOnRoad_0085,PedestriansOnRoad_085,Base,3,30085,baseline,3,Base_PedestriansOnRoad_0085__s3__baseline,0.0,0.0,0.0,0.0,100.0,40.069487,1.0,0.0,0.0,0.0,0.0,0.0,1613,0.0,0.0,0.0,1
453,block-0151,Generalization_PedestriansOnRoad_1087,PedestriansOnRoad_087,Generalization,1,10087,current_frame,1,Generalization_PedestriansOnRoad_1087__s1__current_frame,1.0,0.0,1.0,0.0,14.89,1.18805,0.0,1.0,1.0,0.0,0.0,0.0,6465,0.07517401392111368,0.9953596287703016,0.8578499613302397,1
454,block-0151,Generalization_PedestriansOnRoad_1087,PedestriansOnRoad_087,Generalization,1,10087,baseline,2,Generalization_PedestriansOnRoad_1087__s1__baseline,0.0,0.0,0.0,0.0,100.0,71.285982,1.0,0.0,0.0,0.0,0.0,0.0,1431,0.0,0.0,0.0,1
455,block-0151,Generalization_PedestriansOnRoad_1087,PedestriansOnRoad_087,Generalization,1,10087,temporal,3,Generalization_PedestriansOnRoad_1087__s1__temporal,0.0,0.0,0.0,0.0,100.0,70.523352,1.0,0.0,0.0,0.0,0.0,0.0,1399,0.10293066476054324,0.15153681200857755,0.04860614724803431,1
456,block-0152,Base_BadParking_0008,BadParking_008,Base,3,30008,temporal,1,Base_BadParking_0008__s3__temporal,0.0,0.0,0.0,0.0,100.0,95.234816,1.0,0.0,0.0,0.0,0.0,0.0,770,0.12727272727272726,0.22077922077922077,0.09350649350649351,1
457,block-0152,Base_BadParking_0008,BadParking_008,Base,3,30008,current_frame,2,Base_BadParking_0008__s3__current_frame,0.0,0.0,0.0,0.0,100.0,94.24946,1.0,0.0,0.0,0.0,0.0,0.0,777,0.14543114543114544,0.2471042471042471,0.10167310167310167,1
458,block-0152,Base_BadParking_0008,BadParking_008,Base,3,30008,baseline,3,Base_BadParking_0008__s3__baseline,1.0,0.0,1.0,0.0,100.0,56.5926,0.0,0.0,0.0,0.0,0.0,0.0,773,0.0,0.0,0.0,1
459,block-0153,Generalization_ConstructionPermutations_1018,ConstructionPermutations_018,Generalization,1,10018,current_frame,1,Generalization_ConstructionPermutations_1018__s1__current_frame,1.0,0.0,1.0,0.0,100.0,30.131938,0.0,0.0,0.0,0.0,0.0,0.0,1769,0.08366308648954211,0.08818541548897682,0.0045223289994347085,1
460,block-0153,Generalization_ConstructionPermutations_1018,ConstructionPermutations_018,Generalization,1,10018,baseline,2,Generalization_ConstructionPermutations_1018__s1__baseline,1.0,0.0,1.0,0.0,100.0,28.961299,0.0,0.0,0.0,0.0,0.0,0.0,1675,0.0,0.0,0.0,1
461,block-0153,Generalization_ConstructionPermutations_1018,ConstructionPermutations_018,Generalization,1,10018,temporal,3,Generalization_ConstructionPermutations_1018__s1__temporal,0.0,0.0,0.0,0.0,100.0,51.357943,1.0,0.0,0.0,0.0,0.0,0.0,1738,0.07192174913693901,0.0759493670886076,0.004027617951668585,1
462,block-0154,Generalization_ConstructionPedestrian_1011,ConstructionPedestrian_011,Generalization,1,10011,temporal,1,Generalization_ConstructionPedestrian_1011__s1__temporal,1.0,0.0,0.0,1.0,55.68,18.34856,0.0,1.0,1.0,1.0,0.0,0.0,7467,0.08356769787063077,0.7780902638275077,0.596357305477434,1
463,block-0154,Generalization_ConstructionPedestrian_1011,ConstructionPedestrian_011,Generalization,1,10011,current_frame,2,Generalization_ConstructionPedestrian_1011__s1__current_frame,1.0,0.0,1.0,1.0,100.0,5.747736,0.0,1.0,0.0,1.0,0.0,0.0,6087,0.057499589288647936,0.7046163955971743,0.3146048956793166,1
464,block-0154,Generalization_ConstructionPedestrian_1011,ConstructionPedestrian_011,Generalization,1,10011,baseline,3,Generalization_ConstructionPedestrian_1011__s1__baseline,1.0,0.0,1.0,1.0,100.0,3.627478,0.0,1.0,0.0,1.0,0.0,0.0,6233,0.0,0.0,0.0,1
465,block-0155,Base_Wall_0097,Wall_097,Base,2,20097,current_frame,1,Base_Wall_0097__s2__current_frame,0.0,0.0,0.0,0.0,100.0,82.596879,1.0,0.0,0.0,0.0,0.0,0.0,939,0.11608093716719915,0.2321618743343983,0.11608093716719915,1
466,block-0155,Base_Wall_0097,Wall_097,Base,2,20097,temporal,2,Base_Wall_0097__s2__temporal,0.0,0.0,0.0,0.0,100.0,84.361044,1.0,0.0,0.0,0.0,0.0,0.0,907,0.16538037486218302,0.185226019845645,0.019845644983461964,1
467,block-0155,Base_Wall_0097,Wall_097,Base,2,20097,baseline,3,Base_Wall_0097__s2__baseline,0.0,0.0,0.0,0.0,100.0,81.983994,1.0,0.0,0.0,0.0,0.0,0.0,931,0.0,0.0,0.0,1
468,block-0156,Generalization_ImageOnObject_1041,ImageOnObject_041,Generalization,2,20041,temporal,1,Generalization_ImageOnObject_1041__s2__temporal,1.0,0.0,1.0,0.0,100.0,4.733619,0.0,0.0,0.0,0.0,0.0,0.0,6875,0.05978181818181818,0.9058909090909091,0.5175272727272727,1
469,block-0156,Generalization_ImageOnObject_1041,ImageOnObject_041,Generalization,2,20041,current_frame,2,Generalization_ImageOnObject_1041__s2__current_frame,1.0,0.0,1.0,1.0,48.89,6.805807,0.0,0.0,0.0,0.0,1.0,0.0,5685,0.008443271767810026,0.9665787159190853,0.8935795954265612,1
470,block-0156,Generalization_ImageOnObject_1041,ImageOnObject_041,Generalization,2,20041,baseline,3,Generalization_ImageOnObject_1041__s2__baseline,0.0,0.0,0.0,0.0,100.0,57.615313,1.0,0.0,0.0,0.0,0.0,0.0,1967,0.0,0.0,0.0,1
471,block-0157,Generalization_Animals_1077,Animals_077,Generalization,3,30077,current_frame,1,Generalization_Animals_1077__s3__current_frame,1.0,1.0,0.0,0.0,100.0,38.202329,0.0,0.0,0.0,0.0,0.0,0.0,661,0.26777609682299547,0.4039334341906203,0.1361573373676248,1
472,block-0157,Generalization_Animals_1077,Animals_077,Generalization,3,30077,baseline,2,Generalization_Animals_1077__s3__baseline,1.0,1.0,0.0,0.0,100.0,36.704409,0.0,0.0,0.0,0.0,0.0,0.0,766,0.0,0.0,0.0,1
473,block-0157,Generalization_Animals_1077,Animals_077,Generalization,3,30077,temporal,3,Generalization_Animals_1077__s3__temporal,1.0,1.0,0.0,0.0,100.0,39.329233,0.0,0.0,0.0,0.0,0.0,0.0,633,0.0947867298578199,0.1990521327014218,0.10426540284360189,1
474,block-0158,Base_Animals_0084,Animals_084,Base,2,20084,baseline,1,Base_Animals_0084__s2__baseline,1.0,0.0,0.0,1.0,35.6,11.967182,0.0,0.0,0.0,0.0,1.0,0.0,3880,0.0,0.0,0.0,1
475,block-0158,Base_Animals_0084,Animals_084,Base,2,20084,current_frame,2,Base_Animals_0084__s2__current_frame,1.0,0.0,0.0,1.0,35.6,12.464127,0.0,0.0,0.0,0.0,1.0,0.0,3879,0.7566383088424852,0.8698118071667955,0.1131734983243104,1
476,block-0158,Base_Animals_0084,Animals_084,Base,2,20084,temporal,3,Base_Animals_0084__s2__temporal,1.0,0.0,0.0,1.0,35.6,13.37163,0.0,0.0,0.0,0.0,1.0,0.0,3896,0.518223819301848,0.5220739219712526,0.0038501026694045173,1
477,block-0159,Base_PedestrianCrowd_0066,PedestrianCrowd_066,Base,1,10066,baseline,1,Base_PedestrianCrowd_0066__s1__baseline,0.0,0.0,0.0,0.0,16.42,11.494,0.0,1.0,1.0,1.0,0.0,0.0,6392,0.0,0.0,0.0,1
478,block-0159,Base_PedestrianCrowd_0066,PedestrianCrowd_066,Base,1,10066,current_frame,2,Base_PedestrianCrowd_0066__s1__current_frame,1.0,0.0,1.0,0.0,100.0,24.911633,0.0,1.0,0.0,1.0,0.0,0.0,5542,0.05864308913749549,0.8874052688560087,0.795380728978708,1
479,block-0159,Base_PedestrianCrowd_0066,PedestrianCrowd_066,Base,1,10066,temporal,3,Base_PedestrianCrowd_0066__s1__temporal,0.0,0.0,0.0,0.0,100.0,66.691059,1.0,0.0,0.0,0.0,0.0,0.0,951,0.2082018927444795,0.35541535226077814,0.14721345951629863,1
480,block-0160,Base_CustomObstacles_0021,CustomObstacles_021,Base,1,10021,baseline,1,Base_CustomObstacles_0021__s1__baseline,1.0,0.0,1.0,0.0,100.0,2.082868,0.0,1.0,0.0,1.0,0.0,0.0,5899,0.0,0.0,0.0,1
481,block-0160,Base_CustomObstacles_0021,CustomObstacles_021,Base,1,10021,current_frame,2,Base_CustomObstacles_0021__s1__current_frame,0.0,0.0,0.0,0.0,100.0,29.720972,0.0,1.0,0.0,1.0,0.0,0.0,5373,0.05080960357342267,0.8838637632607482,0.8224455611390284,1
482,block-0160,Base_CustomObstacles_0021,CustomObstacles_021,Base,1,10021,temporal,3,Base_CustomObstacles_0021__s1__temporal,1.0,0.0,1.0,1.0,100.0,3.381289,0.0,0.0,0.0,0.0,0.0,0.0,5030,0.11093439363817098,0.4709741550695825,0.32266401590457255,1
483,block-0161,Base_PedestriansOnRoad_0088,PedestriansOnRoad_088,Base,2,20088,baseline,1,Base_PedestriansOnRoad_0088__s2__baseline,0.0,0.0,0.0,0.0,100.0,76.431819,1.0,0.0,0.0,0.0,0.0,0.0,836,0.0,0.0,0.0,1
484,block-0161,Base_PedestriansOnRoad_0088,PedestriansOnRoad_088,Base,2,20088,current_frame,2,Base_PedestriansOnRoad_0088__s2__current_frame,0.0,0.0,0.0,0.0,100.0,76.438433,1.0,0.0,0.0,0.0,0.0,0.0,888,0.13175675675675674,0.21621621621621623,0.08445945945945946,1
485,block-0161,Base_PedestriansOnRoad_0088,PedestriansOnRoad_088,Base,2,20088,temporal,3,Base_PedestriansOnRoad_0088__s2__temporal,0.0,0.0,0.0,0.0,100.0,75.808174,1.0,0.0,0.0,0.0,0.0,0.0,867,0.05997693194925029,0.07151095732410612,0.011534025374855825,1
486,block-0162,Base_RightConstruction_0090,RightConstruction_090,Base,2,20090,temporal,1,Base_RightConstruction_0090__s2__temporal,1.0,0.0,0.0,1.0,34.37,9.992525,0.0,0.0,0.0,0.0,1.0,0.0,4149,0.00554350445890576,0.011810074716799228,0.006266570257893469,1
487,block-0162,Base_RightConstruction_0090,RightConstruction_090,Base,2,20090,baseline,2,Base_RightConstruction_0090__s2__baseline,1.0,0.0,0.0,1.0,34.37,4.752664,0.0,0.0,0.0,0.0,1.0,0.0,4171,0.0,0.0,0.0,1
488,block-0162,Base_RightConstruction_0090,RightConstruction_090,Base,2,20090,current_frame,3,Base_RightConstruction_0090__s2__current_frame,1.0,0.0,0.0,1.0,34.37,9.881941,0.0,0.0,0.0,0.0,1.0,0.0,4140,0.02077294685990338,0.03695652173913044,0.01618357487922705,1
489,block-0163,Base_CustomObstacles_0023,CustomObstacles_023,Base,1,10023,baseline,1,Base_CustomObstacles_0023__s1__baseline,1.0,0.0,1.0,0.0,100.0,23.840543,0.0,1.0,0.0,1.0,0.0,0.0,5752,0.0,0.0,0.0,1
490,block-0163,Base_CustomObstacles_0023,CustomObstacles_023,Base,1,10023,current_frame,2,Base_CustomObstacles_0023__s1__current_frame,1.0,0.0,1.0,0.0,100.0,13.40632,0.0,1.0,0.0,1.0,0.0,0.0,5858,0.02611812905428474,0.7854216456128371,0.3118811881188119,1
491,block-0163,Base_CustomObstacles_0023,CustomObstacles_023,Base,1,10023,temporal,3,Base_CustomObstacles_0023__s1__temporal,1.0,0.0,1.0,0.0,100.0,23.717624,0.0,1.0,0.0,1.0,0.0,0.0,5757,0.028139656070870246,0.7814834114990447,0.16223727635921487,1
492,block-0164,Generalization_Animals_1078,Animals_078,Generalization,2,20078,current_frame,1,Generalization_Animals_1078__s2__current_frame,1.0,1.0,0.0,0.0,100.0,46.148177,0.0,0.0,0.0,0.0,0.0,0.0,971,0.1462409886714727,0.48712667353244077,0.3408856848609681,1
493,block-0164,Generalization_Animals_1078,Animals_078,Generalization,2,20078,baseline,2,Generalization_Animals_1078__s2__baseline,1.0,1.0,0.0,0.0,100.0,46.6715,0.0,0.0,0.0,0.0,0.0,0.0,974,0.0,0.0,0.0,1
494,block-0164,Generalization_Animals_1078,Animals_078,Generalization,2,20078,temporal,3,Generalization_Animals_1078__s2__temporal,1.0,1.0,0.0,0.0,100.0,46.2335,0.0,0.0,0.0,0.0,0.0,0.0,968,0.2634297520661157,0.45764462809917356,0.19421487603305784,1
495,block-0165,Base_PedestrianCrowd_0068,PedestrianCrowd_068,Base,2,20068,current_frame,1,Base_PedestrianCrowd_0068__s2__current_frame,0.0,0.0,0.0,0.0,100.0,88.746458,1.0,0.0,0.0,0.0,0.0,0.0,492,0.09349593495934959,0.20121951219512196,0.10772357723577236,1
496,block-0165,Base_PedestrianCrowd_0068,PedestrianCrowd_068,Base,2,20068,baseline,2,Base_PedestrianCrowd_0068__s2__baseline,0.0,0.0,0.0,0.0,100.0,89.323,1.0,0.0,0.0,0.0,0.0,0.0,483,0.0,0.0,0.0,1
497,block-0165,Base_PedestrianCrowd_0068,PedestrianCrowd_068,Base,2,20068,temporal,3,Base_PedestrianCrowd_0068__s2__temporal,0.0,0.0,0.0,0.0,100.0,88.564,1.0,0.0,0.0,0.0,0.0,0.0,523,0.248565965583174,0.27724665391969405,0.028680688336520075,1
498,block-0166,Base_HardBrake_0039,HardBrake_039,Base,1,10039,baseline,1,Base_HardBrake_0039__s1__baseline,0.0,0.0,0.0,0.0,100.0,71.947511,1.0,0.0,0.0,0.0,0.0,0.0,995,0.0,0.0,0.0,1
499,block-0166,Base_HardBrake_0039,HardBrake_039,Base,1,10039,current_frame,2,Base_HardBrake_0039__s1__current_frame,0.0,0.0,0.0,0.0,100.0,71.011832,1.0,0.0,0.0,0.0,0.0,0.0,1008,0.1488095238095238,0.32837301587301587,0.17956349206349206,1
500,block-0166,Base_HardBrake_0039,HardBrake_039,Base,1,10039,temporal,3,Base_HardBrake_0039__s1__temporal,0.0,0.0,0.0,0.0,100.0,70.612993,1.0,0.0,0.0,0.0,0.0,0.0,1014,0.13708086785009863,0.2465483234714004,0.10946745562130178,1
501,block-0167,Generalization_Wall_1096,Wall_096,Generalization,1,10096,baseline,1,Generalization_Wall_1096__s1__baseline,1.0,0.0,0.0,1.0,100.0,24.756248,0.0,0.0,0.0,0.0,0.0,0.0,2000,0.0,0.0,0.0,1
502,block-0167,Generalization_Wall_1096,Wall_096,Generalization,1,10096,current_frame,2,Generalization_Wall_1096__s1__current_frame,1.0,0.0,0.0,1.0,100.0,41.54647,0.0,0.0,0.0,0.0,0.0,0.0,2005,0.02144638403990025,0.5376558603491272,0.516209476309227,1
503,block-0167,Generalization_Wall_1096,Wall_096,Generalization,1,10096,temporal,3,Generalization_Wall_1096__s1__temporal,1.0,0.0,0.0,1.0,100.0,43.254276,0.0,0.0,0.0,0.0,0.0,0.0,2012,0.10487077534791253,0.5994035785288271,0.4945328031809145,1
504,block-0168,Base_ConstructionPedestrian_0012,ConstructionPedestrian_012,Base,2,20012,current_frame,1,Base_ConstructionPedestrian_0012__s2__current_frame,0.0,0.0,0.0,0.0,100.0,54.030872,1.0,0.0,0.0,0.0,0.0,0.0,1150,0.1408695652173913,0.1791304347826087,0.03826086956521739,1
505,block-0168,Base_ConstructionPedestrian_0012,ConstructionPedestrian_012,Base,2,20012,baseline,2,Base_ConstructionPedestrian_0012__s2__baseline,0.0,0.0,0.0,0.0,100.0,54.666158,1.0,0.0,0.0,0.0,0.0,0.0,1141,0.0,0.0,0.0,1
506,block-0168,Base_ConstructionPedestrian_0012,ConstructionPedestrian_012,Base,2,20012,temporal,3,Base_ConstructionPedestrian_0012__s2__temporal,0.0,0.0,0.0,0.0,100.0,52.571969,1.0,0.0,0.0,0.0,0.0,0.0,1218,0.16748768472906403,0.19540229885057472,0.027914614121510674,1
507,block-0169,Generalization_ConstructionPermutations_1017,ConstructionPermutations_017,Generalization,3,30017,temporal,1,Generalization_ConstructionPermutations_1017__s3__temporal,0.0,0.0,0.0,0.0,100.0,48.504414,1.0,0.0,0.0,0.0,0.0,0.0,1731,0.0831889081455806,0.09127671865973426,0.006354708261120739,1
508,block-0169,Generalization_ConstructionPermutations_1017,ConstructionPermutations_017,Generalization,3,30017,current_frame,2,Generalization_ConstructionPermutations_1017__s3__current_frame,1.0,0.0,1.0,0.0,100.0,29.165121,0.0,0.0,0.0,0.0,0.0,0.0,1756,0.11617312072892938,0.17198177676537585,0.05580865603644647,1
509,block-0169,Generalization_ConstructionPermutations_1017,ConstructionPermutations_017,Generalization,3,30017,baseline,3,Generalization_ConstructionPermutations_1017__s3__baseline,0.0,0.0,0.0,0.0,100.0,45.659413,1.0,0.0,0.0,0.0,0.0,0.0,1755,0.0,0.0,0.0,1
510,block-0170,Base_Animals_0079,Animals_079,Base,3,30079,baseline,1,Base_Animals_0079__s3__baseline,1.0,0.0,0.0,1.0,64.49,26.154147,0.0,0.0,0.0,0.0,1.0,0.0,4167,0.0,0.0,0.0,1
511,block-0170,Base_Animals_0079,Animals_079,Base,3,30079,temporal,2,Base_Animals_0079__s3__temporal,0.0,0.0,0.0,0.0,100.0,95.797,1.0,0.0,0.0,0.0,0.0,0.0,871,0.21699196326061998,0.27898966704936856,0.06199770378874857,1
512,block-0170,Base_Animals_0079,Animals_079,Base,3,30079,current_frame,3,Base_Animals_0079__s3__current_frame,1.0,0.0,0.0,1.0,63.88,25.75292,0.0,0.0,0.0,0.0,1.0,0.0,4154,0.8938372652864709,0.940779971112181,0.04694270582571016,1
513,block-0171,Generalization_HardBrake_1039,HardBrake_039,Generalization,2,20039,current_frame,1,Generalization_HardBrake_1039__s2__current_frame,0.0,0.0,0.0,0.0,100.0,72.641059,1.0,0.0,0.0,0.0,0.0,0.0,1003,0.19641076769690927,0.4077766699900299,0.21136590229312063,1
514,block-0171,Generalization_HardBrake_1039,HardBrake_039,Generalization,2,20039,baseline,2,Generalization_HardBrake_1039__s2__baseline,0.0,0.0,0.0,0.0,100.0,73.714355,1.0,0.0,0.0,0.0,0.0,0.0,1007,0.0,0.0,0.0,1
515,block-0171,Generalization_HardBrake_1039,HardBrake_039,Generalization,2,20039,temporal,3,Generalization_HardBrake_1039__s2__temporal,0.0,0.0,0.0,0.0,100.0,73.160991,1.0,0.0,0.0,0.0,0.0,0.0,1004,0.13147410358565736,0.23306772908366533,0.10159362549800798,1
516,block-0172,Generalization_HardBrake_1037,HardBrake_037,Generalization,3,30037,baseline,1,Generalization_HardBrake_1037__s3__baseline,0.0,0.0,0.0,0.0,100.0,46.311761,1.0,0.0,0.0,0.0,0.0,0.0,2564,0.0,0.0,0.0,1
517,block-0172,Generalization_HardBrake_1037,HardBrake_037,Generalization,3,30037,temporal,2,Generalization_HardBrake_1037__s3__temporal,0.0,0.0,0.0,0.0,100.0,46.752581,1.0,0.0,0.0,0.0,0.0,0.0,2524,0.03248811410459588,0.10340729001584786,0.07091917591125198,1
518,block-0172,Generalization_HardBrake_1037,HardBrake_037,Generalization,3,30037,current_frame,3,Generalization_HardBrake_1037__s3__current_frame,0.0,0.0,0.0,0.0,100.0,47.8132,1.0,0.0,0.0,0.0,0.0,0.0,2516,0.07631160572337042,0.147456279809221,0.07114467408585055,1
519,block-0173,Base_PedestrianOtherBlocker_0073,PedestrianOtherBlocker_073,Base,1,10073,temporal,1,Base_PedestrianOtherBlocker_0073__s1__temporal,1.0,1.0,0.0,0.0,100.0,32.170589,0.0,0.0,0.0,0.0,0.0,0.0,1190,0.3058823529411765,0.34369747899159664,0.02100840336134454,1
520,block-0173,Base_PedestrianOtherBlocker_0073,PedestrianOtherBlocker_073,Base,1,10073,baseline,2,Base_PedestrianOtherBlocker_0073__s1__baseline,1.0,1.0,1.0,0.0,100.0,18.949175,0.0,0.0,0.0,0.0,0.0,0.0,1228,0.0,0.0,0.0,1
521,block-0173,Base_PedestrianOtherBlocker_0073,PedestrianOtherBlocker_073,Base,1,10073,current_frame,3,Base_PedestrianOtherBlocker_0073__s1__current_frame,1.0,0.0,1.0,1.0,31.27,0.15674,0.0,1.0,1.0,0.0,0.0,0.0,6945,0.07516198704103672,0.9900647948164147,0.8241900647948164,1
522,block-0174,Base_PedestrianCrowd_0068,PedestrianCrowd_068,Base,1,10068,current_frame,1,Base_PedestrianCrowd_0068__s1__current_frame,0.0,0.0,0.0,0.0,100.0,89.05,1.0,0.0,0.0,0.0,0.0,0.0,538,0.13197026022304834,0.23977695167286245,0.10780669144981413,1
523,block-0174,Base_PedestrianCrowd_0068,PedestrianCrowd_068,Base,1,10068,temporal,2,Base_PedestrianCrowd_0068__s1__temporal,0.0,0.0,0.0,0.0,100.0,87.849825,1.0,0.0,0.0,0.0,0.0,0.0,532,0.3101503759398496,0.35714285714285715,0.046992481203007516,1
524,block-0174,Base_PedestrianCrowd_0068,PedestrianCrowd_068,Base,1,10068,baseline,3,Base_PedestrianCrowd_0068__s1__baseline,0.0,0.0,0.0,0.0,100.0,88.432425,1.0,0.0,0.0,0.0,0.0,0.0,564,0.0,0.0,0.0,1
525,block-0175,Generalization_PedestrianCrowd_1066,PedestrianCrowd_066,Generalization,3,30066,temporal,1,Generalization_PedestrianCrowd_1066__s3__temporal,0.0,0.0,0.0,0.0,100.0,63.287978,1.0,0.0,0.0,0.0,0.0,0.0,1077,0.265552460538533,0.308263695450325,0.04271123491179202,1
526,block-0175,Generalization_PedestrianCrowd_1066,PedestrianCrowd_066,Generalization,3,30066,current_frame,2,Generalization_PedestrianCrowd_1066__s3__current_frame,1.0,0.0,1.0,0.0,100.0,10.841838,0.0,1.0,0.0,1.0,0.0,0.0,5579,0.1885642588277469,0.8842086395411364,0.6866822011113103,1
527,block-0175,Generalization_PedestrianCrowd_1066,PedestrianCrowd_066,Generalization,3,30066,baseline,3,Generalization_PedestrianCrowd_1066__s3__baseline,0.0,0.0,0.0,0.0,16.42,8.0458,0.0,1.0,1.0,1.0,0.0,0.0,6392,0.0,0.0,0.0,1
528,block-0176,Generalization_ConstructionPedestrian_1011,ConstructionPedestrian_011,Generalization,2,20011,current_frame,1,Generalization_ConstructionPedestrian_1011__s2__current_frame,1.0,0.0,0.0,1.0,55.68,18.388938,0.0,1.0,1.0,1.0,0.0,0.0,7467,0.12334270791482523,0.822552564617651,0.6527387170215615,1
529,block-0176,Generalization_ConstructionPedestrian_1011,ConstructionPedestrian_011,Generalization,2,20011,baseline,2,Generalization_ConstructionPedestrian_1011__s2__baseline,1.0,0.0,1.0,0.0,100.0,21.945042,0.0,0.0,0.0,0.0,0.0,0.0,4077,0.0,0.0,0.0,1
530,block-0176,Generalization_ConstructionPedestrian_1011,ConstructionPedestrian_011,Generalization,2,20011,temporal,3,Generalization_ConstructionPedestrian_1011__s2__temporal,1.0,0.0,0.0,1.0,55.34,18.615455,0.0,1.0,1.0,1.0,0.0,0.0,7458,0.15379458299812282,0.8470099222311611,0.6932153392330384,1
531,block-0177,Generalization_Wall_1098,Wall_098,Generalization,1,10098,current_frame,1,Generalization_Wall_1098__s1__current_frame,1.0,0.0,0.0,1.0,100.0,58.656557,0.0,0.0,0.0,0.0,0.0,0.0,1659,0.06811332127787824,0.7347799879445449,0.6648583484026522,1
532,block-0177,Generalization_Wall_1098,Wall_098,Generalization,1,10098,baseline,2,Generalization_Wall_1098__s1__baseline,1.0,0.0,0.0,1.0,100.0,58.362778,0.0,0.0,0.0,0.0,0.0,0.0,1655,0.0,0.0,0.0,1
533,block-0177,Generalization_Wall_1098,Wall_098,Generalization,1,10098,temporal,3,Generalization_Wall_1098__s1__temporal,1.0,0.0,0.0,1.0,100.0,58.250814,0.0,0.0,0.0,0.0,0.0,0.0,1647,0.08075288403157256,0.7146326654523376,0.6338797814207651,1
534,block-0178,Generalization_PedestrianOtherBlocker_1073,PedestrianOtherBlocker_073,Generalization,3,30073,current_frame,1,Generalization_PedestrianOtherBlocker_1073__s3__current_frame,0.0,0.0,0.0,0.0,100.0,63.18261,1.0,0.0,0.0,0.0,0.0,0.0,1222,0.11865793780687398,0.1972176759410802,0.07855973813420622,1
535,block-0178,Generalization_PedestrianOtherBlocker_1073,PedestrianOtherBlocker_073,Generalization,3,30073,temporal,2,Generalization_PedestrianOtherBlocker_1073__s3__temporal,1.0,1.0,0.0,0.0,100.0,32.784384,0.0,0.0,0.0,0.0,0.0,0.0,1153,0.3191673894189072,0.3790112749349523,0.055507372072853424,1
536,block-0178,Generalization_PedestrianOtherBlocker_1073,PedestrianOtherBlocker_073,Generalization,3,30073,baseline,3,Generalization_PedestrianOtherBlocker_1073__s3__baseline,1.0,0.0,1.0,0.0,62.51,14.195186,0.0,1.0,1.0,0.0,0.0,0.0,7886,0.0,0.0,0.0,1
537,block-0179,Generalization_ObscuredStop_1048,ObscuredStop_048,Generalization,1,10048,baseline,1,Generalization_ObscuredStop_1048__s1__baseline,0.0,0.0,0.0,0.0,100.0,95.377,1.0,0.0,0.0,0.0,0.0,0.0,705,0.0,0.0,0.0,1
538,block-0179,Generalization_ObscuredStop_1048,ObscuredStop_048,Generalization,1,10048,current_frame,2,Generalization_ObscuredStop_1048__s1__current_frame,0.0,0.0,0.0,0.0,100.0,92.670799,1.0,0.0,0.0,0.0,0.0,0.0,728,0.32005494505494503,0.5068681318681318,0.18681318681318682,1
539,block-0179,Generalization_ObscuredStop_1048,ObscuredStop_048,Generalization,1,10048,temporal,3,Generalization_ObscuredStop_1048__s1__temporal,0.0,0.0,0.0,0.0,100.0,93.805261,1.0,0.0,0.0,0.0,0.0,0.0,722,0.27146814404432135,0.33240997229916897,0.060941828254847646,1
540,block-0180,Base_CustomObstacles_0029,CustomObstacles_029,Base,3,30029,current_frame,1,Base_CustomObstacles_0029__s3__current_frame,1.0,0.0,1.0,0.0,100.0,10.058408,0.0,1.0,0.0,1.0,0.0,0.0,6139,0.01987294347613618,0.7432806646033556,0.18211435087147743,1
541,block-0180,Base_CustomObstacles_0029,CustomObstacles_029,Base,3,30029,temporal,2,Base_CustomObstacles_0029__s3__temporal,1.0,0.0,1.0,0.0,100.0,28.267563,0.0,0.0,0.0,0.0,0.0,0.0,2188,0.07998171846435101,0.24588665447897623,0.12751371115173674,1
542,block-0180,Base_CustomObstacles_0029,CustomObstacles_029,Base,3,30029,baseline,3,Base_CustomObstacles_0029__s3__baseline,1.0,0.0,1.0,0.0,100.0,14.115004,0.0,1.0,0.0,1.0,0.0,0.0,6387,0.0,0.0,0.0,1
543,block-0181,Generalization_CustomObstacles_1024,CustomObstacles_024,Generalization,1,10024,baseline,1,Generalization_CustomObstacles_1024__s1__baseline,1.0,0.0,0.0,1.0,100.0,24.209962,0.0,0.0,0.0,0.0,0.0,0.0,2794,0.0,0.0,0.0,1
544,block-0181,Generalization_CustomObstacles_1024,CustomObstacles_024,Generalization,1,10024,temporal,2,Generalization_CustomObstacles_1024__s1__temporal,1.0,0.0,0.0,1.0,100.0,19.130272,0.0,0.0,0.0,0.0,0.0,0.0,2736,0.09904970760233918,0.2953216374269006,0.19444444444444445,1
545,block-0181,Generalization_CustomObstacles_1024,CustomObstacles_024,Generalization,1,10024,current_frame,3,Generalization_CustomObstacles_1024__s1__current_frame,1.0,0.0,0.0,1.0,100.0,24.25849,0.0,0.0,0.0,0.0,0.0,0.0,2825,0.06584070796460177,0.3008849557522124,0.2343362831858407,1
546,block-0182,Base_ObscuredStop_0046,ObscuredStop_046,Base,2,20046,temporal,1,Base_ObscuredStop_0046__s2__temporal,0.0,0.0,0.0,0.0,100.0,81.412724,1.0,0.0,0.0,0.0,0.0,0.0,799,0.31539424280350437,0.3879849812265332,0.07259073842302878,1
547,block-0182,Base_ObscuredStop_0046,ObscuredStop_046,Base,2,20046,baseline,2,Base_ObscuredStop_0046__s2__baseline,0.0,0.0,0.0,0.0,100.0,83.272753,1.0,0.0,0.0,0.0,0.0,0.0,740,0.0,0.0,0.0,1
548,block-0182,Base_ObscuredStop_0046,ObscuredStop_046,Base,2,20046,current_frame,3,Base_ObscuredStop_0046__s2__current_frame,0.0,0.0,0.0,0.0,100.0,77.087906,1.0,0.0,0.0,0.0,0.0,0.0,788,0.43274111675126903,0.5368020304568528,0.10406091370558376,1
549,block-0183,Generalization_RightConstruction_1094,RightConstruction_094,Generalization,2,20094,temporal,1,Generalization_RightConstruction_1094__s2__temporal,1.0,0.0,1.0,0.0,100.0,9.323761,0.0,0.0,0.0,0.0,0.0,0.0,3801,0.12207313864772429,0.7563799000263088,0.595895816890292,1
550,block-0183,Generalization_RightConstruction_1094,RightConstruction_094,Generalization,2,20094,current_frame,2,Generalization_RightConstruction_1094__s2__current_frame,1.0,0.0,1.0,0.0,11.32,1.557865,0.0,0.0,0.0,0.0,1.0,0.0,6031,0.014259658431437573,0.9936992206930857,0.9520809152710993,1
551,block-0183,Generalization_RightConstruction_1094,RightConstruction_094,Generalization,2,20094,baseline,3,Generalization_RightConstruction_1094__s2__baseline,0.0,0.0,0.0,0.0,100.0,74.411517,1.0,0.0,0.0,0.0,0.0,0.0,1371,0.0,0.0,0.0,1
552,block-0184,Base_BadParking_0001,BadParking_001,Base,2,20001,baseline,1,Base_BadParking_0001__s2__baseline,1.0,0.0,1.0,0.0,100.0,35.413714,0.0,0.0,0.0,0.0,0.0,0.0,944,0.0,0.0,0.0,1
553,block-0184,Base_BadParking_0001,BadParking_001,Base,2,20001,current_frame,2,Base_BadParking_0001__s2__current_frame,1.0,0.0,1.0,0.0,100.0,33.44479,0.0,0.0,0.0,0.0,0.0,0.0,972,0.07613168724279835,0.20679012345679013,0.12242798353909465,1
554,block-0184,Base_BadParking_0001,BadParking_001,Base,2,20001,temporal,3,Base_BadParking_0001__s2__temporal,1.0,0.0,1.0,0.0,100.0,34.576849,0.0,0.0,0.0,0.0,0.0,0.0,961,0.11446409989594172,0.19042663891779396,0.07596253902185224,1
555,block-0185,Base_Animals_0082,Animals_082,Base,1,10082,baseline,1,Base_Animals_0082__s1__baseline,1.0,1.0,0.0,0.0,100.0,36.424382,0.0,0.0,0.0,0.0,0.0,0.0,755,0.0,0.0,0.0,1
556,block-0185,Base_Animals_0082,Animals_082,Base,1,10082,current_frame,2,Base_Animals_0082__s1__current_frame,1.0,1.0,0.0,0.0,100.0,35.579515,0.0,0.0,0.0,0.0,0.0,0.0,752,0.39228723404255317,0.4773936170212766,0.0851063829787234,1
557,block-0185,Base_Animals_0082,Animals_082,Base,1,10082,temporal,3,Base_Animals_0082__s1__temporal,1.0,1.0,0.0,0.0,100.0,36.795281,0.0,0.0,0.0,0.0,0.0,0.0,740,0.2851351351351351,0.3418918918918919,0.05675675675675676,1
558,block-0186,Generalization_Wall_1098,Wall_098,Generalization,3,30098,current_frame,1,Generalization_Wall_1098__s3__current_frame,1.0,0.0,0.0,1.0,100.0,59.162766,0.0,0.0,0.0,0.0,0.0,0.0,1669,0.09406830437387657,0.7573397243858598,0.6632714200119832,1
559,block-0186,Generalization_Wall_1098,Wall_098,Generalization,3,30098,temporal,2,Generalization_Wall_1098__s3__temporal,1.0,0.0,0.0,1.0,100.0,57.710194,0.0,0.0,0.0,0.0,0.0,0.0,1687,0.13989330171902786,0.7694131594546533,0.6295198577356254,1
560,block-0186,Generalization_Wall_1098,Wall_098,Generalization,3,30098,baseline,3,Generalization_Wall_1098__s3__baseline,1.0,0.0,0.0,1.0,100.0,58.709347,0.0,0.0,0.0,0.0,0.0,0.0,1652,0.0,0.0,0.0,1
561,block-0187,Generalization_Animals_1081,Animals_081,Generalization,3,30081,current_frame,1,Generalization_Animals_1081__s3__current_frame,1.0,0.0,0.0,1.0,68.25,3.351734,0.0,0.0,0.0,0.0,1.0,0.0,4060,0.026108374384236452,0.929064039408867,0.9019704433497537,1
562,block-0187,Generalization_Animals_1081,Animals_081,Generalization,3,30081,temporal,2,Generalization_Animals_1081__s3__temporal,1.0,0.0,0.0,1.0,69.02,8.031806,0.0,0.0,0.0,0.0,1.0,0.0,4055,0.007398273736128237,0.9082614056720099,0.9008631319358816,1
563,block-0187,Generalization_Animals_1081,Animals_081,Generalization,3,30081,baseline,3,Generalization_Animals_1081__s3__baseline,1.0,0.0,0.0,1.0,69.02,7.683532,0.0,0.0,0.0,0.0,1.0,0.0,4063,0.0,0.0,0.0,1
564,block-0188,Base_PedestriansOnRoad_0087,PedestriansOnRoad_087,Base,1,10087,current_frame,1,Base_PedestriansOnRoad_0087__s1__current_frame,1.0,0.0,1.0,0.0,100.0,18.156848,0.0,0.0,0.0,0.0,0.0,0.0,5071,0.20982054821534213,0.8749753500295799,0.6391244330506803,1
565,block-0188,Base_PedestriansOnRoad_0087,PedestriansOnRoad_087,Base,1,10087,baseline,2,Base_PedestriansOnRoad_0087__s1__baseline,0.0,0.0,0.0,0.0,100.0,73.664384,1.0,0.0,0.0,0.0,0.0,0.0,982,0.0,0.0,0.0,1
566,block-0188,Base_PedestriansOnRoad_0087,PedestriansOnRoad_087,Base,1,10087,temporal,3,Base_PedestriansOnRoad_0087__s1__temporal,0.0,0.0,0.0,0.0,100.0,76.863021,1.0,0.0,0.0,0.0,0.0,0.0,970,0.15876288659793814,0.19896907216494844,0.04020618556701031,1
567,block-0189,Base_BadParking_0004,BadParking_004,Base,3,30004,temporal,1,Base_BadParking_0004__s3__temporal,1.0,0.0,1.0,0.0,100.0,26.896432,0.0,0.0,0.0,0.0,0.0,0.0,2700,0.09444444444444444,0.3181481481481481,0.21518518518518517,1
568,block-0189,Base_BadParking_0004,BadParking_004,Base,3,30004,current_frame,2,Base_BadParking_0004__s3__current_frame,1.0,0.0,1.0,0.0,100.0,23.818318,0.0,0.0,0.0,0.0,0.0,0.0,2714,0.11717022844509949,0.33861459100957997,0.2144436256448047,1
569,block-0189,Base_BadParking_0004,BadParking_004,Base,3,30004,baseline,3,Base_BadParking_0004__s3__baseline,1.0,0.0,1.0,0.0,100.0,24.181426,0.0,0.0,0.0,0.0,0.0,0.0,2567,0.0,0.0,0.0,1
570,block-0190,Generalization_ConstructionPedestrian_1010,ConstructionPedestrian_010,Generalization,1,10010,current_frame,1,Generalization_ConstructionPedestrian_1010__s1__current_frame,1.0,1.0,0.0,0.0,100.0,38.758265,0.0,0.0,0.0,0.0,0.0,0.0,1469,0.11300204220558203,0.11844792375765827,0.005445881552076242,1
571,block-0190,Generalization_ConstructionPedestrian_1010,ConstructionPedestrian_010,Generalization,1,10010,temporal,2,Generalization_ConstructionPedestrian_1010__s1__temporal,0.0,0.0,0.0,0.0,100.0,77.552622,1.0,0.0,0.0,0.0,0.0,0.0,1396,0.1010028653295129,0.10315186246418338,0.002148997134670487,1
572,block-0190,Generalization_ConstructionPedestrian_1010,ConstructionPedestrian_010,Generalization,1,10010,baseline,3,Generalization_ConstructionPedestrian_1010__s1__baseline,1.0,1.0,0.0,0.0,100.0,38.721778,0.0,0.0,0.0,0.0,0.0,0.0,1423,0.0,0.0,0.0,1
573,block-0191,Generalization_Wall_1099,Wall_099,Generalization,2,20099,temporal,1,Generalization_Wall_1099__s2__temporal,1.0,0.0,0.0,1.0,100.0,53.742117,0.0,0.0,0.0,0.0,0.0,0.0,1887,0.05670376258611553,0.643879173290938,0.5871754107048225,1
574,block-0191,Generalization_Wall_1099,Wall_099,Generalization,2,20099,baseline,2,Generalization_Wall_1099__s2__baseline,1.0,0.0,0.0,1.0,100.0,50.74106,0.0,0.0,0.0,0.0,0.0,0.0,1913,0.0,0.0,0.0,1
575,block-0191,Generalization_Wall_1099,Wall_099,Generalization,2,20099,current_frame,3,Generalization_Wall_1099__s2__current_frame,1.0,0.0,0.0,1.0,100.0,50.728136,0.0,0.0,0.0,0.0,0.0,0.0,1907,0.0875721027792344,0.6906135291033036,0.6030414263240692,1
576,block-0192,Base_RightConstruction_0093,RightConstruction_093,Base,2,20093,baseline,1,Base_RightConstruction_0093__s2__baseline,0.0,0.0,0.0,0.0,100.0,42.871023,1.0,0.0,0.0,0.0,0.0,0.0,1222,0.0,0.0,0.0,1
577,block-0192,Base_RightConstruction_0093,RightConstruction_093,Base,2,20093,current_frame,2,Base_RightConstruction_0093__s2__current_frame,0.0,0.0,0.0,0.0,100.0,42.5564,1.0,0.0,0.0,0.0,0.0,0.0,1230,0.004878048780487805,0.1008130081300813,0.0959349593495935,1
578,block-0192,Base_RightConstruction_0093,RightConstruction_093,Base,2,20093,temporal,3,Base_RightConstruction_0093__s2__temporal,0.0,0.0,0.0,0.0,100.0,42.279049,1.0,0.0,0.0,0.0,0.0,0.0,1235,0.009716599190283401,0.05263157894736842,0.04291497975708502,1
579,block-0193,Base_HardBrake_0039,HardBrake_039,Base,2,20039,temporal,1,Base_HardBrake_0039__s2__temporal,0.0,0.0,0.0,0.0,100.0,73.887947,1.0,0.0,0.0,0.0,0.0,0.0,991,0.136226034308779,0.2623612512613522,0.12613521695257315,1
580,block-0193,Base_HardBrake_0039,HardBrake_039,Base,2,20039,current_frame,2,Base_HardBrake_0039__s2__current_frame,0.0,0.0,0.0,0.0,100.0,72.120849,1.0,0.0,0.0,0.0,0.0,0.0,993,0.20644511581067473,0.41389728096676737,0.20745216515609266,1
581,block-0193,Base_HardBrake_0039,HardBrake_039,Base,2,20039,baseline,3,Base_HardBrake_0039__s2__baseline,0.0,0.0,0.0,0.0,100.0,73.845082,1.0,0.0,0.0,0.0,0.0,0.0,1001,0.0,0.0,0.0,1
582,block-0194,Generalization_OppositeConstruction_1051,OppositeConstruction_051,Generalization,2,20051,temporal,1,Generalization_OppositeConstruction_1051__s2__temporal,0.0,0.0,0.0,0.0,100.0,87.642598,1.0,0.0,0.0,0.0,0.0,0.0,1297,0.009252120277563608,0.023901310717039322,0.014649190439475714,1
583,block-0194,Generalization_OppositeConstruction_1051,OppositeConstruction_051,Generalization,2,20051,baseline,2,Generalization_OppositeConstruction_1051__s2__baseline,0.0,0.0,0.0,0.0,100.0,86.273813,1.0,0.0,0.0,0.0,0.0,0.0,1226,0.0,0.0,0.0,1
584,block-0194,Generalization_OppositeConstruction_1051,OppositeConstruction_051,Generalization,2,20051,current_frame,3,Generalization_OppositeConstruction_1051__s2__current_frame,0.0,0.0,0.0,0.0,100.0,86.899442,1.0,0.0,0.0,0.0,0.0,0.0,1232,0.017045454545454544,0.06574675324675325,0.048701298701298704,1
585,block-0195,Generalization_PedestrianCrowd_1067,PedestrianCrowd_067,Generalization,2,20067,baseline,1,Generalization_PedestrianCrowd_1067__s2__baseline,0.0,0.0,0.0,0.0,100.0,52.322323,1.0,0.0,0.0,0.0,0.0,0.0,1018,0.0,0.0,0.0,1
586,block-0195,Generalization_PedestrianCrowd_1067,PedestrianCrowd_067,Generalization,2,20067,temporal,2,Generalization_PedestrianCrowd_1067__s2__temporal,1.0,0.0,1.0,0.0,100.0,31.216993,0.0,0.0,0.0,0.0,0.0,0.0,1017,0.12094395280235988,0.18977384464110128,0.0688298918387414,1
587,block-0195,Generalization_PedestrianCrowd_1067,PedestrianCrowd_067,Generalization,2,20067,current_frame,3,Generalization_PedestrianCrowd_1067__s2__current_frame,1.0,0.0,1.0,0.0,100.0,30.358163,0.0,0.0,0.0,0.0,0.0,0.0,1139,0.09569798068481124,0.3037752414398595,0.08428446005267778,1
588,block-0196,Generalization_OppositeConstruction_1050,OppositeConstruction_050,Generalization,1,10050,temporal,1,Generalization_OppositeConstruction_1050__s1__temporal,0.0,0.0,0.0,0.0,100.0,93.682,1.0,0.0,0.0,0.0,0.0,0.0,940,0.08723404255319149,0.11595744680851064,0.02872340425531915,1
589,block-0196,Generalization_OppositeConstruction_1050,OppositeConstruction_050,Generalization,1,10050,baseline,2,Generalization_OppositeConstruction_1050__s1__baseline,0.0,0.0,0.0,0.0,100.0,93.715,1.0,0.0,0.0,0.0,0.0,0.0,952,0.0,0.0,0.0,1
590,block-0196,Generalization_OppositeConstruction_1050,OppositeConstruction_050,Generalization,1,10050,current_frame,3,Generalization_OppositeConstruction_1050__s1__current_frame,0.0,0.0,0.0,0.0,100.0,92.527378,1.0,0.0,0.0,0.0,0.0,0.0,946,0.17864693446088795,0.2949260042283298,0.11627906976744186,1
591,block-0197,Generalization_HardBrake_1037,HardBrake_037,Generalization,1,10037,temporal,1,Generalization_HardBrake_1037__s1__temporal,0.0,0.0,0.0,0.0,100.0,47.160905,1.0,0.0,0.0,0.0,0.0,0.0,2500,0.0456,0.096,0.0504,1
592,block-0197,Generalization_HardBrake_1037,HardBrake_037,Generalization,1,10037,current_frame,2,Generalization_HardBrake_1037__s1__current_frame,0.0,0.0,0.0,0.0,100.0,47.177998,1.0,0.0,0.0,0.0,0.0,0.0,2489,0.04057854560064283,0.12093210124548011,0.08035355564483729,1
593,block-0197,Generalization_HardBrake_1037,HardBrake_037,Generalization,1,10037,baseline,3,Generalization_HardBrake_1037__s1__baseline,0.0,0.0,0.0,0.0,100.0,46.201974,1.0,0.0,0.0,0.0,0.0,0.0,2539,0.0,0.0,0.0,1
594,block-0198,Base_RightConstruction_0094,RightConstruction_094,Base,1,10094,baseline,1,Base_RightConstruction_0094__s1__baseline,0.0,0.0,0.0,0.0,100.0,72.311942,1.0,0.0,0.0,0.0,0.0,0.0,1281,0.0,0.0,0.0,1
595,block-0198,Base_RightConstruction_0094,RightConstruction_094,Base,1,10094,current_frame,2,Base_RightConstruction_0094__s1__current_frame,0.0,0.0,0.0,0.0,100.0,66.952544,1.0,0.0,0.0,0.0,0.0,0.0,1401,0.08493932905067808,0.11991434689507495,0.03497501784439686,1
596,block-0198,Base_RightConstruction_0094,RightConstruction_094,Base,1,10094,temporal,3,Base_RightConstruction_0094__s1__temporal,0.0,0.0,0.0,0.0,100.0,73.103323,1.0,0.0,0.0,0.0,0.0,0.0,1247,0.09302325581395349,0.11627906976744186,0.023255813953488372,1
597,block-0199,Generalization_Animals_1076,Animals_076,Generalization,2,20076,current_frame,1,Generalization_Animals_1076__s2__current_frame,1.0,1.0,0.0,0.0,100.0,18.851742,0.0,0.0,0.0,0.0,0.0,0.0,1055,0.36777251184834125,0.4881516587677725,0.11848341232227488,1
598,block-0199,Generalization_Animals_1076,Animals_076,Generalization,2,20076,temporal,2,Generalization_Animals_1076__s2__temporal,1.0,1.0,0.0,0.0,100.0,18.601906,0.0,0.0,0.0,0.0,0.0,0.0,990,0.28888888888888886,0.3393939393939394,0.050505050505050504,1
599,block-0199,Generalization_Animals_1076,Animals_076,Generalization,2,20076,baseline,3,Generalization_Animals_1076__s2__baseline,1.0,1.0,0.0,0.0,100.0,18.596749,0.0,0.0,0.0,0.0,0.0,0.0,965,0.0,0.0,0.0,1
600,block-0200,Base_CustomObstacles_0029,CustomObstacles_029,Base,1,10029,current_frame,1,Base_CustomObstacles_0029__s1__current_frame,1.0,0.0,1.0,0.0,100.0,15.982591,0.0,1.0,0.0,1.0,0.0,0.0,6153,0.0164147570290915,0.7567040468064359,0.1300178774581505,1
601,block-0200,Base_CustomObstacles_0029,CustomObstacles_029,Base,1,10029,temporal,2,Base_CustomObstacles_0029__s1__temporal,1.0,0.0,1.0,0.0,100.0,9.764414,0.0,1.0,0.0,1.0,0.0,0.0,6167,0.023187935787254744,0.7459056267228799,0.7180152424193287,1
602,block-0200,Base_CustomObstacles_0029,CustomObstacles_029,Base,1,10029,baseline,3,Base_CustomObstacles_0029__s1__baseline,1.0,0.0,1.0,0.0,100.0,53.148744,0.0,0.0,0.0,0.0,0.0,0.0,1584,0.0,0.0,0.0,1
603,block-0201,Generalization_HardBrake_1037,HardBrake_037,Generalization,2,20037,current_frame,1,Generalization_HardBrake_1037__s2__current_frame,0.0,0.0,0.0,0.0,100.0,47.382889,1.0,0.0,0.0,0.0,0.0,0.0,2458,0.04963384865744508,0.13506916192026036,0.0854353132628153,1
604,block-0201,Generalization_HardBrake_1037,HardBrake_037,Generalization,2,20037,temporal,2,Generalization_HardBrake_1037__s2__temporal,0.0,0.0,0.0,0.0,100.0,46.110183,1.0,0.0,0.0,0.0,0.0,0.0,2526,0.055819477434679333,0.0934283452098179,0.03760886777513856,1
605,block-0201,Generalization_HardBrake_1037,HardBrake_037,Generalization,2,20037,baseline,3,Generalization_HardBrake_1037__s2__baseline,0.0,0.0,0.0,0.0,100.0,46.157929,1.0,0.0,0.0,0.0,0.0,0.0,2547,0.0,0.0,0.0,1
606,block-0202,Base_CustomObstacles_0026,CustomObstacles_026,Base,1,10026,temporal,1,Base_CustomObstacles_0026__s1__temporal,0.0,0.0,0.0,0.0,100.0,48.377366,1.0,0.0,0.0,0.0,0.0,0.0,1804,0.06818181818181818,0.08314855875831485,0.014966740576496674,1
607,block-0202,Base_CustomObstacles_0026,CustomObstacles_026,Base,1,10026,current_frame,2,Base_CustomObstacles_0026__s1__current_frame,1.0,0.0,1.0,0.0,100.0,28.694515,0.0,0.0,0.0,0.0,0.0,0.0,1826,0.05914567360350493,0.0963855421686747,0.03504928806133625,1
608,block-0202,Base_CustomObstacles_0026,CustomObstacles_026,Base,1,10026,baseline,3,Base_CustomObstacles_0026__s1__baseline,0.0,0.0,0.0,0.0,100.0,48.107608,1.0,0.0,0.0,0.0,0.0,0.0,1900,0.0,0.0,0.0,1
609,block-0203,Generalization_PedestriansOnRoad_1088,PedestriansOnRoad_088,Generalization,1,10088,baseline,1,Generalization_PedestriansOnRoad_1088__s1__baseline,0.0,0.0,0.0,0.0,100.0,88.190437,1.0,0.0,0.0,0.0,0.0,0.0,1013,0.0,0.0,0.0,1
610,block-0203,Generalization_PedestriansOnRoad_1088,PedestriansOnRoad_088,Generalization,1,10088,current_frame,2,Generalization_PedestriansOnRoad_1088__s1__current_frame,0.0,0.0,0.0,0.0,100.0,88.244552,1.0,0.0,0.0,0.0,0.0,0.0,1019,0.26594700686947986,0.49950932286555444,0.22473012757605496,1
611,block-0203,Generalization_PedestriansOnRoad_1088,PedestriansOnRoad_088,Generalization,1,10088,temporal,3,Generalization_PedestriansOnRoad_1088__s1__temporal,0.0,0.0,0.0,0.0,100.0,87.0488,1.0,0.0,0.0,0.0,0.0,0.0,1019,0.10206084396467124,0.1491658488714426,0.047105004906771344,1
612,block-0204,Base_Animals_0083,Animals_083,Base,2,20083,baseline,1,Base_Animals_0083__s2__baseline,0.0,0.0,0.0,0.0,100.0,71.200231,1.0,0.0,0.0,0.0,0.0,0.0,1285,0.0,0.0,0.0,1
613,block-0204,Base_Animals_0083,Animals_083,Base,2,20083,current_frame,2,Base_Animals_0083__s2__current_frame,1.0,1.0,0.0,0.0,100.0,33.545915,0.0,0.0,0.0,0.0,0.0,0.0,1379,0.06889050036258158,0.09934735315445975,0.030456852791878174,1
614,block-0204,Base_Animals_0083,Animals_083,Base,2,20083,temporal,3,Base_Animals_0083__s2__temporal,0.0,0.0,0.0,0.0,100.0,65.934439,1.0,0.0,0.0,0.0,0.0,0.0,1349,0.06968124536693847,0.0770941438102298,0.007412898443291327,1
615,block-0205,Generalization_HardBrake_1038,HardBrake_038,Generalization,3,30038,baseline,1,Generalization_HardBrake_1038__s3__baseline,0.0,0.0,0.0,0.0,100.0,65.337629,1.0,0.0,0.0,0.0,0.0,0.0,1725,0.0,0.0,0.0,1
616,block-0205,Generalization_HardBrake_1038,HardBrake_038,Generalization,3,30038,temporal,2,Generalization_HardBrake_1038__s3__temporal,0.0,0.0,0.0,0.0,100.0,66.398328,1.0,0.0,0.0,0.0,0.0,0.0,1686,0.1583629893238434,0.21233689205219455,0.05397390272835113,1
617,block-0205,Generalization_HardBrake_1038,HardBrake_038,Generalization,3,30038,current_frame,3,Generalization_HardBrake_1038__s3__current_frame,0.0,0.0,0.0,0.0,100.0,66.949009,1.0,0.0,0.0,0.0,0.0,0.0,1673,0.0968320382546324,0.21876867901972505,0.12193664076509265,1
618,block-0206,Base_PedestriansOnRoad_0085,PedestriansOnRoad_085,Base,1,10085,baseline,1,Base_PedestriansOnRoad_0085__s1__baseline,0.0,0.0,0.0,0.0,100.0,39.696351,1.0,0.0,0.0,0.0,0.0,0.0,1610,0.0,0.0,0.0,1
619,block-0206,Base_PedestriansOnRoad_0085,PedestriansOnRoad_085,Base,1,10085,current_frame,2,Base_PedestriansOnRoad_0085__s1__current_frame,0.0,0.0,0.0,0.0,100.0,40.645136,1.0,0.0,0.0,0.0,0.0,0.0,1577,0.05833861762840837,0.1046290424857324,0.046290424857324035,1
620,block-0206,Base_PedestriansOnRoad_0085,PedestriansOnRoad_085,Base,1,10085,temporal,3,Base_PedestriansOnRoad_0085__s1__temporal,0.0,0.0,0.0,0.0,100.0,40.502151,1.0,0.0,0.0,0.0,0.0,0.0,1555,0.01864951768488746,0.020578778135048232,0.0019292604501607716,1
621,block-0207,Generalization_ConstructionPedestrian_1013,ConstructionPedestrian_013,Generalization,3,30013,current_frame,1,Generalization_ConstructionPedestrian_1013__s3__current_frame,0.0,0.0,0.0,0.0,49.44,29.723081,0.0,1.0,1.0,1.0,0.0,0.0,7155,0.6703004891684137,0.6954577218728162,0.025157232704402517,1
622,block-0207,Generalization_ConstructionPedestrian_1013,ConstructionPedestrian_013,Generalization,3,30013,temporal,2,Generalization_ConstructionPedestrian_1013__s3__temporal,1.0,0.0,0.0,1.0,51.37,14.632206,0.0,1.0,1.0,1.0,0.0,0.0,7200,0.025694444444444443,0.8777777777777778,0.8520833333333333,1
623,block-0207,Generalization_ConstructionPedestrian_1013,ConstructionPedestrian_013,Generalization,3,30013,baseline,3,Generalization_ConstructionPedestrian_1013__s3__baseline,1.0,0.0,0.0,1.0,50.22,13.946811,0.0,1.0,1.0,1.0,0.0,0.0,7173,0.0,0.0,0.0,1
624,block-0208,Base_ObscuredStop_0048,ObscuredStop_048,Base,1,10048,temporal,1,Base_ObscuredStop_0048__s1__temporal,0.0,0.0,0.0,0.0,100.0,95.476,1.0,0.0,0.0,0.0,0.0,0.0,677,0.19497784342688332,0.23485967503692762,0.03988183161004431,1
625,block-0208,Base_ObscuredStop_0048,ObscuredStop_048,Base,1,10048,current_frame,2,Base_ObscuredStop_0048__s1__current_frame,0.0,0.0,0.0,0.0,100.0,93.61238,1.0,0.0,0.0,0.0,0.0,0.0,733,0.34652114597544337,0.5211459754433834,0.17462482946793997,1
626,block-0208,Base_ObscuredStop_0048,ObscuredStop_048,Base,1,10048,baseline,3,Base_ObscuredStop_0048__s1__baseline,0.0,0.0,0.0,0.0,100.0,94.792,1.0,0.0,0.0,0.0,0.0,0.0,680,0.0,0.0,0.0,1
627,block-0209,Generalization_CustomObstacles_1023,CustomObstacles_023,Generalization,3,30023,current_frame,1,Generalization_CustomObstacles_1023__s3__current_frame,1.0,0.0,0.0,1.0,100.0,43.067978,0.0,0.0,0.0,0.0,0.0,0.0,1370,0.07883211678832117,0.20510948905109488,0.12627737226277372,1
628,block-0209,Generalization_CustomObstacles_1023,CustomObstacles_023,Generalization,3,30023,temporal,2,Generalization_CustomObstacles_1023__s3__temporal,1.0,0.0,0.0,1.0,100.0,43.635497,0.0,0.0,0.0,0.0,0.0,0.0,1328,0.04442771084337349,0.1280120481927711,0.08358433734939759,1
629,block-0209,Generalization_CustomObstacles_1023,CustomObstacles_023,Generalization,3,30023,baseline,3,Generalization_CustomObstacles_1023__s3__baseline,1.0,0.0,0.0,1.0,43.66,11.814242,0.0,1.0,1.0,1.0,0.0,0.0,6917,0.0,0.0,0.0,1
630,block-0210,Generalization_CustomObstacles_1027,CustomObstacles_027,Generalization,1,10027,baseline,1,Generalization_CustomObstacles_1027__s1__baseline,1.0,0.0,0.0,1.0,100.0,39.723168,0.0,0.0,0.0,0.0,0.0,0.0,1021,0.0,0.0,0.0,1
631,block-0210,Generalization_CustomObstacles_1027,CustomObstacles_027,Generalization,1,10027,temporal,2,Generalization_CustomObstacles_1027__s1__temporal,1.0,0.0,0.0,1.0,100.0,38.71542,0.0,0.0,0.0,0.0,0.0,0.0,1019,0.11579980372914622,0.2728164867517174,0.15701668302257116,1
632,block-0210,Generalization_CustomObstacles_1027,CustomObstacles_027,Generalization,1,10027,current_frame,3,Generalization_CustomObstacles_1027__s1__current_frame,1.0,0.0,1.0,1.0,66.94,9.724086,0.0,1.0,1.0,1.0,0.0,0.0,7835,0.3703892788768347,0.9489470325462668,0.5783024888321634,1
633,block-0211,Base_RightConstruction_0093,RightConstruction_093,Base,1,10093,temporal,1,Base_RightConstruction_0093__s1__temporal,0.0,0.0,0.0,0.0,100.0,44.260196,1.0,0.0,0.0,0.0,0.0,0.0,1165,0.008583690987124463,0.022317596566523604,0.013733905579399141,1
634,block-0211,Base_RightConstruction_0093,RightConstruction_093,Base,1,10093,current_frame,2,Base_RightConstruction_0093__s1__current_frame,0.0,0.0,0.0,0.0,100.0,43.6072,1.0,0.0,0.0,0.0,0.0,0.0,1176,0.011904761904761904,0.070578231292517,0.058673469387755105,1
635,block-0211,Base_RightConstruction_0093,RightConstruction_093,Base,1,10093,baseline,3,Base_RightConstruction_0093__s1__baseline,0.0,0.0,0.0,0.0,100.0,43.559452,1.0,0.0,0.0,0.0,0.0,0.0,1178,0.0,0.0,0.0,1
636,block-0212,Base_PassableObstacles_0064,PassableObstacles_064,Base,3,30064,baseline,1,Base_PassableObstacles_0064__s3__baseline,0.0,0.0,0.0,0.0,100.0,84.712596,1.0,0.0,0.0,0.0,0.0,0.0,797,0.0,0.0,0.0,1
637,block-0212,Base_PassableObstacles_0064,PassableObstacles_064,Base,3,30064,current_frame,2,Base_PassableObstacles_0064__s3__current_frame,0.0,0.0,0.0,0.0,100.0,83.533687,1.0,0.0,0.0,0.0,0.0,0.0,806,0.02481389578163772,0.10918114143920596,0.08436724565756824,1
638,block-0212,Base_PassableObstacles_0064,PassableObstacles_064,Base,3,30064,temporal,3,Base_PassableObstacles_0064__s3__temporal,0.0,0.0,0.0,0.0,100.0,84.366392,1.0,0.0,0.0,0.0,0.0,0.0,800,0.0225,0.03625,0.01375,1
639,block-0213,Base_CustomObstacles_0027,CustomObstacles_027,Base,1,10027,baseline,1,Base_CustomObstacles_0027__s1__baseline,1.0,0.0,1.0,0.0,100.0,21.456254,0.0,1.0,0.0,1.0,0.0,0.0,5670,0.0,0.0,0.0,1
640,block-0213,Base_CustomObstacles_0027,CustomObstacles_027,Base,1,10027,current_frame,2,Base_CustomObstacles_0027__s1__current_frame,0.0,0.0,0.0,0.0,100.0,79.554474,1.0,0.0,0.0,0.0,0.0,0.0,1461,0.15058179329226556,0.32375085557837097,0.1731690622861054,1
641,block-0213,Base_CustomObstacles_0027,CustomObstacles_027,Base,1,10027,temporal,3,Base_CustomObstacles_0027__s1__temporal,0.0,0.0,0.0,0.0,100.0,79.291694,1.0,0.0,0.0,0.0,0.0,0.0,1645,0.15075987841945288,0.2553191489361702,0.10455927051671733,1
642,block-0214,Base_Wall_0098,Wall_098,Base,3,30098,baseline,1,Base_Wall_0098__s3__baseline,0.0,0.0,0.0,0.0,100.0,91.372735,1.0,0.0,0.0,0.0,0.0,0.0,978,0.0,0.0,0.0,1
643,block-0214,Base_Wall_0098,Wall_098,Base,3,30098,current_frame,2,Base_Wall_0098__s3__current_frame,0.0,0.0,0.0,0.0,100.0,90.789997,1.0,0.0,0.0,0.0,0.0,0.0,999,0.2702702702702703,0.3833833833833834,0.11311311311311312,1
644,block-0214,Base_Wall_0098,Wall_098,Base,3,30098,temporal,3,Base_Wall_0098__s3__temporal,0.0,0.0,0.0,0.0,100.0,89.137397,1.0,0.0,0.0,0.0,0.0,0.0,986,0.18661257606490872,0.22515212981744423,0.038539553752535496,1
645,block-0215,Generalization_PedestrianOtherBlocker_1073,PedestrianOtherBlocker_073,Generalization,1,10073,current_frame,1,Generalization_PedestrianOtherBlocker_1073__s1__current_frame,1.0,0.0,1.0,1.0,23.11,1.70605,0.0,0.0,0.0,0.0,1.0,0.0,5658,0.14916931778013431,0.9588193708024036,0.6300813008130082,1
646,block-0215,Generalization_PedestrianOtherBlocker_1073,PedestrianOtherBlocker_073,Generalization,1,10073,temporal,2,Generalization_PedestrianOtherBlocker_1073__s1__temporal,1.0,1.0,0.0,0.0,63.95,19.580181,0.0,1.0,1.0,0.0,0.0,0.0,7930,0.35989911727616647,0.7424968474148802,0.36973518284993695,1
647,block-0215,Generalization_PedestrianOtherBlocker_1073,PedestrianOtherBlocker_073,Generalization,1,10073,baseline,3,Generalization_PedestrianOtherBlocker_1073__s1__baseline,1.0,0.0,1.0,0.0,100.0,24.94448,0.0,0.0,0.0,0.0,0.0,0.0,6761,0.0,0.0,0.0,1
648,block-0216,Base_CustomObstacles_0024,CustomObstacles_024,Base,3,30024,temporal,1,Base_CustomObstacles_0024__s3__temporal,1.0,0.0,1.0,0.0,100.0,23.380525,0.0,0.0,0.0,0.0,0.0,0.0,2478,0.1162227602905569,0.13599677158999193,0.01937046004842615,1
649,block-0216,Base_CustomObstacles_0024,CustomObstacles_024,Base,3,30024,current_frame,2,Base_CustomObstacles_0024__s3__current_frame,1.0,0.0,0.0,1.0,100.0,16.20517,0.0,1.0,0.0,1.0,0.0,0.0,6811,0.015122595800910292,0.6987226545294377,0.682131845543973,1
650,block-0216,Base_CustomObstacles_0024,CustomObstacles_024,Base,3,30024,baseline,3,Base_CustomObstacles_0024__s3__baseline,1.0,0.0,0.0,1.0,100.0,25.346235,0.0,0.0,0.0,0.0,0.0,0.0,2471,0.0,0.0,0.0,1
651,block-0217,Generalization_Wall_1099,Wall_099,Generalization,3,30099,baseline,1,Generalization_Wall_1099__s3__baseline,1.0,0.0,0.0,1.0,100.0,55.597965,0.0,0.0,0.0,0.0,0.0,0.0,1891,0.0,0.0,0.0,1
652,block-0217,Generalization_Wall_1099,Wall_099,Generalization,3,30099,temporal,2,Generalization_Wall_1099__s3__temporal,1.0,0.0,0.0,1.0,100.0,50.535821,0.0,0.0,0.0,0.0,0.0,0.0,1903,0.04308985811875985,0.6090383604834472,0.5659485023646873,1
653,block-0217,Generalization_Wall_1099,Wall_099,Generalization,3,30099,current_frame,3,Generalization_Wall_1099__s3__current_frame,1.0,0.0,0.0,1.0,100.0,50.547211,0.0,0.0,0.0,0.0,0.0,0.0,1908,0.03825995807127883,0.6315513626834381,0.5932914046121593,1
654,block-0218,Generalization_ObscuredStop_1049,ObscuredStop_049,Generalization,2,20049,temporal,1,Generalization_ObscuredStop_1049__s2__temporal,0.0,0.0,0.0,0.0,100.0,63.914335,1.0,0.0,0.0,0.0,0.0,0.0,1159,0.060396893874029335,0.07420189818809318,0.013805004314063849,1
655,block-0218,Generalization_ObscuredStop_1049,ObscuredStop_049,Generalization,2,20049,baseline,2,Generalization_ObscuredStop_1049__s2__baseline,0.0,0.0,0.0,0.0,100.0,64.789481,1.0,0.0,0.0,0.0,0.0,0.0,1120,0.0,0.0,0.0,1
656,block-0218,Generalization_ObscuredStop_1049,ObscuredStop_049,Generalization,2,20049,current_frame,3,Generalization_ObscuredStop_1049__s2__current_frame,0.0,0.0,0.0,0.0,100.0,64.605792,1.0,0.0,0.0,0.0,0.0,0.0,1214,0.051070840197693576,0.11779242174629324,0.06672158154859967,1
657,block-0219,Generalization_BadParking_1004,BadParking_004,Generalization,3,30004,temporal,1,Generalization_BadParking_1004__s3__temporal,0.0,0.0,0.0,0.0,100.0,43.176679,1.0,0.0,0.0,0.0,0.0,0.0,2120,0.032547169811320754,0.040566037735849055,0.008018867924528302,1
658,block-0219,Generalization_BadParking_1004,BadParking_004,Generalization,3,30004,baseline,2,Generalization_BadParking_1004__s3__baseline,0.0,0.0,0.0,0.0,100.0,39.047161,1.0,0.0,0.0,0.0,0.0,0.0,2322,0.0,0.0,0.0,1
659,block-0219,Generalization_BadParking_1004,BadParking_004,Generalization,3,30004,current_frame,3,Generalization_BadParking_1004__s3__current_frame,0.0,0.0,0.0,0.0,100.0,40.761581,1.0,0.0,0.0,0.0,0.0,0.0,2201,0.045888232621535664,0.08814175374829623,0.04225352112676056,1
660,block-0220,Base_FullyBlocked_0034,FullyBlocked_034,Base,3,30034,current_frame,1,Base_FullyBlocked_0034__s3__current_frame,0.0,0.0,0.0,0.0,100.0,74.564181,1.0,0.0,0.0,0.0,0.0,0.0,1065,0.20187793427230047,0.28826291079812205,0.0863849765258216,1
661,block-0220,Base_FullyBlocked_0034,FullyBlocked_034,Base,3,30034,baseline,2,Base_FullyBlocked_0034__s3__baseline,0.0,0.0,0.0,0.0,100.0,75.748765,1.0,0.0,0.0,0.0,0.0,0.0,1032,0.0,0.0,0.0,1
662,block-0220,Base_FullyBlocked_0034,FullyBlocked_034,Base,3,30034,temporal,3,Base_FullyBlocked_0034__s3__temporal,0.0,0.0,0.0,0.0,100.0,76.67923,1.0,0.0,0.0,0.0,0.0,0.0,1029,0.0184645286686103,0.04859086491739553,0.03012633624878523,1
663,block-0221,Generalization_OppositeConstruction_1053,OppositeConstruction_053,Generalization,1,10053,temporal,1,Generalization_OppositeConstruction_1053__s1__temporal,0.0,0.0,0.0,0.0,100.0,86.456384,1.0,0.0,0.0,0.0,0.0,0.0,1090,0.011009174311926606,0.027522935779816515,0.01651376146788991,1
664,block-0221,Generalization_OppositeConstruction_1053,OppositeConstruction_053,Generalization,1,10053,baseline,2,Generalization_OppositeConstruction_1053__s1__baseline,0.0,0.0,0.0,0.0,100.0,87.072786,1.0,0.0,0.0,0.0,0.0,0.0,1076,0.0,0.0,0.0,1
665,block-0221,Generalization_OppositeConstruction_1053,OppositeConstruction_053,Generalization,1,10053,current_frame,3,Generalization_OppositeConstruction_1053__s1__current_frame,0.0,0.0,0.0,0.0,100.0,80.515515,1.0,0.0,0.0,0.0,0.0,0.0,1145,0.007860262008733625,0.08209606986899563,0.07423580786026202,1
666,block-0222,Generalization_BadParking_1002,BadParking_002,Generalization,1,10002,current_frame,1,Generalization_BadParking_1002__s1__current_frame,0.0,0.0,0.0,0.0,100.0,49.179299,1.0,0.0,0.0,0.0,0.0,0.0,1174,0.2120954003407155,0.2453151618398637,0.03321976149914821,1
667,block-0222,Generalization_BadParking_1002,BadParking_002,Generalization,1,10002,temporal,2,Generalization_BadParking_1002__s1__temporal,0.0,0.0,0.0,0.0,100.0,50.920546,1.0,0.0,0.0,0.0,0.0,0.0,1138,0.14586994727592267,0.1766256590509666,0.02899824253075571,1
668,block-0222,Generalization_BadParking_1002,BadParking_002,Generalization,1,10002,baseline,3,Generalization_BadParking_1002__s1__baseline,1.0,0.0,1.0,0.0,100.0,31.239245,0.0,0.0,0.0,0.0,0.0,0.0,1306,0.0,0.0,0.0,1
669,block-0223,Generalization_PedestrianOtherBlocker_1074,PedestrianOtherBlocker_074,Generalization,1,10074,current_frame,1,Generalization_PedestrianOtherBlocker_1074__s1__current_frame,0.0,0.0,0.0,0.0,100.0,64.920803,1.0,0.0,0.0,0.0,0.0,0.0,705,0.2624113475177305,0.38156028368794326,0.11914893617021277,1
670,block-0223,Generalization_PedestrianOtherBlocker_1074,PedestrianOtherBlocker_074,Generalization,1,10074,baseline,2,Generalization_PedestrianOtherBlocker_1074__s1__baseline,0.0,0.0,0.0,0.0,100.0,71.322571,1.0,0.0,0.0,0.0,0.0,0.0,685,0.0,0.0,0.0,1
671,block-0223,Generalization_PedestrianOtherBlocker_1074,PedestrianOtherBlocker_074,Generalization,1,10074,temporal,3,Generalization_PedestrianOtherBlocker_1074__s1__temporal,0.0,0.0,0.0,0.0,100.0,69.650691,1.0,0.0,0.0,0.0,0.0,0.0,695,0.1553956834532374,0.21294964028776978,0.05755395683453238,1
672,block-0224,Base_Wall_0099,Wall_099,Base,1,10099,temporal,1,Base_Wall_0099__s1__temporal,0.0,0.0,0.0,0.0,100.0,69.537536,1.0,0.0,0.0,0.0,0.0,0.0,963,0.07476635514018691,0.1142263759086189,0.03946002076843198,1
673,block-0224,Base_Wall_0099,Wall_099,Base,1,10099,current_frame,2,Base_Wall_0099__s1__current_frame,0.0,0.0,0.0,0.0,100.0,70.891708,1.0,0.0,0.0,0.0,0.0,0.0,974,0.07597535934291581,0.17864476386036962,0.1026694045174538,1
674,block-0224,Base_Wall_0099,Wall_099,Base,1,10099,baseline,3,Base_Wall_0099__s1__baseline,0.0,0.0,0.0,0.0,100.0,70.468046,1.0,0.0,0.0,0.0,0.0,0.0,955,0.0,0.0,0.0,1
675,block-0225,Base_ConstructionPermutations_0016,ConstructionPermutations_016,Base,3,30016,current_frame,1,Base_ConstructionPermutations_0016__s3__current_frame,1.0,0.0,1.0,0.0,100.0,42.512629,0.0,0.0,0.0,0.0,0.0,0.0,1652,0.18220338983050846,0.3238498789346247,0.12772397094430993,1
676,block-0225,Base_ConstructionPermutations_0016,ConstructionPermutations_016,Base,3,30016,baseline,2,Base_ConstructionPermutations_0016__s3__baseline,0.0,0.0,0.0,0.0,100.0,67.601989,1.0,0.0,0.0,0.0,0.0,0.0,1837,0.0,0.0,0.0,1
677,block-0225,Base_ConstructionPermutations_0016,ConstructionPermutations_016,Base,3,30016,temporal,3,Base_ConstructionPermutations_0016__s3__temporal,1.0,0.0,1.0,0.0,100.0,13.315065,0.0,1.0,0.0,1.0,0.0,0.0,6368,0.06658291457286432,0.8732726130653267,0.665358040201005,1
678,block-0226,Base_Animals_0077,Animals_077,Base,1,10077,baseline,1,Base_Animals_0077__s1__baseline,0.0,0.0,0.0,0.0,100.0,79.904125,1.0,0.0,0.0,0.0,0.0,0.0,639,0.0,0.0,0.0,1
679,block-0226,Base_Animals_0077,Animals_077,Base,1,10077,temporal,2,Base_Animals_0077__s1__temporal,0.0,0.0,0.0,0.0,100.0,81.106344,1.0,0.0,0.0,0.0,0.0,0.0,613,0.09461663947797716,0.14355628058727568,0.048939641109298535,1
680,block-0226,Base_Animals_0077,Animals_077,Base,1,10077,current_frame,3,Base_Animals_0077__s1__current_frame,0.0,0.0,0.0,0.0,100.0,77.984021,1.0,0.0,0.0,0.0,0.0,0.0,657,0.2161339421613394,0.3729071537290715,0.1567732115677321,1
681,block-0227,Base_ConstructionPermutations_0019,ConstructionPermutations_019,Base,2,20019,baseline,1,Base_ConstructionPermutations_0019__s2__baseline,1.0,0.0,0.0,1.0,100.0,26.149846,0.0,0.0,0.0,0.0,0.0,0.0,1450,0.0,0.0,0.0,1
682,block-0227,Base_ConstructionPermutations_0019,ConstructionPermutations_019,Base,2,20019,current_frame,2,Base_ConstructionPermutations_0019__s2__current_frame,1.0,0.0,1.0,0.0,100.0,24.4852,0.0,0.0,0.0,0.0,0.0,0.0,1391,0.09202012940330698,0.17541337167505391,0.08195542774982027,1
683,block-0227,Base_ConstructionPermutations_0019,ConstructionPermutations_019,Base,2,20019,temporal,3,Base_ConstructionPermutations_0019__s2__temporal,1.0,0.0,0.0,1.0,100.0,10.153435,0.0,0.0,0.0,0.0,0.0,0.0,1741,0.06203331418724871,0.33543940264215966,0.2521539345203906,1
684,block-0228,Generalization_OppositeConstruction_1052,OppositeConstruction_052,Generalization,1,10052,baseline,1,Generalization_OppositeConstruction_1052__s1__baseline,0.0,0.0,0.0,0.0,100.0,88.471695,1.0,0.0,0.0,0.0,0.0,0.0,806,0.0,0.0,0.0,1
685,block-0228,Generalization_OppositeConstruction_1052,OppositeConstruction_052,Generalization,1,10052,temporal,2,Generalization_OppositeConstruction_1052__s1__temporal,0.0,0.0,0.0,0.0,100.0,88.821848,1.0,0.0,0.0,0.0,0.0,0.0,794,0.08438287153652393,0.10579345088161209,0.021410579345088162,1
686,block-0228,Generalization_OppositeConstruction_1052,OppositeConstruction_052,Generalization,1,10052,current_frame,3,Generalization_OppositeConstruction_1052__s1__current_frame,0.0,0.0,0.0,0.0,100.0,88.178707,1.0,0.0,0.0,0.0,0.0,0.0,810,0.07777777777777778,0.14814814814814814,0.07037037037037037,1
687,block-0229,Base_ConstructionPermutations_0017,ConstructionPermutations_017,Base,1,10017,current_frame,1,Base_ConstructionPermutations_0017__s1__current_frame,1.0,0.0,1.0,0.0,100.0,17.523466,0.0,0.0,0.0,0.0,0.0,0.0,1782,0.0813692480359147,0.10942760942760943,0.02749719416386083,1
688,block-0229,Base_ConstructionPermutations_0017,ConstructionPermutations_017,Base,1,10017,baseline,2,Base_ConstructionPermutations_0017__s1__baseline,0.0,0.0,0.0,0.0,100.0,46.461365,1.0,0.0,0.0,0.0,0.0,0.0,1870,0.0,0.0,0.0,1
689,block-0229,Base_ConstructionPermutations_0017,ConstructionPermutations_017,Base,1,10017,temporal,3,Base_ConstructionPermutations_0017__s1__temporal,0.0,0.0,0.0,0.0,100.0,43.510235,1.0,0.0,0.0,0.0,0.0,0.0,1859,0.07315761161915008,0.07907477138246369,0.005917159763313609,1
690,block-0230,Generalization_FullyBlocked_1031,FullyBlocked_031,Generalization,2,20031,temporal,1,Generalization_FullyBlocked_1031__s2__temporal,1.0,0.0,0.0,1.0,100.0,37.030238,0.0,0.0,0.0,0.0,0.0,0.0,1844,0.1447939262472885,0.23535791757049893,0.09056399132321041,1
691,block-0230,Generalization_FullyBlocked_1031,FullyBlocked_031,Generalization,2,20031,current_frame,2,Generalization_FullyBlocked_1031__s2__current_frame,1.0,0.0,0.0,1.0,100.0,6.180342,0.0,0.0,0.0,0.0,0.0,0.0,1831,0.03932277444019661,0.2938285090114691,0.2545057345712725,1
692,block-0230,Generalization_FullyBlocked_1031,FullyBlocked_031,Generalization,2,20031,baseline,3,Generalization_FullyBlocked_1031__s2__baseline,1.0,0.0,0.0,1.0,100.0,15.51469,0.0,0.0,0.0,0.0,0.0,0.0,1917,0.0,0.0,0.0,1
693,block-0231,Generalization_ConstructionPedestrian_1012,ConstructionPedestrian_012,Generalization,3,30012,temporal,1,Generalization_ConstructionPedestrian_1012__s3__temporal,1.0,0.0,1.0,0.0,100.0,17.532108,0.0,0.0,0.0,0.0,0.0,0.0,1434,0.10669456066945607,0.3291492329149233,0.16178521617852162,1
694,block-0231,Generalization_ConstructionPedestrian_1012,ConstructionPedestrian_012,Generalization,3,30012,current_frame,2,Generalization_ConstructionPedestrian_1012__s3__current_frame,1.0,1.0,0.0,0.0,100.0,24.918876,0.0,0.0,0.0,0.0,0.0,0.0,1117,0.11011638316920322,0.13428827215756492,0.024171888988361683,1
695,block-0231,Generalization_ConstructionPedestrian_1012,ConstructionPedestrian_012,Generalization,3,30012,baseline,3,Generalization_ConstructionPedestrian_1012__s3__baseline,1.0,1.0,0.0,0.0,100.0,24.336243,0.0,0.0,0.0,0.0,0.0,0.0,1125,0.0,0.0,0.0,1
696,block-0232,Generalization_ObscuredStop_1047,ObscuredStop_047,Generalization,1,10047,baseline,1,Generalization_ObscuredStop_1047__s1__baseline,0.0,0.0,0.0,0.0,100.0,84.020939,1.0,0.0,0.0,0.0,0.0,0.0,1265,0.0,0.0,0.0,1
697,block-0232,Generalization_ObscuredStop_1047,ObscuredStop_047,Generalization,1,10047,current_frame,2,Generalization_ObscuredStop_1047__s1__current_frame,0.0,0.0,0.0,0.0,100.0,87.134704,1.0,0.0,0.0,0.0,0.0,0.0,1086,0.06537753222836096,0.15930018416206262,0.09392265193370165,1
698,block-0232,Generalization_ObscuredStop_1047,ObscuredStop_047,Generalization,1,10047,temporal,3,Generalization_ObscuredStop_1047__s1__temporal,0.0,0.0,0.0,0.0,100.0,86.136527,1.0,0.0,0.0,0.0,0.0,0.0,1126,0.055062166962699825,0.0674955595026643,0.012433392539964476,1
699,block-0233,Generalization_ImageOnObject_1040,ImageOnObject_040,Generalization,2,20040,current_frame,1,Generalization_ImageOnObject_1040__s2__current_frame,0.0,0.0,0.0,0.0,100.0,75.687511,1.0,0.0,0.0,0.0,0.0,0.0,961,0.23413111342351717,0.3798126951092612,0.14568158168574402,1
700,block-0233,Generalization_ImageOnObject_1040,ImageOnObject_040,Generalization,2,20040,temporal,2,Generalization_ImageOnObject_1040__s2__temporal,0.0,0.0,0.0,0.0,100.0,75.378821,1.0,0.0,0.0,0.0,0.0,0.0,972,0.31790123456790126,0.45781893004115226,0.13991769547325103,1
701,block-0233,Generalization_ImageOnObject_1040,ImageOnObject_040,Generalization,2,20040,baseline,3,Generalization_ImageOnObject_1040__s2__baseline,0.0,0.0,0.0,0.0,100.0,76.579413,1.0,0.0,0.0,0.0,0.0,0.0,953,0.0,0.0,0.0,1
702,block-0234,Base_CustomObstacles_0028,CustomObstacles_028,Base,2,20028,current_frame,1,Base_CustomObstacles_0028__s2__current_frame,1.0,0.0,1.0,0.0,100.0,28.438616,0.0,1.0,0.0,1.0,0.0,0.0,6043,0.0072811517458216115,0.7678305477411882,0.756246897236472,1
703,block-0234,Base_CustomObstacles_0028,CustomObstacles_028,Base,2,20028,temporal,2,Base_CustomObstacles_0028__s2__temporal,0.0,0.0,0.0,0.0,100.0,48.457656,0.0,1.0,0.0,1.0,0.0,0.0,6008,0.008821571238348869,0.7683089214380826,0.7556591211717709,1
704,block-0234,Base_CustomObstacles_0028,CustomObstacles_028,Base,2,20028,baseline,3,Base_CustomObstacles_0028__s2__baseline,1.0,0.0,1.0,0.0,100.0,28.498569,0.0,1.0,0.0,1.0,0.0,0.0,6017,0.0,0.0,0.0,1
705,block-0235,Generalization_Wall_1097,Wall_097,Generalization,3,30097,current_frame,1,Generalization_Wall_1097__s3__current_frame,1.0,0.0,0.0,1.0,100.0,55.109908,0.0,0.0,0.0,0.0,0.0,0.0,1891,0.05129561078794289,0.594923320994183,0.5436277102062401,1
706,block-0235,Generalization_Wall_1097,Wall_097,Generalization,3,30097,temporal,2,Generalization_Wall_1097__s3__temporal,1.0,0.0,0.0,1.0,100.0,54.304886,0.0,0.0,0.0,0.0,0.0,0.0,1897,0.07801792303637323,0.60305745914602,0.5250395361096468,1
707,block-0235,Generalization_Wall_1097,Wall_097,Generalization,3,30097,baseline,3,Generalization_Wall_1097__s3__baseline,1.0,0.0,0.0,1.0,100.0,55.674712,0.0,0.0,0.0,0.0,0.0,0.0,1876,0.0,0.0,0.0,1
708,block-0236,Base_CustomObstacles_0022,CustomObstacles_022,Base,1,10022,temporal,1,Base_CustomObstacles_0022__s1__temporal,1.0,0.0,1.0,1.0,35.86,8.929552,0.0,1.0,1.0,1.0,0.0,0.0,7314,0.19770303527481542,0.6870385561936013,0.4004648619086683,1
709,block-0236,Base_CustomObstacles_0022,CustomObstacles_022,Base,1,10022,baseline,2,Base_CustomObstacles_0022__s1__baseline,1.0,0.0,1.0,0.0,47.27,4.734859,0.0,1.0,1.0,1.0,0.0,0.0,7732,0.0,0.0,0.0,1
710,block-0236,Base_CustomObstacles_0022,CustomObstacles_022,Base,1,10022,current_frame,3,Base_CustomObstacles_0022__s1__current_frame,1.0,0.0,1.0,0.0,100.0,12.273035,0.0,1.0,0.0,1.0,0.0,0.0,7956,0.06359979889391654,0.8975615887380594,0.12581699346405228,1
711,block-0237,Generalization_RightConstruction_1094,RightConstruction_094,Generalization,1,10094,current_frame,1,Generalization_RightConstruction_1094__s1__current_frame,1.0,0.0,1.0,0.0,100.0,7.927744,0.0,0.0,0.0,0.0,0.0,0.0,4904,0.06158238172920065,0.83278955954323,0.6623164763458401,1
712,block-0237,Generalization_RightConstruction_1094,RightConstruction_094,Generalization,1,10094,baseline,2,Generalization_RightConstruction_1094__s1__baseline,0.0,0.0,0.0,0.0,100.0,81.55759,1.0,0.0,0.0,0.0,0.0,0.0,1224,0.0,0.0,0.0,1
713,block-0237,Generalization_RightConstruction_1094,RightConstruction_094,Generalization,1,10094,temporal,3,Generalization_RightConstruction_1094__s1__temporal,1.0,0.0,1.0,0.0,100.0,2.984784,0.0,0.0,0.0,0.0,0.0,0.0,4413,0.06412871062769092,0.8159981871742579,0.7176523906639475,1
714,block-0238,Generalization_RightOfWay_1055,RightOfWay_055,Generalization,2,20055,temporal,1,Generalization_RightOfWay_1055__s2__temporal,0.0,0.0,0.0,0.0,100.0,66.771787,1.0,0.0,0.0,0.0,0.0,0.0,975,0.03282051282051282,0.04923076923076923,0.01641025641025641,1
715,block-0238,Generalization_RightOfWay_1055,RightOfWay_055,Generalization,2,20055,current_frame,2,Generalization_RightOfWay_1055__s2__current_frame,0.0,0.0,0.0,0.0,100.0,65.494911,1.0,0.0,0.0,0.0,0.0,0.0,1000,0.064,0.156,0.092,1
716,block-0238,Generalization_RightOfWay_1055,RightOfWay_055,Generalization,2,20055,baseline,3,Generalization_RightOfWay_1055__s2__baseline,0.0,0.0,0.0,0.0,100.0,68.354364,1.0,0.0,0.0,0.0,0.0,0.0,946,0.0,0.0,0.0,1
717,block-0239,Generalization_RightOfWay_1058,RightOfWay_058,Generalization,3,30058,current_frame,1,Generalization_RightOfWay_1058__s3__current_frame,0.0,0.0,0.0,0.0,100.0,54.268073,1.0,0.0,0.0,0.0,0.0,0.0,1697,0.022392457277548614,0.0648202710665881,0.04242781378903948,1
718,block-0239,Generalization_RightOfWay_1058,RightOfWay_058,Generalization,3,30058,baseline,2,Generalization_RightOfWay_1058__s3__baseline,0.0,0.0,0.0,0.0,100.0,53.507701,1.0,0.0,0.0,0.0,0.0,0.0,1737,0.0,0.0,0.0,1
719,block-0239,Generalization_RightOfWay_1058,RightOfWay_058,Generalization,3,30058,temporal,3,Generalization_RightOfWay_1058__s3__temporal,0.0,0.0,0.0,0.0,100.0,54.358748,1.0,0.0,0.0,0.0,0.0,0.0,1706,0.03341148886283705,0.0492379835873388,0.015826494724501757,1
720,block-0240,Generalization_CustomObstacles_1029,CustomObstacles_029,Generalization,2,20029,baseline,1,Generalization_CustomObstacles_1029__s2__baseline,1.0,0.0,1.0,1.0,100.0,24.893533,0.0,0.0,0.0,0.0,0.0,0.0,2456,0.0,0.0,0.0,1
721,block-0240,Generalization_CustomObstacles_1029,CustomObstacles_029,Generalization,2,20029,temporal,2,Generalization_CustomObstacles_1029__s2__temporal,1.0,0.0,1.0,1.0,100.0,24.647855,0.0,0.0,0.0,0.0,0.0,0.0,2608,0.07208588957055215,0.455521472392638,0.3834355828220859,1
722,block-0240,Generalization_CustomObstacles_1029,CustomObstacles_029,Generalization,2,20029,current_frame,3,Generalization_CustomObstacles_1029__s2__current_frame,1.0,0.0,1.0,1.0,100.0,23.47257,0.0,0.0,0.0,0.0,0.0,0.0,2546,0.061272584446190104,0.42812254516889237,0.36684996072270226,1
723,block-0241,Generalization_CustomObstacles_1025,CustomObstacles_025,Generalization,3,30025,temporal,1,Generalization_CustomObstacles_1025__s3__temporal,1.0,0.0,0.0,1.0,100.0,3.284319,0.0,0.0,0.0,0.0,0.0,0.0,1394,0.09540889526542325,0.5494978479196556,0.45408895265423244,1
724,block-0241,Generalization_CustomObstacles_1025,CustomObstacles_025,Generalization,3,30025,current_frame,2,Generalization_CustomObstacles_1025__s3__current_frame,1.0,0.0,0.0,1.0,100.0,3.29848,0.0,0.0,0.0,0.0,0.0,0.0,1392,0.05316091954022988,0.5395114942528736,0.4863505747126437,1
725,block-0241,Generalization_CustomObstacles_1025,CustomObstacles_025,Generalization,3,30025,baseline,3,Generalization_CustomObstacles_1025__s3__baseline,1.0,0.0,0.0,1.0,100.0,27.300879,0.0,0.0,0.0,0.0,0.0,0.0,1445,0.0,0.0,0.0,1
726,block-0242,Generalization_PassableObstacles_1060,PassableObstacles_060,Generalization,1,10060,baseline,1,Generalization_PassableObstacles_1060__s1__baseline,0.0,0.0,0.0,0.0,100.0,74.230839,1.0,0.0,0.0,0.0,0.0,0.0,689,0.0,0.0,0.0,1
727,block-0242,Generalization_PassableObstacles_1060,PassableObstacles_060,Generalization,1,10060,current_frame,2,Generalization_PassableObstacles_1060__s1__current_frame,0.0,0.0,0.0,0.0,100.0,78.129174,1.0,0.0,0.0,0.0,0.0,0.0,681,0.12922173274596183,0.27312775330396477,0.14390602055800295,1
728,block-0242,Generalization_PassableObstacles_1060,PassableObstacles_060,Generalization,1,10060,temporal,3,Generalization_PassableObstacles_1060__s1__temporal,0.0,0.0,0.0,0.0,100.0,75.757424,1.0,0.0,0.0,0.0,0.0,0.0,659,0.03186646433990895,0.1244309559939302,0.09256449165402124,1
729,block-0243,Generalization_ObscuredStop_1049,ObscuredStop_049,Generalization,1,10049,current_frame,1,Generalization_ObscuredStop_1049__s1__current_frame,0.0,0.0,0.0,0.0,100.0,66.108093,1.0,0.0,0.0,0.0,0.0,0.0,1103,0.06527651858567543,0.14596554850407978,0.08068902991840435,1
730,block-0243,Generalization_ObscuredStop_1049,ObscuredStop_049,Generalization,1,10049,temporal,2,Generalization_ObscuredStop_1049__s1__temporal,0.0,0.0,0.0,0.0,100.0,64.294383,1.0,0.0,0.0,0.0,0.0,0.0,1121,0.0463871543264942,0.060660124888492414,0.014272970561998216,1
731,block-0243,Generalization_ObscuredStop_1049,ObscuredStop_049,Generalization,1,10049,baseline,3,Generalization_ObscuredStop_1049__s1__baseline,0.0,0.0,0.0,0.0,100.0,64.395382,1.0,0.0,0.0,0.0,0.0,0.0,1138,0.0,0.0,0.0,1
732,block-0244,Base_ConstructionPermutations_0018,ConstructionPermutations_018,Base,1,10018,temporal,1,Base_ConstructionPermutations_0018__s1__temporal,1.0,0.0,1.0,0.0,100.0,28.941366,0.0,0.0,0.0,0.0,0.0,0.0,1736,0.07315668202764977,0.10599078341013825,0.028225806451612902,1
733,block-0244,Base_ConstructionPermutations_0018,ConstructionPermutations_018,Base,1,10018,baseline,2,Base_ConstructionPermutations_0018__s1__baseline,0.0,0.0,0.0,0.0,100.0,49.322462,1.0,0.0,0.0,0.0,0.0,0.0,1680,0.0,0.0,0.0,1
734,block-0244,Base_ConstructionPermutations_0018,ConstructionPermutations_018,Base,1,10018,current_frame,3,Base_ConstructionPermutations_0018__s1__current_frame,1.0,0.0,1.0,0.0,100.0,29.955611,0.0,0.0,0.0,0.0,0.0,0.0,1742,0.11538461538461539,0.15327210103329506,0.03616532721010333,1
735,block-0245,Generalization_ImageOnObject_1043,ImageOnObject_043,Generalization,1,10043,temporal,1,Generalization_ImageOnObject_1043__s1__temporal,0.0,0.0,0.0,0.0,100.0,69.010371,1.0,0.0,0.0,0.0,0.0,0.0,828,0.17270531400966183,0.18961352657004832,0.016908212560386472,1
736,block-0245,Generalization_ImageOnObject_1043,ImageOnObject_043,Generalization,1,10043,current_frame,2,Generalization_ImageOnObject_1043__s1__current_frame,0.0,0.0,0.0,0.0,100.0,70.480689,1.0,0.0,0.0,0.0,0.0,0.0,832,0.21394230769230768,0.28365384615384615,0.06971153846153846,1
737,block-0245,Generalization_ImageOnObject_1043,ImageOnObject_043,Generalization,1,10043,baseline,3,Generalization_ImageOnObject_1043__s1__baseline,0.0,0.0,0.0,0.0,100.0,69.077075,1.0,0.0,0.0,0.0,0.0,0.0,852,0.0,0.0,0.0,1
738,block-0246,Base_HardBrake_0039,HardBrake_039,Base,3,30039,temporal,1,Base_HardBrake_0039__s3__temporal,0.0,0.0,0.0,0.0,100.0,72.526435,1.0,0.0,0.0,0.0,0.0,0.0,1012,0.13043478260869565,0.2391304347826087,0.10869565217391304,1
739,block-0246,Base_HardBrake_0039,HardBrake_039,Base,3,30039,current_frame,2,Base_HardBrake_0039__s3__current_frame,0.0,0.0,0.0,0.0,100.0,73.594692,1.0,0.0,0.0,0.0,0.0,0.0,993,0.1782477341389728,0.34441087613293053,0.1661631419939577,1
740,block-0246,Base_HardBrake_0039,HardBrake_039,Base,3,30039,baseline,3,Base_HardBrake_0039__s3__baseline,0.0,0.0,0.0,0.0,100.0,71.688909,1.0,0.0,0.0,0.0,0.0,0.0,1002,0.0,0.0,0.0,1
741,block-0247,Generalization_Animals_1078,Animals_078,Generalization,1,10078,temporal,1,Generalization_Animals_1078__s1__temporal,0.0,0.0,0.0,0.0,100.0,92.08,1.0,0.0,0.0,0.0,0.0,0.0,999,0.12612612612612611,0.15615615615615616,0.03003003003003003,1
742,block-0247,Generalization_Animals_1078,Animals_078,Generalization,1,10078,current_frame,2,Generalization_Animals_1078__s1__current_frame,0.0,0.0,0.0,0.0,100.0,92.298129,1.0,0.0,0.0,0.0,0.0,0.0,1004,0.18625498007968128,0.26294820717131473,0.07470119521912351,1
743,block-0247,Generalization_Animals_1078,Animals_078,Generalization,1,10078,baseline,3,Generalization_Animals_1078__s1__baseline,1.0,1.0,0.0,0.0,100.0,45.824217,0.0,0.0,0.0,0.0,0.0,0.0,1004,0.0,0.0,0.0,1
744,block-0248,Base_ObscuredStop_0048,ObscuredStop_048,Base,3,30048,current_frame,1,Base_ObscuredStop_0048__s3__current_frame,0.0,0.0,0.0,0.0,100.0,92.437388,1.0,0.0,0.0,0.0,0.0,0.0,723,0.25587828492392806,0.41217150760719223,0.15629322268326418,1
745,block-0248,Base_ObscuredStop_0048,ObscuredStop_048,Base,3,30048,baseline,2,Base_ObscuredStop_0048__s3__baseline,0.0,0.0,0.0,0.0,100.0,92.837498,1.0,0.0,0.0,0.0,0.0,0.0,722,0.0,0.0,0.0,1
746,block-0248,Base_ObscuredStop_0048,ObscuredStop_048,Base,3,30048,temporal,3,Base_ObscuredStop_0048__s3__temporal,0.0,0.0,0.0,0.0,100.0,94.162,1.0,0.0,0.0,0.0,0.0,0.0,708,0.2274011299435028,0.2782485875706215,0.05084745762711865,1
747,block-0249,Base_FullyBlocked_0032,FullyBlocked_032,Base,2,20032,baseline,1,Base_FullyBlocked_0032__s2__baseline,0.0,0.0,0.0,0.0,100.0,40.143089,1.0,0.0,0.0,0.0,0.0,0.0,2026,0.0,0.0,0.0,1
748,block-0249,Base_FullyBlocked_0032,FullyBlocked_032,Base,2,20032,current_frame,2,Base_FullyBlocked_0032__s2__current_frame,0.0,0.0,0.0,0.0,100.0,41.143101,1.0,0.0,0.0,0.0,0.0,0.0,1987,0.010568696527428284,0.04428787116255662,0.033719174635128336,1
749,block-0249,Base_FullyBlocked_0032,FullyBlocked_032,Base,2,20032,temporal,3,Base_FullyBlocked_0032__s2__temporal,0.0,0.0,0.0,0.0,100.0,41.264441,1.0,0.0,0.0,0.0,0.0,0.0,1968,0.11839430894308943,0.12703252032520326,0.008638211382113821,1
750,block-0250,Generalization_ConstructionPermutations_1019,ConstructionPermutations_019,Generalization,1,10019,temporal,1,Generalization_ConstructionPermutations_1019__s1__temporal,1.0,0.0,0.0,1.0,100.0,4.48511,0.0,0.0,0.0,0.0,0.0,0.0,1399,0.04646175839885633,0.30164403145103647,0.22873481057898498,1
751,block-0250,Generalization_ConstructionPermutations_1019,ConstructionPermutations_019,Generalization,1,10019,baseline,2,Generalization_ConstructionPermutations_1019__s1__baseline,1.0,0.0,0.0,1.0,100.0,18.958091,0.0,1.0,0.0,1.0,0.0,0.0,5801,0.0,0.0,0.0,1
752,block-0250,Generalization_ConstructionPermutations_1019,ConstructionPermutations_019,Generalization,1,10019,current_frame,3,Generalization_ConstructionPermutations_1019__s1__current_frame,1.0,0.0,0.0,1.0,100.0,10.162802,0.0,1.0,0.0,1.0,0.0,0.0,5868,0.013292433537832311,0.8164621676891616,0.05385139740967962,1
753,block-0251,Base_RightConstruction_0093,RightConstruction_093,Base,3,30093,current_frame,1,Base_RightConstruction_0093__s3__current_frame,0.0,0.0,0.0,0.0,100.0,42.941494,1.0,0.0,0.0,0.0,0.0,0.0,1192,0.008389261744966443,0.06711409395973154,0.0587248322147651,1
754,block-0251,Base_RightConstruction_0093,RightConstruction_093,Base,3,30093,temporal,2,Base_RightConstruction_0093__s3__temporal,0.0,0.0,0.0,0.0,100.0,42.958067,1.0,0.0,0.0,0.0,0.0,0.0,1190,0.012605042016806723,0.024369747899159664,0.011764705882352941,1
755,block-0251,Base_RightConstruction_0093,RightConstruction_093,Base,3,30093,baseline,3,Base_RightConstruction_0093__s3__baseline,0.0,0.0,0.0,0.0,100.0,42.833967,1.0,0.0,0.0,0.0,0.0,0.0,1203,0.0,0.0,0.0,1
756,block-0252,Generalization_BadParking_1007,BadParking_007,Generalization,2,20007,current_frame,1,Generalization_BadParking_1007__s2__current_frame,1.0,0.0,1.0,0.0,100.0,19.960442,0.0,0.0,0.0,0.0,0.0,0.0,1689,0.07756068679692125,0.17406749555950266,0.08880994671403197,1
757,block-0252,Generalization_BadParking_1007,BadParking_007,Generalization,2,20007,baseline,2,Generalization_BadParking_1007__s2__baseline,1.0,0.0,1.0,0.0,100.0,25.485438,0.0,1.0,0.0,1.0,0.0,0.0,5913,0.0,0.0,0.0,1
758,block-0252,Generalization_BadParking_1007,BadParking_007,Generalization,2,20007,temporal,3,Generalization_BadParking_1007__s2__temporal,1.0,0.0,1.0,0.0,100.0,52.549861,0.0,0.0,0.0,0.0,0.0,0.0,2195,0.22824601366742597,0.2428246013667426,0.01457858769931663,1
759,block-0253,Generalization_ConstructionPermutations_1017,ConstructionPermutations_017,Generalization,2,20017,current_frame,1,Generalization_ConstructionPermutations_1017__s2__current_frame,0.0,0.0,0.0,0.0,100.0,46.302787,1.0,0.0,0.0,0.0,0.0,0.0,1731,0.12536106296938185,0.14615829000577701,0.02079722703639515,1
760,block-0253,Generalization_ConstructionPermutations_1017,ConstructionPermutations_017,Generalization,2,20017,baseline,2,Generalization_ConstructionPermutations_1017__s2__baseline,1.0,0.0,1.0,0.0,100.0,28.622281,0.0,0.0,0.0,0.0,0.0,0.0,1693,0.0,0.0,0.0,1
761,block-0253,Generalization_ConstructionPermutations_1017,ConstructionPermutations_017,Generalization,2,20017,temporal,3,Generalization_ConstructionPermutations_1017__s2__temporal,0.0,0.0,0.0,0.0,100.0,45.998179,1.0,0.0,0.0,0.0,0.0,0.0,1758,0.08304891922639362,0.09271899886234357,0.009670079635949944,1
762,block-0254,Base_CustomObstacles_0023,CustomObstacles_023,Base,2,20023,temporal,1,Base_CustomObstacles_0023__s2__temporal,1.0,0.0,1.0,0.0,43.66,3.160135,0.0,0.0,0.0,0.0,0.0,1.0,1358,0.14948453608247422,0.5456553755522827,0.1568483063328424,1
763,block-0254,Base_CustomObstacles_0023,CustomObstacles_023,Base,2,20023,current_frame,2,Base_CustomObstacles_0023__s2__current_frame,1.0,0.0,1.0,0.0,100.0,14.245222,0.0,1.0,0.0,1.0,0.0,0.0,5837,0.016960767517560392,0.7764262463594312,0.03769059448346754,1
764,block-0254,Base_CustomObstacles_0023,CustomObstacles_023,Base,2,20023,baseline,3,Base_CustomObstacles_0023__s2__baseline,1.0,0.0,1.0,0.0,41.95,5.071699,0.0,0.0,0.0,0.0,0.0,1.0,1239,0.0,0.0,0.0,1
765,block-0255,Generalization_BadParking_1005,BadParking_005,Generalization,1,10005,temporal,1,Generalization_BadParking_1005__s1__temporal,0.0,0.0,0.0,0.0,100.0,92.757446,1.0,0.0,0.0,0.0,0.0,0.0,1113,0.29469901168014373,0.3081761006289308,0.013477088948787063,1
766,block-0255,Generalization_BadParking_1005,BadParking_005,Generalization,1,10005,baseline,2,Generalization_BadParking_1005__s1__baseline,1.0,0.0,1.0,0.0,55.43,4.816564,0.0,1.0,1.0,1.0,0.0,0.0,7774,0.0,0.0,0.0,1
767,block-0255,Generalization_BadParking_1005,BadParking_005,Generalization,1,10005,current_frame,3,Generalization_BadParking_1005__s1__current_frame,1.0,0.0,1.0,0.0,53.18,4.100467,0.0,1.0,1.0,1.0,0.0,0.0,7702,0.05115554401454168,0.9583225136328226,0.8373149831212672,1
768,block-0256,Generalization_OppositeConstruction_1053,OppositeConstruction_053,Generalization,2,20053,current_frame,1,Generalization_OppositeConstruction_1053__s2__current_frame,0.0,0.0,0.0,0.0,100.0,82.102108,1.0,0.0,0.0,0.0,0.0,0.0,1141,0.008764241893076249,0.07099035933391762,0.06222611744084137,1
769,block-0256,Generalization_OppositeConstruction_1053,OppositeConstruction_053,Generalization,2,20053,baseline,2,Generalization_OppositeConstruction_1053__s2__baseline,0.0,0.0,0.0,0.0,100.0,86.95779,1.0,0.0,0.0,0.0,0.0,0.0,1080,0.0,0.0,0.0,1
770,block-0256,Generalization_OppositeConstruction_1053,OppositeConstruction_053,Generalization,2,20053,temporal,3,Generalization_OppositeConstruction_1053__s2__temporal,0.0,0.0,0.0,0.0,100.0,84.126233,1.0,0.0,0.0,0.0,0.0,0.0,1109,0.004508566275924256,0.029756537421100092,0.025247971145175834,1
771,block-0257,Generalization_ConstructionPedestrian_1010,ConstructionPedestrian_010,Generalization,2,20010,temporal,1,Generalization_ConstructionPedestrian_1010__s2__temporal,0.0,0.0,0.0,0.0,100.0,80.90518,1.0,0.0,0.0,0.0,0.0,0.0,1484,0.0963611859838275,0.09905660377358491,0.0026954177897574125,1
772,block-0257,Generalization_ConstructionPedestrian_1010,ConstructionPedestrian_010,Generalization,2,20010,baseline,2,Generalization_ConstructionPedestrian_1010__s2__baseline,1.0,1.0,0.0,0.0,100.0,40.414861,0.0,0.0,0.0,0.0,0.0,0.0,1389,0.0,0.0,0.0,1
773,block-0257,Generalization_ConstructionPedestrian_1010,ConstructionPedestrian_010,Generalization,2,20010,current_frame,3,Generalization_ConstructionPedestrian_1010__s2__current_frame,1.0,1.0,0.0,0.0,100.0,40.660486,0.0,0.0,0.0,0.0,0.0,0.0,1462,0.09302325581395349,0.15321477428180574,0.060191518467852256,1
774,block-0258,Base_PedestrianOtherBlocker_0072,PedestrianOtherBlocker_072,Base,3,30072,temporal,1,Base_PedestrianOtherBlocker_0072__s3__temporal,1.0,1.0,0.0,0.0,100.0,45.5225,0.0,0.0,0.0,0.0,0.0,0.0,777,0.05662805662805663,0.11068211068211069,0.05405405405405406,1
775,block-0258,Base_PedestrianOtherBlocker_0072,PedestrianOtherBlocker_072,Base,3,30072,current_frame,2,Base_PedestrianOtherBlocker_0072__s3__current_frame,1.0,1.0,0.0,0.0,100.0,45.546559,0.0,0.0,0.0,0.0,0.0,0.0,793,0.1273644388398487,0.21185372005044137,0.0832282471626734,1
776,block-0258,Base_PedestrianOtherBlocker_0072,PedestrianOtherBlocker_072,Base,3,30072,baseline,3,Base_PedestrianOtherBlocker_0072__s3__baseline,1.0,1.0,0.0,0.0,100.0,45.163833,0.0,0.0,0.0,0.0,0.0,0.0,791,0.0,0.0,0.0,1
777,block-0259,Generalization_BadParking_1005,BadParking_005,Generalization,2,20005,temporal,1,Generalization_BadParking_1005__s2__temporal,1.0,0.0,1.0,0.0,54.98,4.681405,0.0,1.0,1.0,1.0,0.0,0.0,7760,0.022036082474226806,0.9583762886597939,0.46030927835051544,1
778,block-0259,Generalization_BadParking_1005,BadParking_005,Generalization,2,20005,baseline,2,Generalization_BadParking_1005__s2__baseline,1.0,0.0,1.0,0.0,54.53,4.762676,0.0,1.0,1.0,1.0,0.0,0.0,7746,0.0,0.0,0.0,1
779,block-0259,Generalization_BadParking_1005,BadParking_005,Generalization,2,20005,current_frame,3,Generalization_BadParking_1005__s2__current_frame,1.0,0.0,1.0,0.0,54.08,4.779714,0.0,1.0,1.0,1.0,0.0,0.0,7731,0.019402405898331393,0.9624886819298927,0.2337343163885655,1
780,block-0260,Base_BadParking_0003,BadParking_003,Base,1,10003,temporal,1,Base_BadParking_0003__s1__temporal,0.0,0.0,0.0,0.0,100.0,45.291447,1.0,0.0,0.0,0.0,0.0,0.0,1755,0.03418803418803419,0.041595441595441596,0.007407407407407408,1
781,block-0260,Base_BadParking_0003,BadParking_003,Base,1,10003,current_frame,2,Base_BadParking_0003__s1__current_frame,0.0,0.0,0.0,0.0,100.0,45.536096,1.0,0.0,0.0,0.0,0.0,0.0,1845,0.06016260162601626,0.06287262872628727,0.0027100271002710027,1
782,block-0260,Base_BadParking_0003,BadParking_003,Base,1,10003,baseline,3,Base_BadParking_0003__s1__baseline,1.0,0.0,1.0,0.0,100.0,26.417701,0.0,0.0,0.0,0.0,0.0,0.0,2009,0.0,0.0,0.0,1
783,block-0261,Base_Animals_0080,Animals_080,Base,3,30080,temporal,1,Base_Animals_0080__s3__temporal,0.0,0.0,0.0,0.0,100.0,81.51553,1.0,0.0,0.0,0.0,0.0,0.0,1043,0.16874400767018216,0.21188878235858102,0.04314477468839885,1
784,block-0261,Base_Animals_0080,Animals_080,Base,3,30080,baseline,2,Base_Animals_0080__s3__baseline,1.0,1.0,0.0,0.0,100.0,20.322234,0.0,0.0,0.0,0.0,0.0,0.0,1059,0.0,0.0,0.0,1
785,block-0261,Base_Animals_0080,Animals_080,Base,3,30080,current_frame,3,Base_Animals_0080__s3__current_frame,1.0,1.0,0.0,0.0,100.0,20.572972,0.0,0.0,0.0,0.0,0.0,0.0,1021,0.20861900097943192,0.31929480901077373,0.11067580803134182,1
786,block-0262,Generalization_ConstructionPermutations_1019,ConstructionPermutations_019,Generalization,2,20019,temporal,1,Generalization_ConstructionPermutations_1019__s2__temporal,1.0,0.0,0.0,1.0,100.0,3.020464,0.0,0.0,0.0,0.0,0.0,0.0,1530,0.036601307189542485,0.330718954248366,0.25359477124183005,1
787,block-0262,Generalization_ConstructionPermutations_1019,ConstructionPermutations_019,Generalization,2,20019,baseline,2,Generalization_ConstructionPermutations_1019__s2__baseline,1.0,0.0,0.0,1.0,100.0,1.8279,0.0,0.0,0.0,0.0,0.0,0.0,1466,0.0,0.0,0.0,1
788,block-0262,Generalization_ConstructionPermutations_1019,ConstructionPermutations_019,Generalization,2,20019,current_frame,3,Generalization_ConstructionPermutations_1019__s2__current_frame,1.0,0.0,0.0,1.0,100.0,6.721661,0.0,0.0,0.0,0.0,0.0,0.0,1443,0.07692307692307693,0.27234927234927236,0.16493416493416493,1
789,block-0263,Base_PedestrianCrowd_0069,PedestrianCrowd_069,Base,2,20069,current_frame,1,Base_PedestrianCrowd_0069__s2__current_frame,1.0,0.0,1.0,1.0,47.72,11.131179,0.0,1.0,1.0,1.0,0.0,0.0,7343,0.29783467247718914,0.34250306414272097,0.0437151028190113,1
790,block-0263,Base_PedestrianCrowd_0069,PedestrianCrowd_069,Base,2,20069,baseline,2,Base_PedestrianCrowd_0069__s2__baseline,1.0,0.0,1.0,0.0,100.0,25.373716,0.0,1.0,0.0,1.0,0.0,0.0,5551,0.0,0.0,0.0,1
791,block-0263,Base_PedestrianCrowd_0069,PedestrianCrowd_069,Base,2,20069,temporal,3,Base_PedestrianCrowd_0069__s2__temporal,1.0,0.0,1.0,0.0,100.0,16.848799,0.0,1.0,0.0,1.0,0.0,0.0,7986,0.03881793137991485,0.8886801903330829,0.7897570748810419,1
792,block-0264,Base_PedestrianCrowd_0069,PedestrianCrowd_069,Base,3,30069,temporal,1,Base_PedestrianCrowd_0069__s3__temporal,1.0,0.0,1.0,0.0,100.0,12.049278,0.0,1.0,0.0,1.0,0.0,0.0,5574,0.04861858629350556,0.8545030498744169,0.7970936490850377,1
793,block-0264,Base_PedestrianCrowd_0069,PedestrianCrowd_069,Base,3,30069,baseline,2,Base_PedestrianCrowd_0069__s3__baseline,1.0,0.0,1.0,0.0,100.0,11.873889,0.0,1.0,0.0,1.0,0.0,0.0,6138,0.0,0.0,0.0,1
794,block-0264,Base_PedestrianCrowd_0069,PedestrianCrowd_069,Base,3,30069,current_frame,3,Base_PedestrianCrowd_0069__s3__current_frame,1.0,0.0,1.0,0.0,100.0,7.695839,0.0,1.0,0.0,1.0,0.0,0.0,5491,0.04898925514478237,0.8592241850300492,0.8011291203788017,1
795,block-0265,Base_FullyBlocked_0034,FullyBlocked_034,Base,1,10034,temporal,1,Base_FullyBlocked_0034__s1__temporal,0.0,0.0,0.0,0.0,100.0,73.354042,1.0,0.0,0.0,0.0,0.0,0.0,1114,0.025134649910233394,0.03590664272890485,0.010771992818671455,1
796,block-0265,Base_FullyBlocked_0034,FullyBlocked_034,Base,1,10034,baseline,2,Base_FullyBlocked_0034__s1__baseline,0.0,0.0,0.0,0.0,100.0,76.43514,1.0,0.0,0.0,0.0,0.0,0.0,1022,0.0,0.0,0.0,1
797,block-0265,Base_FullyBlocked_0034,FullyBlocked_034,Base,1,10034,current_frame,3,Base_FullyBlocked_0034__s1__current_frame,0.0,0.0,0.0,0.0,100.0,76.206223,1.0,0.0,0.0,0.0,0.0,0.0,1020,0.05392156862745098,0.13627450980392156,0.08235294117647059,1
798,block-0266,Generalization_ImageOnObject_1041,ImageOnObject_041,Generalization,3,30041,temporal,1,Generalization_ImageOnObject_1041__s3__temporal,1.0,0.0,0.0,1.0,44.02,10.660975,0.0,1.0,1.0,1.0,0.0,0.0,6596,0.01607034566403881,0.9718010915706489,0.9522437841115827,1
799,block-0266,Generalization_ImageOnObject_1041,ImageOnObject_041,Generalization,3,30041,current_frame,2,Generalization_ImageOnObject_1041__s3__current_frame,0.0,0.0,0.0,0.0,100.0,67.001676,1.0,0.0,0.0,0.0,0.0,0.0,1015,0.10935960591133005,0.16945812807881774,0.05812807881773399,1
800,block-0266,Generalization_ImageOnObject_1041,ImageOnObject_041,Generalization,3,30041,baseline,3,Generalization_ImageOnObject_1041__s3__baseline,0.0,0.0,0.0,0.0,100.0,69.063919,1.0,0.0,0.0,0.0,0.0,0.0,991,0.0,0.0,0.0,1
801,block-0267,Base_FullyBlocked_0031,FullyBlocked_031,Base,2,20031,baseline,1,Base_FullyBlocked_0031__s2__baseline,0.0,0.0,0.0,0.0,100.0,26.779751,1.0,0.0,0.0,0.0,0.0,0.0,2015,0.0,0.0,0.0,1
802,block-0267,Base_FullyBlocked_0031,FullyBlocked_031,Base,2,20031,current_frame,2,Base_FullyBlocked_0031__s2__current_frame,0.0,0.0,0.0,0.0,100.0,45.614109,1.0,0.0,0.0,0.0,0.0,0.0,1968,0.053353658536585365,0.07774390243902439,0.024390243902439025,1
803,block-0267,Base_FullyBlocked_0031,FullyBlocked_031,Base,2,20031,temporal,3,Base_FullyBlocked_0031__s2__temporal,0.0,0.0,0.0,0.0,100.0,30.046732,1.0,0.0,0.0,0.0,0.0,0.0,1919,0.16779572694111516,0.17040125065138093,0.0026055237102657635,1
804,block-0268,Base_OppositeConstruction_0052,OppositeConstruction_052,Base,1,10052,baseline,1,Base_OppositeConstruction_0052__s1__baseline,0.0,0.0,0.0,0.0,100.0,75.164103,1.0,0.0,0.0,0.0,0.0,0.0,831,0.0,0.0,0.0,1
805,block-0268,Base_OppositeConstruction_0052,OppositeConstruction_052,Base,1,10052,temporal,2,Base_OppositeConstruction_0052__s1__temporal,0.0,0.0,0.0,0.0,100.0,78.460433,1.0,0.0,0.0,0.0,0.0,0.0,789,0.16603295310519645,0.19138149556400508,0.025348542458808618,1
806,block-0268,Base_OppositeConstruction_0052,OppositeConstruction_052,Base,1,10052,current_frame,3,Base_OppositeConstruction_0052__s1__current_frame,0.0,0.0,0.0,0.0,100.0,76.702752,1.0,0.0,0.0,0.0,0.0,0.0,820,0.13048780487804879,0.20243902439024392,0.07195121951219512,1
807,block-0269,Generalization_FullyBlocked_1031,FullyBlocked_031,Generalization,3,30031,current_frame,1,Generalization_FullyBlocked_1031__s3__current_frame,1.0,0.0,0.0,1.0,100.0,15.723115,0.0,0.0,0.0,0.0,0.0,0.0,1739,0.05807935595169638,0.2535940195514664,0.19551466359977,1
808,block-0269,Generalization_FullyBlocked_1031,FullyBlocked_031,Generalization,3,30031,temporal,2,Generalization_FullyBlocked_1031__s3__temporal,1.0,0.0,0.0,1.0,100.0,24.21983,0.0,0.0,0.0,0.0,0.0,0.0,1724,0.14501160092807425,0.29466357308584684,0.14965197215777262,1
809,block-0269,Generalization_FullyBlocked_1031,FullyBlocked_031,Generalization,3,30031,baseline,3,Generalization_FullyBlocked_1031__s3__baseline,1.0,0.0,0.0,1.0,100.0,15.445636,0.0,0.0,0.0,0.0,0.0,0.0,1744,0.0,0.0,0.0,1
810,block-0270,Generalization_Animals_1077,Animals_077,Generalization,1,10077,current_frame,1,Generalization_Animals_1077__s1__current_frame,1.0,1.0,0.0,0.0,100.0,38.606961,0.0,0.0,0.0,0.0,0.0,0.0,625,0.3136,0.5136,0.2,1
811,block-0270,Generalization_Animals_1077,Animals_077,Generalization,1,10077,temporal,2,Generalization_Animals_1077__s1__temporal,1.0,1.0,0.0,0.0,100.0,40.532289,0.0,0.0,0.0,0.0,0.0,0.0,610,0.11639344262295082,0.2262295081967213,0.10983606557377049,1
812,block-0270,Generalization_Animals_1077,Animals_077,Generalization,1,10077,baseline,3,Generalization_Animals_1077__s1__baseline,1.0,1.0,0.0,0.0,100.0,40.277905,0.0,0.0,0.0,0.0,0.0,0.0,612,0.0,0.0,0.0,1
813,block-0271,Generalization_RightConstruction_1094,RightConstruction_094,Generalization,3,30094,current_frame,1,Generalization_RightConstruction_1094__s3__current_frame,1.0,0.0,1.0,0.0,100.0,15.027459,0.0,0.0,0.0,0.0,0.0,0.0,3679,0.05218809459092145,0.7284588203316118,0.6292470780103289,1
814,block-0271,Generalization_RightConstruction_1094,RightConstruction_094,Generalization,3,30094,temporal,2,Generalization_RightConstruction_1094__s3__temporal,1.0,0.0,1.0,0.0,100.0,15.626548,0.0,0.0,0.0,0.0,0.0,0.0,3502,0.0990862364363221,0.7370074243289548,0.6067961165048543,1
815,block-0271,Generalization_RightConstruction_1094,RightConstruction_094,Generalization,3,30094,baseline,3,Generalization_RightConstruction_1094__s3__baseline,1.0,0.0,1.0,0.0,100.0,8.850229,0.0,0.0,0.0,0.0,0.0,0.0,5723,0.0,0.0,0.0,1
816,block-0272,Base_RightConstruction_0090,RightConstruction_090,Base,1,10090,baseline,1,Base_RightConstruction_0090__s1__baseline,0.0,0.0,0.0,0.0,100.0,66.241146,1.0,0.0,0.0,0.0,0.0,0.0,1559,0.0,0.0,0.0,1
817,block-0272,Base_RightConstruction_0090,RightConstruction_090,Base,1,10090,current_frame,2,Base_RightConstruction_0090__s1__current_frame,1.0,0.0,0.0,1.0,8.04,2.194111,0.0,0.0,0.0,0.0,1.0,0.0,3752,0.18230277185501065,0.18683368869936035,0.00453091684434968,1
818,block-0272,Base_RightConstruction_0090,RightConstruction_090,Base,1,10090,temporal,3,Base_RightConstruction_0090__s1__temporal,1.0,0.0,0.0,1.0,34.37,5.006509,0.0,0.0,0.0,0.0,1.0,0.0,4124,0.03443258971871969,0.039524733268671196,0.005092143549951503,1
819,block-0273,Generalization_Wall_1095,Wall_095,Generalization,1,10095,temporal,1,Generalization_Wall_1095__s1__temporal,1.0,0.0,0.0,1.0,100.0,53.137554,0.0,0.0,0.0,0.0,0.0,0.0,1716,0.0168997668997669,0.627039627039627,0.6101398601398601,1
820,block-0273,Generalization_Wall_1095,Wall_095,Generalization,1,10095,baseline,2,Generalization_Wall_1095__s1__baseline,1.0,0.0,0.0,1.0,100.0,52.865253,0.0,0.0,0.0,0.0,0.0,0.0,1720,0.0,0.0,0.0,1
821,block-0273,Generalization_Wall_1095,Wall_095,Generalization,1,10095,current_frame,3,Generalization_Wall_1095__s1__current_frame,1.0,0.0,0.0,1.0,100.0,56.448528,0.0,0.0,0.0,0.0,0.0,0.0,1699,0.028840494408475574,0.6786344908769865,0.6497939964685109,1
822,block-0274,Base_Wall_0096,Wall_096,Base,2,20096,baseline,1,Base_Wall_0096__s2__baseline,0.0,0.0,0.0,0.0,100.0,46.593753,1.0,0.0,0.0,0.0,0.0,0.0,1130,0.0,0.0,0.0,1
823,block-0274,Base_Wall_0096,Wall_096,Base,2,20096,temporal,2,Base_Wall_0096__s2__temporal,0.0,0.0,0.0,0.0,100.0,45.746384,1.0,0.0,0.0,0.0,0.0,0.0,1146,0.1736474694589878,0.21029668411867364,0.03664921465968586,1
824,block-0274,Base_Wall_0096,Wall_096,Base,2,20096,current_frame,3,Base_Wall_0096__s2__current_frame,0.0,0.0,0.0,0.0,100.0,44.880843,1.0,0.0,0.0,0.0,0.0,0.0,1163,0.014617368873602751,0.09286328460877043,0.07824591573516768,1
825,block-0275,Generalization_PassableObstacles_1063,PassableObstacles_063,Generalization,3,30063,current_frame,1,Generalization_PassableObstacles_1063__s3__current_frame,0.0,0.0,0.0,0.0,100.0,56.580372,1.0,0.0,0.0,0.0,0.0,0.0,1239,0.042776432606941084,0.12429378531073447,0.08151735270379339,1
826,block-0275,Generalization_PassableObstacles_1063,PassableObstacles_063,Generalization,3,30063,temporal,2,Generalization_PassableObstacles_1063__s3__temporal,0.0,0.0,0.0,0.0,100.0,56.496035,1.0,0.0,0.0,0.0,0.0,0.0,1255,0.015139442231075698,0.035856573705179286,0.020717131474103586,1
827,block-0275,Generalization_PassableObstacles_1063,PassableObstacles_063,Generalization,3,30063,baseline,3,Generalization_PassableObstacles_1063__s3__baseline,0.0,0.0,0.0,0.0,100.0,57.359288,1.0,0.0,0.0,0.0,0.0,0.0,1227,0.0,0.0,0.0,1
828,block-0276,Generalization_FullyBlocked_1033,FullyBlocked_033,Generalization,2,20033,current_frame,1,Generalization_FullyBlocked_1033__s2__current_frame,1.0,0.0,1.0,0.0,100.0,52.473834,0.0,0.0,0.0,0.0,0.0,0.0,1825,0.11671232876712329,0.72,0.5895890410958904,1
829,block-0276,Generalization_FullyBlocked_1033,FullyBlocked_033,Generalization,2,20033,baseline,2,Generalization_FullyBlocked_1033__s2__baseline,1.0,0.0,1.0,0.0,100.0,52.393341,0.0,0.0,0.0,0.0,0.0,0.0,1826,0.0,0.0,0.0,1
830,block-0276,Generalization_FullyBlocked_1033,FullyBlocked_033,Generalization,2,20033,temporal,3,Generalization_FullyBlocked_1033__s2__temporal,1.0,0.0,1.0,0.0,100.0,52.876528,0.0,0.0,0.0,0.0,0.0,0.0,1845,0.17994579945799458,0.7550135501355013,0.5593495934959349,1
831,block-0277,Generalization_BadParking_1009,BadParking_009,Generalization,1,10009,temporal,1,Generalization_BadParking_1009__s1__temporal,1.0,0.0,1.0,0.0,100.0,32.057866,0.0,0.0,0.0,0.0,0.0,0.0,1241,0.10233682514101532,0.29170024174053183,0.13456889605157132,1
832,block-0277,Generalization_BadParking_1009,BadParking_009,Generalization,1,10009,current_frame,2,Generalization_BadParking_1009__s1__current_frame,1.0,0.0,1.0,0.0,100.0,54.60982,0.0,0.0,0.0,0.0,0.0,0.0,1245,0.11646586345381527,0.3228915662650602,0.1493975903614458,1
833,block-0277,Generalization_BadParking_1009,BadParking_009,Generalization,1,10009,baseline,3,Generalization_BadParking_1009__s1__baseline,1.0,0.0,1.0,0.0,100.0,54.990373,0.0,0.0,0.0,0.0,0.0,0.0,1229,0.0,0.0,0.0,1
834,block-0278,Base_PassableObstacles_0064,PassableObstacles_064,Base,1,10064,temporal,1,Base_PassableObstacles_0064__s1__temporal,0.0,0.0,0.0,0.0,100.0,81.83192,1.0,0.0,0.0,0.0,0.0,0.0,844,0.018957345971563982,0.034360189573459717,0.015402843601895734,1
835,block-0278,Base_PassableObstacles_0064,PassableObstacles_064,Base,1,10064,current_frame,2,Base_PassableObstacles_0064__s1__current_frame,0.0,0.0,0.0,0.0,100.0,83.179995,1.0,0.0,0.0,0.0,0.0,0.0,801,0.03745318352059925,0.1111111111111111,0.07365792759051186,1
836,block-0278,Base_PassableObstacles_0064,PassableObstacles_064,Base,1,10064,baseline,3,Base_PassableObstacles_0064__s1__baseline,0.0,0.0,0.0,0.0,100.0,80.367121,1.0,0.0,0.0,0.0,0.0,0.0,848,0.0,0.0,0.0,1
837,block-0279,Base_Wall_0098,Wall_098,Base,1,10098,current_frame,1,Base_Wall_0098__s1__current_frame,0.0,0.0,0.0,0.0,100.0,90.956567,1.0,0.0,0.0,0.0,0.0,0.0,980,0.23979591836734693,0.32653061224489793,0.08673469387755102,1
838,block-0279,Base_Wall_0098,Wall_098,Base,1,10098,temporal,2,Base_Wall_0098__s1__temporal,0.0,0.0,0.0,0.0,100.0,90.326473,1.0,0.0,0.0,0.0,0.0,0.0,978,0.20552147239263804,0.23210633946830267,0.026584867075664622,1
839,block-0279,Base_Wall_0098,Wall_098,Base,1,10098,baseline,3,Base_Wall_0098__s1__baseline,0.0,0.0,0.0,0.0,100.0,90.167179,1.0,0.0,0.0,0.0,0.0,0.0,988,0.0,0.0,0.0,1
840,block-0280,Generalization_PedestriansOnRoad_1085,PedestriansOnRoad_085,Generalization,2,20085,baseline,1,Generalization_PedestriansOnRoad_1085__s2__baseline,0.0,0.0,0.0,0.0,100.0,40.838567,1.0,0.0,0.0,0.0,0.0,0.0,1579,0.0,0.0,0.0,1
841,block-0280,Generalization_PedestriansOnRoad_1085,PedestriansOnRoad_085,Generalization,2,20085,temporal,2,Generalization_PedestriansOnRoad_1085__s2__temporal,0.0,0.0,0.0,0.0,100.0,40.857198,1.0,0.0,0.0,0.0,0.0,0.0,1561,0.04484304932735426,0.05253042921204356,0.007687379884689302,1
842,block-0280,Generalization_PedestriansOnRoad_1085,PedestriansOnRoad_085,Generalization,2,20085,current_frame,3,Generalization_PedestriansOnRoad_1085__s2__current_frame,0.0,0.0,0.0,0.0,100.0,56.374119,1.0,0.0,0.0,0.0,0.0,0.0,1522,0.08015768725361366,0.1307490144546649,0.05059132720105125,1
843,block-0281,Generalization_RightConstruction_1092,RightConstruction_092,Generalization,2,20092,current_frame,1,Generalization_RightConstruction_1092__s2__current_frame,0.0,0.0,0.0,0.0,100.0,53.234421,1.0,0.0,0.0,0.0,0.0,0.0,838,0.0441527446300716,0.09785202863961814,0.05369928400954654,1
844,block-0281,Generalization_RightConstruction_1092,RightConstruction_092,Generalization,2,20092,temporal,2,Generalization_RightConstruction_1092__s2__temporal,0.0,0.0,0.0,0.0,100.0,50.954673,1.0,0.0,0.0,0.0,0.0,0.0,893,0.0335946248600224,0.055991041433370664,0.022396416573348264,1
845,block-0281,Generalization_RightConstruction_1092,RightConstruction_092,Generalization,2,20092,baseline,3,Generalization_RightConstruction_1092__s2__baseline,0.0,0.0,0.0,0.0,100.0,52.258859,1.0,0.0,0.0,0.0,0.0,0.0,859,0.0,0.0,0.0,1
846,block-0282,Base_BadParking_0006,BadParking_006,Base,1,10006,current_frame,1,Base_BadParking_0006__s1__current_frame,1.0,0.0,1.0,0.0,100.0,50.145102,0.0,0.0,0.0,0.0,0.0,0.0,1601,0.2704559650218613,0.3216739537788882,0.05121798875702686,1
847,block-0282,Base_BadParking_0006,BadParking_006,Base,1,10006,temporal,2,Base_BadParking_0006__s1__temporal,1.0,0.0,1.0,0.0,100.0,50.209682,0.0,0.0,0.0,0.0,0.0,0.0,1587,0.2885948330182735,0.29867674858223064,0.010081915563957152,1
848,block-0282,Base_BadParking_0006,BadParking_006,Base,1,10006,baseline,3,Base_BadParking_0006__s1__baseline,1.0,0.0,1.0,0.0,100.0,52.475611,0.0,0.0,0.0,0.0,0.0,0.0,1547,0.0,0.0,0.0,1
849,block-0283,Generalization_ConstructionPedestrian_1013,ConstructionPedestrian_013,Generalization,2,20013,baseline,1,Generalization_ConstructionPedestrian_1013__s2__baseline,1.0,0.0,1.0,0.0,59.48,3.060102,0.0,1.0,1.0,1.0,0.0,0.0,7389,0.0,0.0,0.0,1
850,block-0283,Generalization_ConstructionPedestrian_1013,ConstructionPedestrian_013,Generalization,2,20013,temporal,2,Generalization_ConstructionPedestrian_1013__s2__temporal,1.0,0.0,0.0,1.0,50.22,13.885907,0.0,1.0,1.0,1.0,0.0,0.0,7173,0.1452669733723686,0.38421859751847204,0.23895162414610344,1
851,block-0283,Generalization_ConstructionPedestrian_1013,ConstructionPedestrian_013,Generalization,2,20013,current_frame,3,Generalization_ConstructionPedestrian_1013__s2__current_frame,1.0,0.0,0.0,1.0,50.22,13.962448,0.0,1.0,1.0,1.0,0.0,0.0,7173,0.14777638366095078,0.7688554300850411,0.6210790464240903,1
852,block-0284,Base_ImageOnObject_0043,ImageOnObject_043,Base,1,10043,current_frame,1,Base_ImageOnObject_0043__s1__current_frame,0.0,0.0,0.0,0.0,100.0,73.57449,1.0,0.0,0.0,0.0,0.0,0.0,800,0.15125,0.235,0.08375,1
853,block-0284,Base_ImageOnObject_0043,ImageOnObject_043,Base,1,10043,temporal,2,Base_ImageOnObject_0043__s1__temporal,0.0,0.0,0.0,0.0,100.0,72.386034,1.0,0.0,0.0,0.0,0.0,0.0,810,0.29012345679012347,0.3074074074074074,0.01728395061728395,1
854,block-0284,Base_ImageOnObject_0043,ImageOnObject_043,Base,1,10043,baseline,3,Base_ImageOnObject_0043__s1__baseline,0.0,0.0,0.0,0.0,100.0,68.702927,1.0,0.0,0.0,0.0,0.0,0.0,839,0.0,0.0,0.0,1
855,block-0285,Generalization_OppositeConstruction_1051,OppositeConstruction_051,Generalization,1,10051,temporal,1,Generalization_OppositeConstruction_1051__s1__temporal,0.0,0.0,0.0,0.0,100.0,85.177249,1.0,0.0,0.0,0.0,0.0,0.0,1322,0.01361573373676248,0.0226928895612708,0.009077155824508321,1
856,block-0285,Generalization_OppositeConstruction_1051,OppositeConstruction_051,Generalization,1,10051,baseline,2,Generalization_OppositeConstruction_1051__s1__baseline,0.0,0.0,0.0,0.0,100.0,84.994885,1.0,0.0,0.0,0.0,0.0,0.0,1286,0.0,0.0,0.0,1
857,block-0285,Generalization_OppositeConstruction_1051,OppositeConstruction_051,Generalization,1,10051,current_frame,3,Generalization_OppositeConstruction_1051__s1__current_frame,0.0,0.0,0.0,0.0,100.0,84.070139,1.0,0.0,0.0,0.0,0.0,0.0,1329,0.022573363431151242,0.07674943566591422,0.05417607223476298,1
858,block-0286,Generalization_RightOfWay_1058,RightOfWay_058,Generalization,1,10058,temporal,1,Generalization_RightOfWay_1058__s1__temporal,0.0,0.0,0.0,0.0,100.0,54.086313,1.0,0.0,0.0,0.0,0.0,0.0,1684,0.032066508313539195,0.060570071258907364,0.028503562945368172,1
859,block-0286,Generalization_RightOfWay_1058,RightOfWay_058,Generalization,1,10058,current_frame,2,Generalization_RightOfWay_1058__s1__current_frame,0.0,0.0,0.0,0.0,100.0,53.401538,1.0,0.0,0.0,0.0,0.0,0.0,1705,0.015249266862170088,0.09266862170087976,0.07741935483870968,1
860,block-0286,Generalization_RightOfWay_1058,RightOfWay_058,Generalization,1,10058,baseline,3,Generalization_RightOfWay_1058__s1__baseline,0.0,0.0,0.0,0.0,100.0,54.379427,1.0,0.0,0.0,0.0,0.0,0.0,1723,0.0,0.0,0.0,1
861,block-0287,Generalization_FullyBlocked_1034,FullyBlocked_034,Generalization,3,30034,current_frame,1,Generalization_FullyBlocked_1034__s3__current_frame,1.0,0.0,0.0,1.0,100.0,28.25116,0.0,0.0,0.0,0.0,0.0,0.0,1122,0.07040998217468805,0.3146167557932264,0.24420677361853832,1
862,block-0287,Generalization_FullyBlocked_1034,FullyBlocked_034,Generalization,3,30034,temporal,2,Generalization_FullyBlocked_1034__s3__temporal,1.0,0.0,0.0,1.0,100.0,27.158073,0.0,0.0,0.0,0.0,0.0,0.0,1965,0.0183206106870229,0.5017811704834606,0.48346055979643765,1
863,block-0287,Generalization_FullyBlocked_1034,FullyBlocked_034,Generalization,3,30034,baseline,3,Generalization_FullyBlocked_1034__s3__baseline,1.0,0.0,0.0,1.0,100.0,28.193541,0.0,0.0,0.0,0.0,0.0,0.0,1090,0.0,0.0,0.0,1
864,block-0288,Base_BadParking_0007,BadParking_007,Base,3,30007,temporal,1,Base_BadParking_0007__s3__temporal,1.0,0.0,1.0,0.0,100.0,52.494814,0.0,0.0,0.0,0.0,0.0,0.0,1627,0.08543331284572833,0.11923786109403811,0.02950215119852489,1
865,block-0288,Base_BadParking_0007,BadParking_007,Base,3,30007,baseline,2,Base_BadParking_0007__s3__baseline,1.0,0.0,1.0,0.0,100.0,10.055181,0.0,1.0,0.0,1.0,0.0,0.0,5872,0.0,0.0,0.0,1
866,block-0288,Base_BadParking_0007,BadParking_007,Base,3,30007,current_frame,3,Base_BadParking_0007__s3__current_frame,1.0,0.0,1.0,0.0,50.5,12.963911,0.0,1.0,1.0,1.0,0.0,0.0,7141,0.11749054754236102,0.809970592354012,0.6837977874247304,1
867,block-0289,Generalization_FullyBlocked_1033,FullyBlocked_033,Generalization,1,10033,temporal,1,Generalization_FullyBlocked_1033__s1__temporal,1.0,0.0,1.0,0.0,100.0,53.243756,0.0,0.0,0.0,0.0,0.0,0.0,1867,0.12640599892876273,0.6882699517943225,0.5597214783074451,1
868,block-0289,Generalization_FullyBlocked_1033,FullyBlocked_033,Generalization,1,10033,current_frame,2,Generalization_FullyBlocked_1033__s1__current_frame,1.0,0.0,1.0,0.0,100.0,53.604909,0.0,0.0,0.0,0.0,0.0,0.0,1848,0.16666666666666666,0.7559523809523809,0.5806277056277056,1
869,block-0289,Generalization_FullyBlocked_1033,FullyBlocked_033,Generalization,1,10033,baseline,3,Generalization_FullyBlocked_1033__s1__baseline,1.0,0.0,1.0,0.0,100.0,53.215326,0.0,0.0,0.0,0.0,0.0,0.0,1789,0.0,0.0,0.0,1
870,block-0290,Generalization_CustomObstacles_1023,CustomObstacles_023,Generalization,2,20023,baseline,1,Generalization_CustomObstacles_1023__s2__baseline,1.0,0.0,0.0,1.0,100.0,43.822902,0.0,0.0,0.0,0.0,0.0,0.0,1346,0.0,0.0,0.0,1
871,block-0290,Generalization_CustomObstacles_1023,CustomObstacles_023,Generalization,2,20023,current_frame,2,Generalization_CustomObstacles_1023__s2__current_frame,1.0,0.0,0.0,1.0,100.0,43.060555,0.0,0.0,0.0,0.0,0.0,0.0,1421,0.1358198451794511,0.23011963406052077,0.09429978888106967,1
872,block-0290,Generalization_CustomObstacles_1023,CustomObstacles_023,Generalization,2,20023,temporal,3,Generalization_CustomObstacles_1023__s2__temporal,1.0,0.0,0.0,1.0,100.0,43.713159,0.0,0.0,0.0,0.0,0.0,0.0,1364,0.056451612903225805,0.12463343108504399,0.06818181818181818,1
873,block-0291,Generalization_Animals_1082,Animals_082,Generalization,2,20082,current_frame,1,Generalization_Animals_1082__s2__current_frame,1.0,1.0,0.0,0.0,100.0,39.30675,0.0,0.0,0.0,0.0,0.0,0.0,670,0.1746268656716418,0.408955223880597,0.23432835820895523,1
874,block-0291,Generalization_Animals_1082,Animals_082,Generalization,2,20082,baseline,2,Generalization_Animals_1082__s2__baseline,1.0,1.0,0.0,0.0,100.0,38.160236,0.0,0.0,0.0,0.0,0.0,0.0,685,0.0,0.0,0.0,1
875,block-0291,Generalization_Animals_1082,Animals_082,Generalization,2,20082,temporal,3,Generalization_Animals_1082__s2__temporal,1.0,1.0,0.0,0.0,100.0,38.597695,0.0,0.0,0.0,0.0,0.0,0.0,685,0.23065693430656933,0.43503649635036495,0.20437956204379562,1
876,block-0292,Base_CustomObstacles_0025,CustomObstacles_025,Base,2,20025,current_frame,1,Base_CustomObstacles_0025__s2__current_frame,1.0,0.0,1.0,0.0,62.78,19.601905,0.0,1.0,1.0,1.0,0.0,0.0,7461,0.02962069427690658,0.9123441897868918,0.2415225841040075,1
877,block-0292,Base_CustomObstacles_0025,CustomObstacles_025,Base,2,20025,baseline,2,Base_CustomObstacles_0025__s2__baseline,1.0,0.0,1.0,0.0,100.0,15.551381,0.0,0.0,0.0,0.0,0.0,0.0,2619,0.0,0.0,0.0,1
878,block-0292,Base_CustomObstacles_0025,CustomObstacles_025,Base,2,20025,temporal,3,Base_CustomObstacles_0025__s2__temporal,1.0,0.0,1.0,0.0,62.0,19.38362,0.0,1.0,1.0,1.0,0.0,0.0,7443,0.012226252855031573,0.9039365847104662,0.2576917909445116,1
879,block-0293,Generalization_ConstructionPermutations_1018,ConstructionPermutations_018,Generalization,3,30018,temporal,1,Generalization_ConstructionPermutations_1018__s3__temporal,0.0,0.0,0.0,0.0,100.0,46.266004,1.0,0.0,0.0,0.0,0.0,0.0,1753,0.0775812892184826,0.07929264118653737,0.0017113519680547634,1
880,block-0293,Generalization_ConstructionPermutations_1018,ConstructionPermutations_018,Generalization,3,30018,baseline,2,Generalization_ConstructionPermutations_1018__s3__baseline,0.0,0.0,0.0,0.0,100.0,45.977512,1.0,0.0,0.0,0.0,0.0,0.0,1738,0.0,0.0,0.0,1
881,block-0293,Generalization_ConstructionPermutations_1018,ConstructionPermutations_018,Generalization,3,30018,current_frame,3,Generalization_ConstructionPermutations_1018__s3__current_frame,1.0,0.0,1.0,0.0,100.0,29.406948,0.0,0.0,0.0,0.0,0.0,0.0,1752,0.06963470319634703,0.08047945205479452,0.0005707762557077625,1
882,block-0294,Base_BadParking_0008,BadParking_008,Base,1,10008,current_frame,1,Base_BadParking_0008__s1__current_frame,0.0,0.0,0.0,0.0,100.0,92.343699,1.0,0.0,0.0,0.0,0.0,0.0,853,0.17584994138335286,0.2672919109026964,0.0914419695193435,1
883,block-0294,Base_BadParking_0008,BadParking_008,Base,1,10008,baseline,2,Base_BadParking_0008__s1__baseline,1.0,0.0,1.0,0.0,72.81,10.611838,0.0,1.0,1.0,1.0,0.0,0.0,7544,0.0,0.0,0.0,1
884,block-0294,Base_BadParking_0008,BadParking_008,Base,1,10008,temporal,3,Base_BadParking_0008__s1__temporal,1.0,0.0,1.0,0.0,100.0,13.140519,0.0,1.0,0.0,1.0,0.0,0.0,5512,0.06059506531204644,0.8782656023222061,0.7861030478955007,1
885,block-0295,Generalization_ObscuredStop_1048,ObscuredStop_048,Generalization,2,20048,temporal,1,Generalization_ObscuredStop_1048__s2__temporal,0.0,0.0,0.0,0.0,100.0,94.580417,1.0,0.0,0.0,0.0,0.0,0.0,731,0.19835841313269495,0.24350205198358413,0.04514363885088919,1
886,block-0295,Generalization_ObscuredStop_1048,ObscuredStop_048,Generalization,2,20048,baseline,2,Generalization_ObscuredStop_1048__s2__baseline,0.0,0.0,0.0,0.0,100.0,95.476,1.0,0.0,0.0,0.0,0.0,0.0,652,0.0,0.0,0.0,1
887,block-0295,Generalization_ObscuredStop_1048,ObscuredStop_048,Generalization,2,20048,current_frame,3,Generalization_ObscuredStop_1048__s2__current_frame,0.0,0.0,0.0,0.0,100.0,94.507,1.0,0.0,0.0,0.0,0.0,0.0,719,0.3671766342141864,0.4993045897079277,0.13212795549374132,1
888,block-0296,Base_ImageOnObject_0042,ImageOnObject_042,Base,2,20042,baseline,1,Base_ImageOnObject_0042__s2__baseline,0.0,0.0,0.0,0.0,100.0,80.907661,1.0,0.0,0.0,0.0,0.0,0.0,807,0.0,0.0,0.0,1
889,block-0296,Base_ImageOnObject_0042,ImageOnObject_042,Base,2,20042,current_frame,2,Base_ImageOnObject_0042__s2__current_frame,0.0,0.0,0.0,0.0,100.0,83.427859,1.0,0.0,0.0,0.0,0.0,0.0,786,0.10814249363867684,0.19338422391857507,0.08524173027989822,1
890,block-0296,Base_ImageOnObject_0042,ImageOnObject_042,Base,2,20042,temporal,3,Base_ImageOnObject_0042__s2__temporal,0.0,0.0,0.0,0.0,100.0,84.280922,1.0,0.0,0.0,0.0,0.0,0.0,776,0.08505154639175258,0.12757731958762886,0.04252577319587629,1
891,block-0297,Generalization_Animals_1081,Animals_081,Generalization,1,10081,current_frame,1,Generalization_Animals_1081__s1__current_frame,1.0,0.0,0.0,1.0,68.25,4.65769,0.0,0.0,0.0,0.0,1.0,0.0,4056,0.01947731755424063,0.9252958579881657,0.9058185404339251,1
892,block-0297,Generalization_Animals_1081,Animals_081,Generalization,1,10081,temporal,2,Generalization_Animals_1081__s1__temporal,1.0,0.0,0.0,1.0,68.25,4.085036,0.0,0.0,0.0,0.0,1.0,0.0,4054,0.012826837691169216,0.9176122348297977,0.9042920572274297,1
893,block-0297,Generalization_Animals_1081,Animals_081,Generalization,1,10081,baseline,3,Generalization_Animals_1081__s1__baseline,1.0,0.0,0.0,1.0,69.02,7.248141,0.0,0.0,0.0,0.0,1.0,0.0,4068,0.0,0.0,0.0,1
894,block-0298,Generalization_FullyBlocked_1031,FullyBlocked_031,Generalization,1,10031,temporal,1,Generalization_FullyBlocked_1031__s1__temporal,1.0,0.0,1.0,0.0,100.0,43.790566,0.0,0.0,0.0,0.0,0.0,0.0,3453,0.0645815233130611,0.6035331595713872,0.11323486823052419,1
895,block-0298,Generalization_FullyBlocked_1031,FullyBlocked_031,Generalization,1,10031,baseline,2,Generalization_FullyBlocked_1031__s1__baseline,1.0,0.0,0.0,1.0,100.0,37.188902,0.0,0.0,0.0,0.0,0.0,0.0,1775,0.0,0.0,0.0,1
896,block-0298,Generalization_FullyBlocked_1031,FullyBlocked_031,Generalization,1,10031,current_frame,3,Generalization_FullyBlocked_1031__s1__current_frame,1.0,0.0,0.0,1.0,100.0,15.633904,0.0,0.0,0.0,0.0,0.0,0.0,1764,0.07993197278911565,0.28401360544217685,0.20408163265306123,1
897,block-0299,Generalization_ObscuredStop_1046,ObscuredStop_046,Generalization,1,10046,current_frame,1,Generalization_ObscuredStop_1046__s1__current_frame,1.0,0.0,1.0,0.0,100.0,25.010474,0.0,0.0,0.0,0.0,0.0,0.0,2950,0.12779661016949154,0.8481355932203389,0.6711864406779661,1
898,block-0299,Generalization_ObscuredStop_1046,ObscuredStop_046,Generalization,1,10046,temporal,2,Generalization_ObscuredStop_1046__s1__temporal,0.0,0.0,0.0,0.0,100.0,78.720258,1.0,0.0,0.0,0.0,0.0,0.0,764,0.2801047120418848,0.32591623036649214,0.04581151832460733,1
899,block-0299,Generalization_ObscuredStop_1046,ObscuredStop_046,Generalization,1,10046,baseline,3,Generalization_ObscuredStop_1046__s1__baseline,0.0,0.0,0.0,0.0,100.0,85.134582,1.0,0.0,0.0,0.0,0.0,0.0,725,0.0,0.0,0.0,1
900,block-0300,Base_Animals_0077,Animals_077,Base,3,30077,baseline,1,Base_Animals_0077__s3__baseline,0.0,0.0,0.0,0.0,100.0,75.536923,1.0,0.0,0.0,0.0,0.0,0.0,677,0.0,0.0,0.0,1
901,block-0300,Base_Animals_0077,Animals_077,Base,3,30077,current_frame,2,Base_Animals_0077__s3__current_frame,0.0,0.0,0.0,0.0,100.0,74.728202,1.0,0.0,0.0,0.0,0.0,0.0,673,0.24219910846953938,0.3462109955423477,0.10401188707280833,1
902,block-0300,Base_Animals_0077,Animals_077,Base,3,30077,temporal,3,Base_Animals_0077__s3__temporal,0.0,0.0,0.0,0.0,100.0,79.624011,1.0,0.0,0.0,0.0,0.0,0.0,632,0.1060126582278481,0.16455696202531644,0.058544303797468354,1
903,block-0301,Base_BadParking_0001,BadParking_001,Base,1,10001,baseline,1,Base_BadParking_0001__s1__baseline,1.0,0.0,1.0,0.0,100.0,36.556998,0.0,0.0,0.0,0.0,0.0,0.0,918,0.0,0.0,0.0,1
904,block-0301,Base_BadParking_0001,BadParking_001,Base,1,10001,current_frame,2,Base_BadParking_0001__s1__current_frame,0.0,0.0,0.0,0.0,100.0,53.790368,1.0,0.0,0.0,0.0,0.0,0.0,987,0.09929078014184398,0.22695035460992907,0.1276595744680851,1
905,block-0301,Base_BadParking_0001,BadParking_001,Base,1,10001,temporal,3,Base_BadParking_0001__s1__temporal,0.0,0.0,0.0,0.0,100.0,56.531861,1.0,0.0,0.0,0.0,0.0,0.0,953,0.12277019937040923,0.16369359916054566,0.040923399790136414,1
906,block-0302,Generalization_PassableObstacles_1064,PassableObstacles_064,Generalization,2,20064,temporal,1,Generalization_PassableObstacles_1064__s2__temporal,0.0,0.0,0.0,0.0,100.0,66.679262,1.0,0.0,0.0,0.0,0.0,0.0,928,0.04849137931034483,0.07327586206896551,0.02478448275862069,1
907,block-0302,Generalization_PassableObstacles_1064,PassableObstacles_064,Generalization,2,20064,current_frame,2,Generalization_PassableObstacles_1064__s2__current_frame,0.0,0.0,0.0,0.0,100.0,64.943487,1.0,0.0,0.0,0.0,0.0,0.0,930,0.11935483870967742,0.22903225806451613,0.10967741935483871,1
908,block-0302,Generalization_PassableObstacles_1064,PassableObstacles_064,Generalization,2,20064,baseline,3,Generalization_PassableObstacles_1064__s2__baseline,1.0,0.0,0.0,1.0,100.0,42.607898,0.0,0.0,0.0,0.0,0.0,0.0,931,0.0,0.0,0.0,1
909,block-0303,Base_Animals_0080,Animals_080,Base,1,10080,current_frame,1,Base_Animals_0080__s1__current_frame,0.0,0.0,0.0,0.0,100.0,83.769736,1.0,0.0,0.0,0.0,0.0,0.0,1135,0.3048458149779736,0.4185022026431718,0.10572687224669604,1
910,block-0303,Base_Animals_0080,Animals_080,Base,1,10080,temporal,2,Base_Animals_0080__s1__temporal,1.0,1.0,0.0,0.0,100.0,20.461894,0.0,0.0,0.0,0.0,0.0,0.0,1176,0.21598639455782312,0.33843537414965985,0.1130952380952381,1
911,block-0303,Base_Animals_0080,Animals_080,Base,1,10080,baseline,3,Base_Animals_0080__s1__baseline,0.0,0.0,0.0,0.0,100.0,81.546323,1.0,0.0,0.0,0.0,0.0,0.0,1139,0.0,0.0,0.0,1
912,block-0304,Base_Animals_0083,Animals_083,Base,3,30083,baseline,1,Base_Animals_0083__s3__baseline,0.0,0.0,0.0,0.0,100.0,64.869824,1.0,0.0,0.0,0.0,0.0,0.0,1364,0.0,0.0,0.0,1
913,block-0304,Base_Animals_0083,Animals_083,Base,3,30083,temporal,2,Base_Animals_0083__s3__temporal,0.0,0.0,0.0,0.0,100.0,67.176455,1.0,0.0,0.0,0.0,0.0,0.0,1347,0.038604305864884926,0.038604305864884926,0.0,1
914,block-0304,Base_Animals_0083,Animals_083,Base,3,30083,current_frame,3,Base_Animals_0083__s3__current_frame,0.0,0.0,0.0,0.0,100.0,67.113399,1.0,0.0,0.0,0.0,0.0,0.0,1353,0.06208425720620843,0.09090909090909091,0.027346637102734665,1
915,block-0305,Generalization_ImageOnObject_1044,ImageOnObject_044,Generalization,2,20044,baseline,1,Generalization_ImageOnObject_1044__s2__baseline,0.0,0.0,0.0,0.0,100.0,70.706353,1.0,0.0,0.0,0.0,0.0,0.0,426,0.0,0.0,0.0,1
916,block-0305,Generalization_ImageOnObject_1044,ImageOnObject_044,Generalization,2,20044,current_frame,2,Generalization_ImageOnObject_1044__s2__current_frame,0.0,0.0,0.0,0.0,100.0,64.363947,1.0,0.0,0.0,0.0,0.0,0.0,440,0.35454545454545455,0.6818181818181818,0.32727272727272727,1
917,block-0305,Generalization_ImageOnObject_1044,ImageOnObject_044,Generalization,2,20044,temporal,3,Generalization_ImageOnObject_1044__s2__temporal,0.0,0.0,0.0,0.0,100.0,61.159437,1.0,0.0,0.0,0.0,0.0,0.0,465,0.16129032258064516,0.27741935483870966,0.11612903225806452,1
918,block-0306,Base_ImageOnObject_0041,ImageOnObject_041,Base,2,20041,temporal,1,Base_ImageOnObject_0041__s2__temporal,0.0,0.0,0.0,0.0,100.0,67.773717,1.0,0.0,0.0,0.0,0.0,0.0,1031,0.30940834141610085,0.3792434529582929,0.06983511154219205,1
919,block-0306,Base_ImageOnObject_0041,ImageOnObject_041,Base,2,20041,current_frame,2,Base_ImageOnObject_0041__s2__current_frame,1.0,0.0,1.0,1.0,60.24,3.499902,0.0,0.0,0.0,0.0,0.0,1.0,5523,0.039833423863842116,0.9570885388375883,0.74814412456998,1
920,block-0306,Base_ImageOnObject_0041,ImageOnObject_041,Base,2,20041,baseline,3,Base_ImageOnObject_0041__s2__baseline,0.0,0.0,0.0,0.0,100.0,67.01341,1.0,0.0,0.0,0.0,0.0,0.0,1036,0.0,0.0,0.0,1
921,block-0307,Base_ImageOnObject_0041,ImageOnObject_041,Base,3,30041,current_frame,1,Base_ImageOnObject_0041__s3__current_frame,0.0,0.0,0.0,0.0,100.0,67.691193,1.0,0.0,0.0,0.0,0.0,0.0,1034,0.09477756286266925,0.14216634429400388,0.047388781431334626,1
922,block-0307,Base_ImageOnObject_0041,ImageOnObject_041,Base,3,30041,baseline,2,Base_ImageOnObject_0041__s3__baseline,0.0,0.0,0.0,0.0,100.0,70.046447,1.0,0.0,0.0,0.0,0.0,0.0,968,0.0,0.0,0.0,1
923,block-0307,Base_ImageOnObject_0041,ImageOnObject_041,Base,3,30041,temporal,3,Base_ImageOnObject_0041__s3__temporal,0.0,0.0,0.0,0.0,100.0,68.740103,1.0,0.0,0.0,0.0,0.0,0.0,965,0.3450777202072539,0.39585492227979274,0.05077720207253886,1
924,block-0308,Base_RightConstruction_0094,RightConstruction_094,Base,2,20094,temporal,1,Base_RightConstruction_0094__s2__temporal,0.0,0.0,0.0,0.0,100.0,68.575065,1.0,0.0,0.0,0.0,0.0,0.0,1400,0.08071428571428571,0.11928571428571429,0.03857142857142857,1
925,block-0308,Base_RightConstruction_0094,RightConstruction_094,Base,2,20094,baseline,2,Base_RightConstruction_0094__s2__baseline,0.0,0.0,0.0,0.0,100.0,68.185236,1.0,0.0,0.0,0.0,0.0,0.0,1393,0.0,0.0,0.0,1
926,block-0308,Base_RightConstruction_0094,RightConstruction_094,Base,2,20094,current_frame,3,Base_RightConstruction_0094__s2__current_frame,0.0,0.0,0.0,0.0,100.0,65.691808,1.0,0.0,0.0,0.0,0.0,0.0,1395,0.05448028673835126,0.1017921146953405,0.047311827956989246,1
927,block-0309,Generalization_OppositeConstruction_1050,OppositeConstruction_050,Generalization,3,30050,baseline,1,Generalization_OppositeConstruction_1050__s3__baseline,0.0,0.0,0.0,0.0,100.0,92.853927,1.0,0.0,0.0,0.0,0.0,0.0,991,0.0,0.0,0.0,1
928,block-0309,Generalization_OppositeConstruction_1050,OppositeConstruction_050,Generalization,3,30050,current_frame,2,Generalization_OppositeConstruction_1050__s3__current_frame,0.0,0.0,0.0,0.0,100.0,92.907449,1.0,0.0,0.0,0.0,0.0,0.0,969,0.17750257997936017,0.24045407636738905,0.0629514963880289,1
929,block-0309,Generalization_OppositeConstruction_1050,OppositeConstruction_050,Generalization,3,30050,temporal,3,Generalization_OppositeConstruction_1050__s3__temporal,0.0,0.0,0.0,0.0,100.0,93.6387,1.0,0.0,0.0,0.0,0.0,0.0,913,0.13253012048192772,0.16538882803943045,0.03285870755750274,1
930,block-0310,Base_HardBrake_0037,HardBrake_037,Base,1,10037,current_frame,1,Base_HardBrake_0037__s1__current_frame,0.0,0.0,0.0,0.0,100.0,47.451109,1.0,0.0,0.0,0.0,0.0,0.0,2506,0.04668794892258579,0.1280925778132482,0.08140462889066241,1
931,block-0310,Base_HardBrake_0037,HardBrake_037,Base,1,10037,temporal,2,Base_HardBrake_0037__s1__temporal,0.0,0.0,0.0,0.0,100.0,48.094953,1.0,0.0,0.0,0.0,0.0,0.0,2440,0.03401639344262295,0.0889344262295082,0.05491803278688524,1
932,block-0310,Base_HardBrake_0037,HardBrake_037,Base,1,10037,baseline,3,Base_HardBrake_0037__s1__baseline,0.0,0.0,0.0,0.0,100.0,48.687969,1.0,0.0,0.0,0.0,0.0,0.0,2376,0.0,0.0,0.0,1
933,block-0311,Generalization_BadParking_1003,BadParking_003,Generalization,3,30003,baseline,1,Generalization_BadParking_1003__s3__baseline,0.0,0.0,0.0,0.0,100.0,41.405233,1.0,0.0,0.0,0.0,0.0,0.0,1879,0.0,0.0,0.0,1
934,block-0311,Generalization_BadParking_1003,BadParking_003,Generalization,3,30003,current_frame,2,Generalization_BadParking_1003__s3__current_frame,0.0,0.0,0.0,0.0,100.0,45.580066,1.0,0.0,0.0,0.0,0.0,0.0,1823,0.10916072408118487,0.12287438288535381,0.013713658804168952,1
935,block-0311,Generalization_BadParking_1003,BadParking_003,Generalization,3,30003,temporal,3,Generalization_BadParking_1003__s3__temporal,0.0,0.0,0.0,0.0,100.0,45.460247,1.0,0.0,0.0,0.0,0.0,0.0,2026,0.08588351431391905,0.09921026653504442,0.01332675222112537,1
936,block-0312,Generalization_PassableObstacles_1062,PassableObstacles_062,Generalization,1,10062,temporal,1,Generalization_PassableObstacles_1062__s1__temporal,0.0,0.0,0.0,0.0,100.0,59.049017,1.0,0.0,0.0,0.0,0.0,0.0,1903,0.2501313715186548,0.27588018917498686,0.025748817656332107,1
937,block-0312,Generalization_PassableObstacles_1062,PassableObstacles_062,Generalization,1,10062,baseline,2,Generalization_PassableObstacles_1062__s1__baseline,0.0,0.0,0.0,0.0,100.0,59.382468,1.0,0.0,0.0,0.0,0.0,0.0,1893,0.0,0.0,0.0,1
938,block-0312,Generalization_PassableObstacles_1062,PassableObstacles_062,Generalization,1,10062,current_frame,3,Generalization_PassableObstacles_1062__s1__current_frame,0.0,0.0,0.0,0.0,100.0,58.812561,1.0,0.0,0.0,0.0,0.0,0.0,1906,0.12906610703043023,0.20461699895068206,0.07555089192025184,1
939,block-0313,Generalization_PedestrianCrowd_1068,PedestrianCrowd_068,Generalization,2,20068,temporal,1,Generalization_PedestrianCrowd_1068__s2__temporal,0.0,0.0,0.0,0.0,100.0,87.010803,1.0,0.0,0.0,0.0,0.0,0.0,547,0.09689213893967093,0.12979890310786105,0.03290676416819013,1
940,block-0313,Generalization_PedestrianCrowd_1068,PedestrianCrowd_068,Generalization,2,20068,current_frame,2,Generalization_PedestrianCrowd_1068__s2__current_frame,0.0,0.0,0.0,0.0,100.0,86.753904,1.0,0.0,0.0,0.0,0.0,0.0,558,0.13261648745519714,0.24193548387096775,0.10931899641577061,1
941,block-0313,Generalization_PedestrianCrowd_1068,PedestrianCrowd_068,Generalization,2,20068,baseline,3,Generalization_PedestrianCrowd_1068__s2__baseline,0.0,0.0,0.0,0.0,100.0,86.754892,1.0,0.0,0.0,0.0,0.0,0.0,549,0.0,0.0,0.0,1
942,block-0314,Base_PedestrianOtherBlocker_0070,PedestrianOtherBlocker_070,Base,3,30070,baseline,1,Base_PedestrianOtherBlocker_0070__s3__baseline,1.0,0.0,0.0,1.0,43.74,1.211441,0.0,0.0,0.0,0.0,1.0,0.0,4190,0.0,0.0,0.0,1
943,block-0314,Base_PedestrianOtherBlocker_0070,PedestrianOtherBlocker_070,Base,3,30070,temporal,2,Base_PedestrianOtherBlocker_0070__s3__temporal,1.0,0.0,1.0,1.0,27.58,1.112694,0.0,0.0,0.0,0.0,1.0,0.0,4180,0.030861244019138756,0.9380382775119617,0.9014354066985646,1
944,block-0314,Base_PedestrianOtherBlocker_0070,PedestrianOtherBlocker_070,Base,3,30070,current_frame,3,Base_PedestrianOtherBlocker_0070__s3__current_frame,1.0,0.0,0.0,1.0,43.74,0.896689,0.0,0.0,0.0,0.0,1.0,0.0,4294,0.06031672100605496,0.9343269678621332,0.8698183511877038,1
945,block-0315,Base_PedestriansOnRoad_0087,PedestriansOnRoad_087,Base,2,20087,baseline,1,Base_PedestriansOnRoad_0087__s2__baseline,0.0,0.0,0.0,0.0,100.0,76.287399,1.0,0.0,0.0,0.0,0.0,0.0,966,0.0,0.0,0.0,1
946,block-0315,Base_PedestriansOnRoad_0087,PedestriansOnRoad_087,Base,2,20087,temporal,2,Base_PedestriansOnRoad_0087__s2__temporal,0.0,0.0,0.0,0.0,100.0,70.206215,1.0,0.0,0.0,0.0,0.0,0.0,1043,0.1840843720038351,0.22627037392138064,0.04218600191754554,1
947,block-0315,Base_PedestriansOnRoad_0087,PedestriansOnRoad_087,Base,2,20087,current_frame,3,Base_PedestriansOnRoad_0087__s2__current_frame,1.0,0.0,1.0,0.0,100.0,16.402091,0.0,0.0,0.0,0.0,0.0,0.0,6744,0.12440688018979834,0.8681791221826809,0.6674080664294187,1
948,block-0316,Base_Animals_0084,Animals_084,Base,1,10084,current_frame,1,Base_Animals_0084__s1__current_frame,1.0,0.0,0.0,1.0,35.6,13.832679,0.0,0.0,0.0,0.0,1.0,0.0,3898,0.6500769625448948,0.7337095946639303,0.0836326321190354,1
949,block-0316,Base_Animals_0084,Animals_084,Base,1,10084,temporal,2,Base_Animals_0084__s1__temporal,1.0,0.0,0.0,1.0,35.6,14.053017,0.0,0.0,0.0,0.0,1.0,0.0,3881,0.8763205359443442,0.8804431847461994,0.004122648801855192,1
950,block-0316,Base_Animals_0084,Animals_084,Base,1,10084,baseline,3,Base_Animals_0084__s1__baseline,1.0,0.0,0.0,1.0,35.6,14.912485,0.0,0.0,0.0,0.0,1.0,0.0,3894,0.0,0.0,0.0,1
951,block-0317,Base_OppositeConstruction_0053,OppositeConstruction_053,Base,3,30053,current_frame,1,Base_OppositeConstruction_0053__s3__current_frame,0.0,0.0,0.0,0.0,100.0,72.591881,1.0,0.0,0.0,0.0,0.0,0.0,1123,0.007123775601068566,0.10596616206589493,0.09884238646482636,1
952,block-0317,Base_OppositeConstruction_0053,OppositeConstruction_053,Base,3,30053,temporal,2,Base_OppositeConstruction_0053__s3__temporal,0.0,0.0,0.0,0.0,100.0,76.269278,1.0,0.0,0.0,0.0,0.0,0.0,1039,0.019249278152069296,0.04427333974975938,0.025024061597690085,1
953,block-0317,Base_OppositeConstruction_0053,OppositeConstruction_053,Base,3,30053,baseline,3,Base_OppositeConstruction_0053__s3__baseline,0.0,0.0,0.0,0.0,100.0,71.781809,1.0,0.0,0.0,0.0,0.0,0.0,1083,0.0,0.0,0.0,1
954,block-0318,Base_Wall_0098,Wall_098,Base,2,20098,temporal,1,Base_Wall_0098__s2__temporal,0.0,0.0,0.0,0.0,100.0,91.902689,1.0,0.0,0.0,0.0,0.0,0.0,983,0.23499491353001017,0.28484231943031535,0.04984740590030519,1
955,block-0318,Base_Wall_0098,Wall_098,Base,2,20098,current_frame,2,Base_Wall_0098__s2__current_frame,0.0,0.0,0.0,0.0,100.0,91.70907,1.0,0.0,0.0,0.0,0.0,0.0,1000,0.294,0.424,0.13,1
956,block-0318,Base_Wall_0098,Wall_098,Base,2,20098,baseline,3,Base_Wall_0098__s2__baseline,0.0,0.0,0.0,0.0,100.0,91.03273,1.0,0.0,0.0,0.0,0.0,0.0,985,0.0,0.0,0.0,1
957,block-0319,Base_PedestriansOnRoad_0086,PedestriansOnRoad_086,Base,1,10086,current_frame,1,Base_PedestriansOnRoad_0086__s1__current_frame,0.0,0.0,0.0,0.0,100.0,75.289669,1.0,0.0,0.0,0.0,0.0,0.0,1450,0.017241379310344827,0.05724137931034483,0.04,1
958,block-0319,Base_PedestriansOnRoad_0086,PedestriansOnRoad_086,Base,1,10086,baseline,2,Base_PedestriansOnRoad_0086__s1__baseline,0.0,0.0,0.0,0.0,100.0,74.977266,1.0,0.0,0.0,0.0,0.0,0.0,1486,0.0,0.0,0.0,1
959,block-0319,Base_PedestriansOnRoad_0086,PedestriansOnRoad_086,Base,1,10086,temporal,3,Base_PedestriansOnRoad_0086__s1__temporal,0.0,0.0,0.0,0.0,100.0,78.150366,1.0,0.0,0.0,0.0,0.0,0.0,1367,0.010972933430870519,0.02121433796634967,0.010241404535479151,1
960,block-0320,Base_PassableObstacles_0061,PassableObstacles_061,Base,2,20061,temporal,1,Base_PassableObstacles_0061__s2__temporal,0.0,0.0,0.0,0.0,100.0,89.866,1.0,0.0,0.0,0.0,0.0,0.0,553,0.11754068716094032,0.15370705244122965,0.03616636528028933,1
961,block-0320,Base_PassableObstacles_0061,PassableObstacles_061,Base,2,20061,current_frame,2,Base_PassableObstacles_0061__s2__current_frame,0.0,0.0,0.0,0.0,100.0,87.724517,1.0,0.0,0.0,0.0,0.0,0.0,574,0.4372822299651568,0.5557491289198606,0.11846689895470383,1
962,block-0320,Base_PassableObstacles_0061,PassableObstacles_061,Base,2,20061,baseline,3,Base_PassableObstacles_0061__s2__baseline,0.0,0.0,0.0,0.0,100.0,90.186618,1.0,0.0,0.0,0.0,0.0,0.0,540,0.0,0.0,0.0,1
963,block-0321,Generalization_BadParking_1001,BadParking_001,Generalization,1,10001,current_frame,1,Generalization_BadParking_1001__s1__current_frame,0.0,0.0,0.0,0.0,100.0,50.80844,1.0,0.0,0.0,0.0,0.0,0.0,1048,0.10877862595419847,0.2538167938931298,0.1450381679389313,1
964,block-0321,Generalization_BadParking_1001,BadParking_001,Generalization,1,10001,temporal,2,Generalization_BadParking_1001__s1__temporal,1.0,0.0,1.0,0.0,100.0,25.319247,0.0,0.0,0.0,0.0,0.0,0.0,1368,0.13157894736842105,0.472953216374269,0.34137426900584794,1
965,block-0321,Generalization_BadParking_1001,BadParking_001,Generalization,1,10001,baseline,3,Generalization_BadParking_1001__s1__baseline,1.0,0.0,1.0,1.0,53.15,3.505697,0.0,1.0,1.0,1.0,0.0,0.0,6831,0.0,0.0,0.0,1
966,block-0322,Base_PassableObstacles_0062,PassableObstacles_062,Base,2,20062,temporal,1,Base_PassableObstacles_0062__s2__temporal,0.0,0.0,0.0,0.0,100.0,64.967808,1.0,0.0,0.0,0.0,0.0,0.0,1893,0.09931325937665082,0.12731114632857898,0.027997886951928157,1
967,block-0322,Base_PassableObstacles_0062,PassableObstacles_062,Base,2,20062,current_frame,2,Base_PassableObstacles_0062__s2__current_frame,0.0,0.0,0.0,0.0,100.0,65.404459,1.0,0.0,0.0,0.0,0.0,0.0,1898,0.16649104320337196,0.2386722866174921,0.07218124341412013,1
968,block-0322,Base_PassableObstacles_0062,PassableObstacles_062,Base,2,20062,baseline,3,Base_PassableObstacles_0062__s2__baseline,0.0,0.0,0.0,0.0,100.0,71.341283,1.0,0.0,0.0,0.0,0.0,0.0,1893,0.0,0.0,0.0,1
969,block-0323,Base_HardBrake_0036,HardBrake_036,Base,3,30036,baseline,1,Base_HardBrake_0036__s3__baseline,1.0,0.0,1.0,0.0,100.0,24.033689,0.0,0.0,0.0,0.0,0.0,0.0,3602,0.0,0.0,0.0,1
970,block-0323,Base_HardBrake_0036,HardBrake_036,Base,3,30036,current_frame,2,Base_HardBrake_0036__s3__current_frame,0.0,0.0,0.0,0.0,100.0,40.960469,1.0,0.0,0.0,0.0,0.0,0.0,3484,0.08696900114810563,0.15126291618828933,0.06400688863375431,1
971,block-0323,Base_HardBrake_0036,HardBrake_036,Base,3,30036,temporal,3,Base_HardBrake_0036__s3__temporal,0.0,0.0,0.0,0.0,100.0,39.873289,1.0,0.0,0.0,0.0,0.0,0.0,3500,0.1717142857142857,0.18828571428571428,0.01657142857142857,1
972,block-0324,Base_Animals_0079,Animals_079,Base,1,10079,baseline,1,Base_Animals_0079__s1__baseline,1.0,0.0,0.0,1.0,63.88,25.62742,0.0,0.0,0.0,0.0,1.0,0.0,4196,0.0,0.0,0.0,1
973,block-0324,Base_Animals_0079,Animals_079,Base,1,10079,temporal,2,Base_Animals_0079__s1__temporal,0.0,0.0,0.0,0.0,100.0,94.033882,1.0,0.0,0.0,0.0,0.0,0.0,887,0.2638105975197294,0.39120631341600903,0.1273957158962796,1
974,block-0324,Base_Animals_0079,Animals_079,Base,1,10079,current_frame,3,Base_Animals_0079__s1__current_frame,1.0,1.0,0.0,0.0,100.0,21.946014,0.0,0.0,0.0,0.0,0.0,0.0,907,0.20837927232635062,0.5104740904079382,0.30209481808158767,1
975,block-0325,Generalization_PedestriansOnRoad_1085,PedestriansOnRoad_085,Generalization,1,10085,temporal,1,Generalization_PedestriansOnRoad_1085__s1__temporal,0.0,0.0,0.0,0.0,100.0,56.163817,1.0,0.0,0.0,0.0,0.0,0.0,1488,0.061155913978494625,0.06989247311827956,0.008736559139784945,1
976,block-0325,Generalization_PedestriansOnRoad_1085,PedestriansOnRoad_085,Generalization,1,10085,current_frame,2,Generalization_PedestriansOnRoad_1085__s1__current_frame,0.0,0.0,0.0,0.0,100.0,40.66321,1.0,0.0,0.0,0.0,0.0,0.0,1615,0.04767801857585139,0.10278637770897833,0.055108359133126936,1
977,block-0325,Generalization_PedestriansOnRoad_1085,PedestriansOnRoad_085,Generalization,1,10085,baseline,3,Generalization_PedestriansOnRoad_1085__s1__baseline,1.0,0.0,1.0,0.0,100.0,24.527348,0.0,0.0,0.0,0.0,0.0,0.0,1589,0.0,0.0,0.0,1
978,block-0326,Base_CustomObstacles_0026,CustomObstacles_026,Base,3,30026,temporal,1,Base_CustomObstacles_0026__s3__temporal,0.0,0.0,0.0,0.0,100.0,52.241819,1.0,0.0,0.0,0.0,0.0,0.0,1676,0.03997613365155131,0.04713603818615752,0.007159904534606206,1
979,block-0326,Base_CustomObstacles_0026,CustomObstacles_026,Base,3,30026,current_frame,2,Base_CustomObstacles_0026__s3__current_frame,0.0,0.0,0.0,0.0,100.0,52.463353,1.0,0.0,0.0,0.0,0.0,0.0,1681,0.034503271861986914,0.07792980368828079,0.04342653182629387,1
980,block-0326,Base_CustomObstacles_0026,CustomObstacles_026,Base,3,30026,baseline,3,Base_CustomObstacles_0026__s3__baseline,0.0,0.0,0.0,0.0,100.0,52.442055,1.0,0.0,0.0,0.0,0.0,0.0,1747,0.0,0.0,0.0,1
981,block-0327,Base_PedestrianCrowd_0067,PedestrianCrowd_067,Base,3,30067,baseline,1,Base_PedestrianCrowd_0067__s3__baseline,0.0,0.0,0.0,0.0,100.0,53.596994,1.0,0.0,0.0,0.0,0.0,0.0,1019,0.0,0.0,0.0,1
982,block-0327,Base_PedestrianCrowd_0067,PedestrianCrowd_067,Base,3,30067,current_frame,2,Base_PedestrianCrowd_0067__s3__current_frame,0.0,0.0,0.0,0.0,100.0,51.517941,1.0,0.0,0.0,0.0,0.0,0.0,1050,0.07523809523809524,0.1742857142857143,0.09904761904761905,1
983,block-0327,Base_PedestrianCrowd_0067,PedestrianCrowd_067,Base,3,30067,temporal,3,Base_PedestrianCrowd_0067__s3__temporal,0.0,0.0,0.0,0.0,100.0,51.589991,1.0,0.0,0.0,0.0,0.0,0.0,1051,0.11607992388201713,0.15794481446241673,0.04186489058039962,1
984,block-0328,Generalization_ConstructionPermutations_1016,ConstructionPermutations_016,Generalization,3,30016,baseline,1,Generalization_ConstructionPermutations_1016__s3__baseline,1.0,0.0,1.0,0.0,100.0,14.006415,0.0,1.0,0.0,1.0,0.0,0.0,5703,0.0,0.0,0.0,1
985,block-0328,Generalization_ConstructionPermutations_1016,ConstructionPermutations_016,Generalization,3,30016,temporal,2,Generalization_ConstructionPermutations_1016__s3__temporal,0.0,0.0,0.0,0.0,100.0,69.198897,1.0,0.0,0.0,0.0,0.0,0.0,1848,0.22132034632034633,0.262987012987013,0.038419913419913417,1
986,block-0328,Generalization_ConstructionPermutations_1016,ConstructionPermutations_016,Generalization,3,30016,current_frame,3,Generalization_ConstructionPermutations_1016__s3__current_frame,1.0,0.0,1.0,0.0,100.0,22.698208,0.0,1.0,0.0,1.0,0.0,0.0,8180,0.04437652811735941,0.8485330073349633,0.3116136919315403,1
987,block-0329,Generalization_BadParking_1008,BadParking_008,Generalization,3,30008,baseline,1,Generalization_BadParking_1008__s3__baseline,1.0,0.0,1.0,0.0,100.0,53.139732,0.0,0.0,0.0,0.0,0.0,0.0,958,0.0,0.0,0.0,1
988,block-0329,Generalization_BadParking_1008,BadParking_008,Generalization,3,30008,temporal,2,Generalization_BadParking_1008__s3__temporal,1.0,0.0,1.0,0.0,100.0,54.105027,0.0,0.0,0.0,0.0,0.0,0.0,4081,0.041411418769909336,0.8657191864739034,0.8240627297231071,1
989,block-0329,Generalization_BadParking_1008,BadParking_008,Generalization,3,30008,current_frame,3,Generalization_BadParking_1008__s3__current_frame,1.0,0.0,1.0,0.0,100.0,31.811401,0.0,1.0,0.0,1.0,0.0,0.0,5293,0.022293595314566407,0.901001322501417,0.8787077271868505,1
990,block-0330,Generalization_ImageOnObject_1042,ImageOnObject_042,Generalization,2,20042,current_frame,1,Generalization_ImageOnObject_1042__s2__current_frame,0.0,0.0,0.0,0.0,100.0,81.2739,1.0,0.0,0.0,0.0,0.0,0.0,814,0.07493857493857493,0.1547911547911548,0.07985257985257985,1
991,block-0330,Generalization_ImageOnObject_1042,ImageOnObject_042,Generalization,2,20042,baseline,2,Generalization_ImageOnObject_1042__s2__baseline,0.0,0.0,0.0,0.0,100.0,78.368876,1.0,0.0,0.0,0.0,0.0,0.0,871,0.0,0.0,0.0,1
992,block-0330,Generalization_ImageOnObject_1042,ImageOnObject_042,Generalization,2,20042,temporal,3,Generalization_ImageOnObject_1042__s2__temporal,0.0,0.0,0.0,0.0,100.0,78.336039,1.0,0.0,0.0,0.0,0.0,0.0,866,0.06466512702078522,0.09815242494226328,0.03348729792147806,1
993,block-0331,Generalization_BadParking_1002,BadParking_002,Generalization,2,20002,current_frame,1,Generalization_BadParking_1002__s2__current_frame,0.0,0.0,0.0,0.0,100.0,47.816296,1.0,0.0,0.0,0.0,0.0,0.0,1183,0.15722738799661876,0.18258664412510567,0.0253592561284869,1
994,block-0331,Generalization_BadParking_1002,BadParking_002,Generalization,2,20002,baseline,2,Generalization_BadParking_1002__s2__baseline,1.0,0.0,1.0,0.0,100.0,28.999618,0.0,0.0,0.0,0.0,0.0,0.0,1277,0.0,0.0,0.0,1
995,block-0331,Generalization_BadParking_1002,BadParking_002,Generalization,2,20002,temporal,3,Generalization_BadParking_1002__s2__temporal,0.0,0.0,0.0,0.0,100.0,48.302083,1.0,0.0,0.0,0.0,0.0,0.0,1147,0.14995640802092414,0.17349607672188316,0.023539668700959023,1
996,block-0332,Generalization_PedestriansOnRoad_1087,PedestriansOnRoad_087,Generalization,2,20087,current_frame,1,Generalization_PedestriansOnRoad_1087__s2__current_frame,1.0,0.0,1.0,0.0,18.6,3.649257,0.0,1.0,1.0,0.0,0.0,0.0,6581,0.2729068530618447,0.8255584257711593,0.5251481537760219,1
997,block-0332,Generalization_PedestriansOnRoad_1087,PedestriansOnRoad_087,Generalization,2,20087,temporal,2,Generalization_PedestriansOnRoad_1087__s2__temporal,0.0,0.0,0.0,0.0,100.0,68.776258,1.0,0.0,0.0,0.0,0.0,0.0,1439,0.13620569840166782,0.1841556636553162,0.04794996525364837,1
998,block-0332,Generalization_PedestriansOnRoad_1087,PedestriansOnRoad_087,Generalization,2,20087,baseline,3,Generalization_PedestriansOnRoad_1087__s2__baseline,0.0,0.0,0.0,0.0,100.0,68.620892,1.0,0.0,0.0,0.0,0.0,0.0,1420,0.0,0.0,0.0,1
999,block-0333,Base_HardBrake_0036,HardBrake_036,Base,1,10036,current_frame,1,Base_HardBrake_0036__s1__current_frame,0.0,0.0,0.0,0.0,100.0,40.714509,1.0,0.0,0.0,0.0,0.0,0.0,3392,0.05336084905660377,0.09876179245283019,0.04540094339622641,1
1000,block-0333,Base_HardBrake_0036,HardBrake_036,Base,1,10036,temporal,2,Base_HardBrake_0036__s1__temporal,0.0,0.0,0.0,0.0,100.0,40.955574,1.0,0.0,0.0,0.0,0.0,0.0,3399,0.13592233009708737,0.15063253898205353,0.014710208884966167,1
1001,block-0333,Base_HardBrake_0036,HardBrake_036,Base,1,10036,baseline,3,Base_HardBrake_0036__s1__baseline,0.0,0.0,0.0,0.0,100.0,41.270212,1.0,0.0,0.0,0.0,0.0,0.0,3364,0.0,0.0,0.0,1
1002,block-0334,Generalization_PassableObstacles_1064,PassableObstacles_064,Generalization,3,30064,temporal,1,Generalization_PassableObstacles_1064__s3__temporal,0.0,0.0,0.0,0.0,100.0,64.675837,1.0,0.0,0.0,0.0,0.0,0.0,944,0.046610169491525424,0.05826271186440678,0.011652542372881356,1
1003,block-0334,Generalization_PassableObstacles_1064,PassableObstacles_064,Generalization,3,30064,current_frame,2,Generalization_PassableObstacles_1064__s3__current_frame,0.0,0.0,0.0,0.0,100.0,65.413961,1.0,0.0,0.0,0.0,0.0,0.0,938,0.07889125799573561,0.1417910447761194,0.0628997867803838,1
1004,block-0334,Generalization_PassableObstacles_1064,PassableObstacles_064,Generalization,3,30064,baseline,3,Generalization_PassableObstacles_1064__s3__baseline,0.0,0.0,0.0,0.0,100.0,67.142151,1.0,0.0,0.0,0.0,0.0,0.0,907,0.0,0.0,0.0,1
1005,block-0335,Generalization_ObscuredStop_1046,ObscuredStop_046,Generalization,2,20046,temporal,1,Generalization_ObscuredStop_1046__s2__temporal,0.0,0.0,0.0,0.0,100.0,78.743498,1.0,0.0,0.0,0.0,0.0,0.0,779,0.35686777920410784,0.4557124518613607,0.09884467265725289,1
1006,block-0335,Generalization_ObscuredStop_1046,ObscuredStop_046,Generalization,2,20046,baseline,2,Generalization_ObscuredStop_1046__s2__baseline,0.0,0.0,0.0,0.0,100.0,87.122433,1.0,0.0,0.0,0.0,0.0,0.0,710,0.0,0.0,0.0,1
1007,block-0335,Generalization_ObscuredStop_1046,ObscuredStop_046,Generalization,2,20046,current_frame,3,Generalization_ObscuredStop_1046__s2__current_frame,1.0,0.0,1.0,0.0,100.0,26.210275,0.0,0.0,0.0,0.0,0.0,0.0,2591,0.1080663836356619,0.8324971053647241,0.7012736395214203,1
1008,block-0336,Generalization_CustomObstacles_1025,CustomObstacles_025,Generalization,2,20025,temporal,1,Generalization_CustomObstacles_1025__s2__temporal,1.0,0.0,0.0,1.0,100.0,28.229959,0.0,0.0,0.0,0.0,0.0,0.0,1375,0.04654545454545454,0.1330909090909091,0.08654545454545455,1
1009,block-0336,Generalization_CustomObstacles_1025,CustomObstacles_025,Generalization,2,20025,current_frame,2,Generalization_CustomObstacles_1025__s2__current_frame,1.0,0.0,0.0,1.0,100.0,27.972289,0.0,0.0,0.0,0.0,0.0,0.0,1397,0.05869720830350752,0.21904080171796708,0.16034359341445956,1
1010,block-0336,Generalization_CustomObstacles_1025,CustomObstacles_025,Generalization,2,20025,baseline,3,Generalization_CustomObstacles_1025__s2__baseline,1.0,0.0,1.0,1.0,100.0,0.676615,0.0,0.0,0.0,0.0,0.0,0.0,1488,0.0,0.0,0.0,1
1011,block-0337,Base_PedestrianCrowd_0067,PedestrianCrowd_067,Base,1,10067,baseline,1,Base_PedestrianCrowd_0067__s1__baseline,0.0,0.0,0.0,0.0,100.0,51.352074,1.0,0.0,0.0,0.0,0.0,0.0,1057,0.0,0.0,0.0,1
1012,block-0337,Base_PedestrianCrowd_0067,PedestrianCrowd_067,Base,1,10067,current_frame,2,Base_PedestrianCrowd_0067__s1__current_frame,1.0,0.0,1.0,0.0,100.0,31.32436,0.0,0.0,0.0,0.0,0.0,0.0,1050,0.09333333333333334,0.20857142857142857,0.11047619047619048,1
1013,block-0337,Base_PedestrianCrowd_0067,PedestrianCrowd_067,Base,1,10067,temporal,3,Base_PedestrianCrowd_0067__s1__temporal,0.0,0.0,0.0,0.0,100.0,53.488195,1.0,0.0,0.0,0.0,0.0,0.0,1018,0.12770137524557956,0.15520628683693516,0.0275049115913556,1
1014,block-0338,Base_CustomObstacles_0022,CustomObstacles_022,Base,3,30022,temporal,1,Base_CustomObstacles_0022__s3__temporal,1.0,0.0,1.0,0.0,47.27,4.633918,0.0,1.0,1.0,1.0,0.0,0.0,7732,0.018365235385411276,0.9283497154681841,0.7022762545266426,1
1015,block-0338,Base_CustomObstacles_0022,CustomObstacles_022,Base,3,30022,current_frame,2,Base_CustomObstacles_0022__s3__current_frame,1.0,0.0,1.0,0.0,48.84,4.735712,0.0,1.0,1.0,1.0,0.0,0.0,7789,0.012196687636410321,0.9261779432533059,0.6379509564770831,1
1016,block-0338,Base_CustomObstacles_0022,CustomObstacles_022,Base,3,30022,baseline,3,Base_CustomObstacles_0022__s3__baseline,1.0,0.0,1.0,0.0,47.66,4.723936,0.0,1.0,1.0,1.0,0.0,0.0,7746,0.0,0.0,0.0,1
1017,block-0339,Generalization_ImageOnObject_1043,ImageOnObject_043,Generalization,2,20043,baseline,1,Generalization_ImageOnObject_1043__s2__baseline,0.0,0.0,0.0,0.0,100.0,71.098302,1.0,0.0,0.0,0.0,0.0,0.0,776,0.0,0.0,0.0,1
1018,block-0339,Generalization_ImageOnObject_1043,ImageOnObject_043,Generalization,2,20043,current_frame,2,Generalization_ImageOnObject_1043__s2__current_frame,0.0,0.0,0.0,0.0,100.0,73.774135,1.0,0.0,0.0,0.0,0.0,0.0,771,0.2230869001297017,0.3553826199740597,0.13229571984435798,1
1019,block-0339,Generalization_ImageOnObject_1043,ImageOnObject_043,Generalization,2,20043,temporal,3,Generalization_ImageOnObject_1043__s2__temporal,0.0,0.0,0.0,0.0,100.0,74.413997,1.0,0.0,0.0,0.0,0.0,0.0,822,0.15936739659367397,0.18613138686131386,0.0267639902676399,1
1020,block-0340,Generalization_ConstructionPedestrian_1012,ConstructionPedestrian_012,Generalization,1,10012,current_frame,1,Generalization_ConstructionPedestrian_1012__s1__current_frame,1.0,1.0,0.0,0.0,100.0,23.325266,0.0,0.0,0.0,0.0,0.0,0.0,1210,0.09586776859504133,0.11735537190082644,0.021487603305785124,1
1021,block-0340,Generalization_ConstructionPedestrian_1012,ConstructionPedestrian_012,Generalization,1,10012,temporal,2,Generalization_ConstructionPedestrian_1012__s1__temporal,1.0,1.0,0.0,0.0,100.0,23.011027,0.0,0.0,0.0,0.0,0.0,0.0,1196,0.11036789297658862,0.11538461538461539,0.005016722408026756,1
1022,block-0340,Generalization_ConstructionPedestrian_1012,ConstructionPedestrian_012,Generalization,1,10012,baseline,3,Generalization_ConstructionPedestrian_1012__s1__baseline,1.0,1.0,0.0,0.0,100.0,23.095254,0.0,0.0,0.0,0.0,0.0,0.0,1195,0.0,0.0,0.0,1
1023,block-0341,Generalization_PedestriansOnRoad_1088,PedestriansOnRoad_088,Generalization,2,20088,baseline,1,Generalization_PedestriansOnRoad_1088__s2__baseline,0.0,0.0,0.0,0.0,100.0,86.635106,1.0,0.0,0.0,0.0,0.0,0.0,1015,0.0,0.0,0.0,1
1024,block-0341,Generalization_PedestriansOnRoad_1088,PedestriansOnRoad_088,Generalization,2,20088,current_frame,2,Generalization_PedestriansOnRoad_1088__s2__current_frame,0.0,0.0,0.0,0.0,100.0,86.460051,1.0,0.0,0.0,0.0,0.0,0.0,1017,0.34513274336283184,0.5398230088495575,0.19469026548672566,1
1025,block-0341,Generalization_PedestriansOnRoad_1088,PedestriansOnRoad_088,Generalization,2,20088,temporal,3,Generalization_PedestriansOnRoad_1088__s2__temporal,0.0,0.0,0.0,0.0,100.0,87.960312,1.0,0.0,0.0,0.0,0.0,0.0,1009,0.09514370664023786,0.16848364717542122,0.07333994053518335,1
1026,block-0342,Base_PedestrianOtherBlocker_0071,PedestrianOtherBlocker_071,Base,2,20071,temporal,1,Base_PedestrianOtherBlocker_0071__s2__temporal,0.0,0.0,0.0,0.0,100.0,67.927894,1.0,0.0,0.0,0.0,0.0,0.0,1244,0.02491961414790997,0.03617363344051447,0.011254019292604502,1
1027,block-0342,Base_PedestrianOtherBlocker_0071,PedestrianOtherBlocker_071,Base,2,20071,current_frame,2,Base_PedestrianOtherBlocker_0071__s2__current_frame,0.0,0.0,0.0,0.0,100.0,68.630505,1.0,0.0,0.0,0.0,0.0,0.0,1270,0.05748031496062992,0.07401574803149606,0.01653543307086614,1
1028,block-0342,Base_PedestrianOtherBlocker_0071,PedestrianOtherBlocker_071,Base,2,20071,baseline,3,Base_PedestrianOtherBlocker_0071__s2__baseline,0.0,0.0,0.0,0.0,100.0,68.994613,1.0,0.0,0.0,0.0,0.0,0.0,1223,0.0,0.0,0.0,1
1029,block-0343,Generalization_CustomObstacles_1028,CustomObstacles_028,Generalization,1,10028,baseline,1,Generalization_CustomObstacles_1028__s1__baseline,1.0,0.0,0.0,1.0,100.0,43.83887,0.0,0.0,0.0,0.0,0.0,0.0,1425,0.0,0.0,0.0,1
1030,block-0343,Generalization_CustomObstacles_1028,CustomObstacles_028,Generalization,1,10028,temporal,2,Generalization_CustomObstacles_1028__s1__temporal,1.0,0.0,0.0,1.0,100.0,18.994033,0.0,0.0,0.0,0.0,0.0,0.0,1365,0.046153846153846156,0.2512820512820513,0.20512820512820512,1
1031,block-0343,Generalization_CustomObstacles_1028,CustomObstacles_028,Generalization,1,10028,current_frame,3,Generalization_CustomObstacles_1028__s1__current_frame,1.0,0.0,0.0,1.0,100.0,28.709475,0.0,0.0,0.0,0.0,0.0,0.0,1378,0.09433962264150944,0.21988388969521044,0.125544267053701,1
1032,block-0344,Generalization_OppositeConstruction_1054,OppositeConstruction_054,Generalization,3,30054,baseline,1,Generalization_OppositeConstruction_1054__s3__baseline,0.0,0.0,0.0,0.0,100.0,89.514846,1.0,0.0,0.0,0.0,0.0,0.0,826,0.0,0.0,0.0,1
1033,block-0344,Generalization_OppositeConstruction_1054,OppositeConstruction_054,Generalization,3,30054,temporal,2,Generalization_OppositeConstruction_1054__s3__temporal,0.0,0.0,0.0,0.0,100.0,88.824693,1.0,0.0,0.0,0.0,0.0,0.0,839,0.03694874851013111,0.054827175208581644,0.017878426698450536,1
1034,block-0344,Generalization_OppositeConstruction_1054,OppositeConstruction_054,Generalization,3,30054,current_frame,3,Generalization_OppositeConstruction_1054__s3__current_frame,0.0,0.0,0.0,0.0,100.0,88.415552,1.0,0.0,0.0,0.0,0.0,0.0,850,0.07882352941176471,0.18941176470588236,0.11058823529411765,1
1035,block-0345,Base_CustomObstacles_0022,CustomObstacles_022,Base,2,20022,temporal,1,Base_CustomObstacles_0022__s2__temporal,1.0,0.0,1.0,0.0,47.27,7.875672,0.0,1.0,1.0,1.0,0.0,0.0,7732,0.017459906880496638,0.9392136575271599,0.3303155716502845,1
1036,block-0345,Base_CustomObstacles_0022,CustomObstacles_022,Base,2,20022,baseline,2,Base_CustomObstacles_0022__s2__baseline,1.0,0.0,1.0,0.0,47.27,4.681282,0.0,1.0,1.0,1.0,0.0,0.0,7732,0.0,0.0,0.0,1
1037,block-0345,Base_CustomObstacles_0022,CustomObstacles_022,Base,2,20022,current_frame,3,Base_CustomObstacles_0022__s2__current_frame,1.0,0.0,1.0,0.0,48.84,2.968757,0.0,1.0,1.0,1.0,0.0,0.0,7789,0.012967004750288868,0.9264347156245988,0.8167929130825523,1
1038,block-0346,Base_PassableObstacles_0062,PassableObstacles_062,Base,1,10062,baseline,1,Base_PassableObstacles_0062__s1__baseline,0.0,0.0,0.0,0.0,100.0,66.131841,1.0,0.0,0.0,0.0,0.0,0.0,1888,0.0,0.0,0.0,1
1039,block-0346,Base_PassableObstacles_0062,PassableObstacles_062,Base,1,10062,temporal,2,Base_PassableObstacles_0062__s1__temporal,0.0,0.0,0.0,0.0,100.0,65.831224,1.0,0.0,0.0,0.0,0.0,0.0,1889,0.31445209105346744,0.3409211222869243,0.026469031233456855,1
1040,block-0346,Base_PassableObstacles_0062,PassableObstacles_062,Base,1,10062,current_frame,3,Base_PassableObstacles_0062__s1__current_frame,0.0,0.0,0.0,0.0,100.0,65.780194,1.0,0.0,0.0,0.0,0.0,0.0,1893,0.1225567881669308,0.2017960908610671,0.07923930269413629,1
1041,block-0347,Base_Wall_0095,Wall_095,Base,2,20095,temporal,1,Base_Wall_0095__s2__temporal,0.0,0.0,0.0,0.0,100.0,80.865975,1.0,0.0,0.0,0.0,0.0,0.0,751,0.043941411451398134,0.06391478029294274,0.019973368841544607,1
1042,block-0347,Base_Wall_0095,Wall_095,Base,2,20095,baseline,2,Base_Wall_0095__s2__baseline,0.0,0.0,0.0,0.0,100.0,79.008872,1.0,0.0,0.0,0.0,0.0,0.0,755,0.0,0.0,0.0,1
1043,block-0347,Base_Wall_0095,Wall_095,Base,2,20095,current_frame,3,Base_Wall_0095__s2__current_frame,0.0,0.0,0.0,0.0,100.0,79.74037,1.0,0.0,0.0,0.0,0.0,0.0,753,0.06374501992031872,0.13811420982735723,0.07436918990703852,1
1044,block-0348,Generalization_ObscuredStop_1049,ObscuredStop_049,Generalization,3,30049,current_frame,1,Generalization_ObscuredStop_1049__s3__current_frame,0.0,0.0,0.0,0.0,100.0,66.764807,1.0,0.0,0.0,0.0,0.0,0.0,1142,0.06304728546409807,0.12609457092819615,0.06304728546409807,1
1045,block-0348,Generalization_ObscuredStop_1049,ObscuredStop_049,Generalization,3,30049,baseline,2,Generalization_ObscuredStop_1049__s3__baseline,0.0,0.0,0.0,0.0,100.0,67.980395,1.0,0.0,0.0,0.0,0.0,0.0,1105,0.0,0.0,0.0,1
1046,block-0348,Generalization_ObscuredStop_1049,ObscuredStop_049,Generalization,3,30049,temporal,3,Generalization_ObscuredStop_1049__s3__temporal,0.0,0.0,0.0,0.0,100.0,66.091776,1.0,0.0,0.0,0.0,0.0,0.0,1148,0.042682926829268296,0.06184668989547038,0.01916376306620209,1
1047,block-0349,Generalization_CustomObstacles_1022,CustomObstacles_022,Generalization,2,20022,temporal,1,Generalization_CustomObstacles_1022__s2__temporal,1.0,0.0,0.0,1.0,100.0,25.186042,0.0,0.0,0.0,0.0,0.0,0.0,1904,0.13182773109243698,0.20798319327731093,0.07615546218487394,1
1048,block-0349,Generalization_CustomObstacles_1022,CustomObstacles_022,Generalization,2,20022,baseline,2,Generalization_CustomObstacles_1022__s2__baseline,1.0,0.0,0.0,1.0,100.0,25.35845,0.0,0.0,0.0,0.0,0.0,0.0,1898,0.0,0.0,0.0,1
1049,block-0349,Generalization_CustomObstacles_1022,CustomObstacles_022,Generalization,2,20022,current_frame,3,Generalization_CustomObstacles_1022__s2__current_frame,1.0,0.0,0.0,1.0,100.0,24.257587,0.0,0.0,0.0,0.0,0.0,0.0,1925,0.3220779220779221,0.44467532467532467,0.1225974025974026,1
1050,block-0350,Generalization_FullyBlocked_1030,FullyBlocked_030,Generalization,1,10030,current_frame,1,Generalization_FullyBlocked_1030__s1__current_frame,1.0,0.0,0.0,1.0,11.81,3.243321,0.0,0.0,0.0,0.0,1.0,0.0,6402,0.00031240237425804435,1.0,0.999687597625742,1
1051,block-0350,Generalization_FullyBlocked_1030,FullyBlocked_030,Generalization,1,10030,temporal,2,Generalization_FullyBlocked_1030__s1__temporal,1.0,0.0,0.0,1.0,22.32,9.4302,0.0,0.0,0.0,0.0,1.0,0.0,3923,0.028039765485597758,0.9895488146826409,0.961509049197043,1
1052,block-0350,Generalization_FullyBlocked_1030,FullyBlocked_030,Generalization,1,10030,baseline,3,Generalization_FullyBlocked_1030__s1__baseline,1.0,0.0,0.0,1.0,11.81,2.108159,0.0,0.0,0.0,0.0,1.0,0.0,4917,0.0,0.0,0.0,1
1053,block-0351,Base_RightOfWay_0057,RightOfWay_057,Base,3,30057,baseline,1,Base_RightOfWay_0057__s3__baseline,0.0,0.0,0.0,0.0,100.0,57.791606,0.0,0.0,0.0,0.0,0.0,0.0,861,0.0,0.0,0.0,1
1054,block-0351,Base_RightOfWay_0057,RightOfWay_057,Base,3,30057,current_frame,2,Base_RightOfWay_0057__s3__current_frame,0.0,0.0,0.0,0.0,100.0,72.883843,1.0,0.0,0.0,0.0,0.0,0.0,865,0.3202312138728324,0.42427745664739885,0.10404624277456648,1
1055,block-0351,Base_RightOfWay_0057,RightOfWay_057,Base,3,30057,temporal,3,Base_RightOfWay_0057__s3__temporal,0.0,0.0,0.0,0.0,100.0,59.168412,0.0,0.0,0.0,0.0,0.0,0.0,862,0.3654292343387471,0.39791183294663574,0.03248259860788863,1
1056,block-0352,Generalization_ConstructionPermutations_1019,ConstructionPermutations_019,Generalization,3,30019,current_frame,1,Generalization_ConstructionPermutations_1019__s3__current_frame,0.0,0.0,0.0,0.0,100.0,51.999864,1.0,0.0,0.0,0.0,0.0,0.0,1437,0.1127348643006263,0.2303409881697982,0.11760612386917188,1
1057,block-0352,Generalization_ConstructionPermutations_1019,ConstructionPermutations_019,Generalization,3,30019,temporal,2,Generalization_ConstructionPermutations_1019__s3__temporal,0.0,0.0,0.0,0.0,100.0,39.141856,1.0,0.0,0.0,0.0,0.0,0.0,1506,0.11952191235059761,0.16069057104913678,0.041168658698539175,1
1058,block-0352,Generalization_ConstructionPermutations_1019,ConstructionPermutations_019,Generalization,3,30019,baseline,3,Generalization_ConstructionPermutations_1019__s3__baseline,1.0,0.0,0.0,1.0,100.0,0.514025,0.0,0.0,0.0,0.0,0.0,0.0,1430,0.0,0.0,0.0,1
1059,block-0353,Base_ImageOnObject_0043,ImageOnObject_043,Base,3,30043,current_frame,1,Base_ImageOnObject_0043__s3__current_frame,0.0,0.0,0.0,0.0,100.0,73.079213,1.0,0.0,0.0,0.0,0.0,0.0,787,0.10038119440914867,0.19695044472681067,0.096569250317662,1
1060,block-0353,Base_ImageOnObject_0043,ImageOnObject_043,Base,3,30043,baseline,2,Base_ImageOnObject_0043__s3__baseline,0.0,0.0,0.0,0.0,100.0,71.687417,1.0,0.0,0.0,0.0,0.0,0.0,808,0.0,0.0,0.0,1
1061,block-0353,Base_ImageOnObject_0043,ImageOnObject_043,Base,3,30043,temporal,3,Base_ImageOnObject_0043__s3__temporal,0.0,0.0,0.0,0.0,100.0,71.264795,1.0,0.0,0.0,0.0,0.0,0.0,786,0.17048346055979643,0.18702290076335878,0.01653944020356234,1
1062,block-0354,Generalization_PedestriansOnRoad_1086,PedestriansOnRoad_086,Generalization,1,10086,current_frame,1,Generalization_PedestriansOnRoad_1086__s1__current_frame,0.0,0.0,0.0,0.0,100.0,81.877824,1.0,0.0,0.0,0.0,0.0,0.0,1555,0.06366559485530547,0.09839228295819935,0.03472668810289389,1
1063,block-0354,Generalization_PedestriansOnRoad_1086,PedestriansOnRoad_086,Generalization,1,10086,baseline,2,Generalization_PedestriansOnRoad_1086__s1__baseline,0.0,0.0,0.0,0.0,100.0,84.661853,1.0,0.0,0.0,0.0,0.0,0.0,1526,0.0,0.0,0.0,1
1064,block-0354,Generalization_PedestriansOnRoad_1086,PedestriansOnRoad_086,Generalization,1,10086,temporal,3,Generalization_PedestriansOnRoad_1086__s1__temporal,0.0,0.0,0.0,0.0,100.0,81.951353,1.0,0.0,0.0,0.0,0.0,0.0,1606,0.052303860523038606,0.0684931506849315,0.0161892901618929,1
1065,block-0355,Base_Animals_0082,Animals_082,Base,2,20082,current_frame,1,Base_Animals_0082__s2__current_frame,1.0,1.0,0.0,0.0,100.0,38.130358,0.0,0.0,0.0,0.0,0.0,0.0,736,0.29347826086956524,0.5108695652173914,0.21603260869565216,1
1066,block-0355,Base_Animals_0082,Animals_082,Base,2,20082,baseline,2,Base_Animals_0082__s2__baseline,1.0,1.0,0.0,0.0,100.0,37.925979,0.0,0.0,0.0,0.0,0.0,0.0,664,0.0,0.0,0.0,1
1067,block-0355,Base_Animals_0082,Animals_082,Base,2,20082,temporal,3,Base_Animals_0082__s2__temporal,1.0,1.0,0.0,0.0,100.0,38.022944,0.0,0.0,0.0,0.0,0.0,0.0,669,0.2645739910313901,0.42152466367713004,0.15695067264573992,1
1068,block-0356,Generalization_ImageOnObject_1040,ImageOnObject_040,Generalization,3,30040,current_frame,1,Generalization_ImageOnObject_1040__s3__current_frame,0.0,0.0,0.0,0.0,100.0,71.683304,1.0,0.0,0.0,0.0,0.0,0.0,997,0.20160481444332998,0.30792377131394183,0.10631895687061184,1
1069,block-0356,Generalization_ImageOnObject_1040,ImageOnObject_040,Generalization,3,30040,baseline,2,Generalization_ImageOnObject_1040__s3__baseline,0.0,0.0,0.0,0.0,100.0,72.722452,1.0,0.0,0.0,0.0,0.0,0.0,984,0.0,0.0,0.0,1
1070,block-0356,Generalization_ImageOnObject_1040,ImageOnObject_040,Generalization,3,30040,temporal,3,Generalization_ImageOnObject_1040__s3__temporal,0.0,0.0,0.0,0.0,100.0,72.085033,1.0,0.0,0.0,0.0,0.0,0.0,969,0.22807017543859648,0.3395252837977296,0.11145510835913312,1
1071,block-0357,Generalization_RightOfWay_1057,RightOfWay_057,Generalization,2,20057,temporal,1,Generalization_RightOfWay_1057__s2__temporal,0.0,0.0,0.0,0.0,100.0,73.784675,1.0,0.0,0.0,0.0,0.0,0.0,865,0.25780346820809247,0.2971098265895954,0.03930635838150289,1
1072,block-0357,Generalization_RightOfWay_1057,RightOfWay_057,Generalization,2,20057,baseline,2,Generalization_RightOfWay_1057__s2__baseline,0.0,0.0,0.0,0.0,100.0,71.035978,1.0,0.0,0.0,0.0,0.0,0.0,997,0.0,0.0,0.0,1
1073,block-0357,Generalization_RightOfWay_1057,RightOfWay_057,Generalization,2,20057,current_frame,3,Generalization_RightOfWay_1057__s2__current_frame,0.0,0.0,0.0,0.0,100.0,73.148988,1.0,0.0,0.0,0.0,0.0,0.0,877,0.45381984036488027,0.5370581527936146,0.08323831242873432,1
1074,block-0358,Generalization_RightOfWay_1057,RightOfWay_057,Generalization,3,30057,temporal,1,Generalization_RightOfWay_1057__s3__temporal,0.0,0.0,0.0,0.0,100.0,60.162085,0.0,0.0,0.0,0.0,0.0,0.0,835,0.2682634730538922,0.3005988023952096,0.032335329341317366,1
1075,block-0358,Generalization_RightOfWay_1057,RightOfWay_057,Generalization,3,30057,baseline,2,Generalization_RightOfWay_1057__s3__baseline,0.0,0.0,0.0,0.0,100.0,72.153379,1.0,0.0,0.0,0.0,0.0,0.0,878,0.0,0.0,0.0,1
1076,block-0358,Generalization_RightOfWay_1057,RightOfWay_057,Generalization,3,30057,current_frame,3,Generalization_RightOfWay_1057__s3__current_frame,0.0,0.0,0.0,0.0,100.0,73.04112,1.0,0.0,0.0,0.0,0.0,0.0,880,0.3306818181818182,0.42954545454545456,0.09886363636363636,1
1077,block-0359,Generalization_RightOfWay_1056,RightOfWay_056,Generalization,3,30056,temporal,1,Generalization_RightOfWay_1056__s3__temporal,0.0,0.0,0.0,0.0,100.0,78.281062,1.0,0.0,0.0,0.0,0.0,0.0,1617,0.019789734075448363,0.02906617192331478,0.00927643784786642,1
1078,block-0359,Generalization_RightOfWay_1056,RightOfWay_056,Generalization,3,30056,baseline,2,Generalization_RightOfWay_1056__s3__baseline,0.0,0.0,0.0,0.0,100.0,81.765274,1.0,0.0,0.0,0.0,0.0,0.0,1564,0.0,0.0,0.0,1
1079,block-0359,Generalization_RightOfWay_1056,RightOfWay_056,Generalization,3,30056,current_frame,3,Generalization_RightOfWay_1056__s3__current_frame,0.0,0.0,0.0,0.0,100.0,78.110969,1.0,0.0,0.0,0.0,0.0,0.0,1640,0.01768292682926829,0.05731707317073171,0.039634146341463415,1
1080,block-0360,Generalization_BadParking_1004,BadParking_004,Generalization,1,10004,temporal,1,Generalization_BadParking_1004__s1__temporal,0.0,0.0,0.0,0.0,100.0,43.45,1.0,0.0,0.0,0.0,0.0,0.0,1975,0.026329113924050632,0.03949367088607595,0.013164556962025316,1
1081,block-0360,Generalization_BadParking_1004,BadParking_004,Generalization,1,10004,current_frame,2,Generalization_BadParking_1004__s1__current_frame,0.0,0.0,0.0,0.0,100.0,42.435597,1.0,0.0,0.0,0.0,0.0,0.0,2034,0.028515240904621434,0.0727630285152409,0.04424778761061947,1
1082,block-0360,Generalization_BadParking_1004,BadParking_004,Generalization,1,10004,baseline,3,Generalization_BadParking_1004__s1__baseline,0.0,0.0,0.0,0.0,100.0,45.000231,1.0,0.0,0.0,0.0,0.0,0.0,1961,0.0,0.0,0.0,1
1083,block-0361,Generalization_BadParking_1005,BadParking_005,Generalization,3,30005,baseline,1,Generalization_BadParking_1005__s3__baseline,1.0,0.0,1.0,0.0,56.78,5.243009,0.0,1.0,1.0,1.0,0.0,0.0,7818,0.0,0.0,0.0,1
1084,block-0361,Generalization_BadParking_1005,BadParking_005,Generalization,3,30005,current_frame,2,Generalization_BadParking_1005__s3__current_frame,0.0,0.0,0.0,0.0,100.0,89.914153,1.0,0.0,0.0,0.0,0.0,0.0,1142,0.46672504378283713,0.5394045534150613,0.06830122591943957,1
1085,block-0361,Generalization_BadParking_1005,BadParking_005,Generalization,3,30005,temporal,3,Generalization_BadParking_1005__s3__temporal,0.0,0.0,0.0,0.0,100.0,89.012241,1.0,0.0,0.0,0.0,0.0,0.0,1159,0.3287316652286454,0.3925798101811907,0.04745470232959448,1
1086,block-0362,Generalization_ConstructionPermutations_1016,ConstructionPermutations_016,Generalization,1,10016,current_frame,1,Generalization_ConstructionPermutations_1016__s1__current_frame,0.0,0.0,0.0,0.0,100.0,60.499039,1.0,0.0,0.0,0.0,0.0,0.0,1863,0.2055823939881911,0.29683306494900696,0.09125067096081589,1
1087,block-0362,Generalization_ConstructionPermutations_1016,ConstructionPermutations_016,Generalization,1,10016,baseline,2,Generalization_ConstructionPermutations_1016__s1__baseline,0.0,0.0,0.0,0.0,38.13,19.629542,0.0,1.0,1.0,1.0,0.0,0.0,7126,0.0,0.0,0.0,1
1088,block-0362,Generalization_ConstructionPermutations_1016,ConstructionPermutations_016,Generalization,1,10016,temporal,3,Generalization_ConstructionPermutations_1016__s1__temporal,1.0,0.0,1.0,0.0,100.0,23.209841,0.0,0.0,0.0,0.0,0.0,0.0,3664,0.10316593886462883,0.7096069868995634,0.31768558951965065,1
1089,block-0363,Generalization_OppositeConstruction_1052,OppositeConstruction_052,Generalization,3,30052,baseline,1,Generalization_OppositeConstruction_1052__s3__baseline,0.0,0.0,0.0,0.0,100.0,89.377322,1.0,0.0,0.0,0.0,0.0,0.0,798,0.0,0.0,0.0,1
1090,block-0363,Generalization_OppositeConstruction_1052,OppositeConstruction_052,Generalization,3,30052,temporal,2,Generalization_OppositeConstruction_1052__s3__temporal,0.0,0.0,0.0,0.0,100.0,89.630397,1.0,0.0,0.0,0.0,0.0,0.0,802,0.1546134663341646,0.1745635910224439,0.0199501246882793,1
1091,block-0363,Generalization_OppositeConstruction_1052,OppositeConstruction_052,Generalization,3,30052,current_frame,3,Generalization_OppositeConstruction_1052__s3__current_frame,0.0,0.0,0.0,0.0,100.0,90.080819,1.0,0.0,0.0,0.0,0.0,0.0,766,0.23237597911227154,0.33550913838120106,0.1031331592689295,1
1092,block-0364,Base_ObscuredStop_0047,ObscuredStop_047,Base,1,10047,temporal,1,Base_ObscuredStop_0047__s1__temporal,0.0,0.0,0.0,0.0,100.0,87.15301,1.0,0.0,0.0,0.0,0.0,0.0,1083,0.046168051708217916,0.06001846722068329,0.013850415512465374,1
1093,block-0364,Base_ObscuredStop_0047,ObscuredStop_047,Base,1,10047,current_frame,2,Base_ObscuredStop_0047__s1__current_frame,0.0,0.0,0.0,0.0,100.0,85.126328,1.0,0.0,0.0,0.0,0.0,0.0,1163,0.055030094582975066,0.1410146173688736,0.08598452278589853,1
1094,block-0364,Base_ObscuredStop_0047,ObscuredStop_047,Base,1,10047,baseline,3,Base_ObscuredStop_0047__s1__baseline,0.0,0.0,0.0,0.0,100.0,85.340372,1.0,0.0,0.0,0.0,0.0,0.0,1219,0.0,0.0,0.0,1
1095,block-0365,Base_Wall_0099,Wall_099,Base,2,20099,baseline,1,Base_Wall_0099__s2__baseline,0.0,0.0,0.0,0.0,100.0,71.121446,1.0,0.0,0.0,0.0,0.0,0.0,954,0.0,0.0,0.0,1
1096,block-0365,Base_Wall_0099,Wall_099,Base,2,20099,current_frame,2,Base_Wall_0099__s2__current_frame,0.0,0.0,0.0,0.0,100.0,70.451865,1.0,0.0,0.0,0.0,0.0,0.0,959,0.20959332638164754,0.3023983315954119,0.09280500521376434,1
1097,block-0365,Base_Wall_0099,Wall_099,Base,2,20099,temporal,3,Base_Wall_0099__s2__temporal,0.0,0.0,0.0,0.0,100.0,71.198113,1.0,0.0,0.0,0.0,0.0,0.0,944,0.04766949152542373,0.0826271186440678,0.034957627118644065,1
1098,block-0366,Generalization_RightConstruction_1092,RightConstruction_092,Generalization,3,30092,temporal,1,Generalization_RightConstruction_1092__s3__temporal,0.0,0.0,0.0,0.0,100.0,50.42849,1.0,0.0,0.0,0.0,0.0,0.0,872,0.06192660550458716,0.0871559633027523,0.020642201834862386,1
1099,block-0366,Generalization_RightConstruction_1092,RightConstruction_092,Generalization,3,30092,current_frame,2,Generalization_RightConstruction_1092__s3__current_frame,0.0,0.0,0.0,0.0,100.0,52.791107,1.0,0.0,0.0,0.0,0.0,0.0,828,0.10628019323671498,0.1859903381642512,0.0785024154589372,1
1100,block-0366,Generalization_RightConstruction_1092,RightConstruction_092,Generalization,3,30092,baseline,3,Generalization_RightConstruction_1092__s3__baseline,0.0,0.0,0.0,0.0,100.0,54.020014,1.0,0.0,0.0,0.0,0.0,0.0,799,0.0,0.0,0.0,1
1101,block-0367,Generalization_Wall_1096,Wall_096,Generalization,2,20096,baseline,1,Generalization_Wall_1096__s2__baseline,1.0,0.0,0.0,1.0,100.0,42.976664,0.0,0.0,0.0,0.0,0.0,0.0,1979,0.0,0.0,0.0,1
1102,block-0367,Generalization_Wall_1096,Wall_096,Generalization,2,20096,current_frame,2,Generalization_Wall_1096__s2__current_frame,1.0,0.0,0.0,1.0,100.0,26.157614,0.0,0.0,0.0,0.0,0.0,0.0,1986,0.0377643504531722,0.5357502517623364,0.49798590130916415,1
1103,block-0367,Generalization_Wall_1096,Wall_096,Generalization,2,20096,temporal,3,Generalization_Wall_1096__s2__temporal,1.0,0.0,0.0,1.0,100.0,41.126324,0.0,0.0,0.0,0.0,0.0,0.0,1987,0.101157523905385,0.60694514343231,0.505787619526925,1
1104,block-0368,Base_ImageOnObject_0041,ImageOnObject_041,Base,1,10041,baseline,1,Base_ImageOnObject_0041__s1__baseline,0.0,0.0,0.0,0.0,100.0,66.991697,1.0,0.0,0.0,0.0,0.0,0.0,1053,0.0,0.0,0.0,1
1105,block-0368,Base_ImageOnObject_0041,ImageOnObject_041,Base,1,10041,temporal,2,Base_ImageOnObject_0041__s1__temporal,0.0,0.0,0.0,0.0,100.0,66.869014,1.0,0.0,0.0,0.0,0.0,0.0,1065,0.3154929577464789,0.38967136150234744,0.07417840375586854,1
1106,block-0368,Base_ImageOnObject_0041,ImageOnObject_041,Base,1,10041,current_frame,3,Base_ImageOnObject_0041__s1__current_frame,0.0,0.0,0.0,0.0,100.0,66.19005,1.0,0.0,0.0,0.0,0.0,0.0,1074,0.10893854748603352,0.16573556797020483,0.056797020484171325,1
1107,block-0369,Base_RightOfWay_0057,RightOfWay_057,Base,2,20057,current_frame,1,Base_RightOfWay_0057__s2__current_frame,0.0,0.0,0.0,0.0,100.0,58.106235,0.0,0.0,0.0,0.0,0.0,0.0,837,0.4050179211469534,0.48028673835125446,0.07526881720430108,1
1108,block-0369,Base_RightOfWay_0057,RightOfWay_057,Base,2,20057,temporal,2,Base_RightOfWay_0057__s2__temporal,0.0,0.0,0.0,0.0,100.0,74.850854,1.0,0.0,0.0,0.0,0.0,0.0,850,0.2823529411764706,0.32588235294117646,0.04352941176470588,1
1109,block-0369,Base_RightOfWay_0057,RightOfWay_057,Base,2,20057,baseline,3,Base_RightOfWay_0057__s2__baseline,0.0,0.0,0.0,0.0,100.0,74.072612,1.0,0.0,0.0,0.0,0.0,0.0,896,0.0,0.0,0.0,1
1110,block-0370,Base_PedestriansOnRoad_0087,PedestriansOnRoad_087,Base,3,30087,current_frame,1,Base_PedestriansOnRoad_0087__s3__current_frame,1.0,0.0,1.0,0.0,100.0,10.903975,0.0,0.0,0.0,0.0,0.0,0.0,6486,0.029139685476410732,0.8809744064138144,0.6729879740980573,1
1111,block-0370,Base_PedestriansOnRoad_0087,PedestriansOnRoad_087,Base,3,30087,baseline,2,Base_PedestriansOnRoad_0087__s3__baseline,0.0,0.0,0.0,0.0,100.0,71.781083,1.0,0.0,0.0,0.0,0.0,0.0,1011,0.0,0.0,0.0,1
1112,block-0370,Base_PedestriansOnRoad_0087,PedestriansOnRoad_087,Base,3,30087,temporal,3,Base_PedestriansOnRoad_0087__s3__temporal,0.0,0.0,0.0,0.0,100.0,74.27372,1.0,0.0,0.0,0.0,0.0,0.0,964,0.1358921161825726,0.18049792531120332,0.044605809128630707,1
1113,block-0371,Base_RightOfWay_0055,RightOfWay_055,Base,2,20055,baseline,1,Base_RightOfWay_0055__s2__baseline,0.0,0.0,0.0,0.0,100.0,67.985554,1.0,0.0,0.0,0.0,0.0,0.0,975,0.0,0.0,0.0,1
1114,block-0371,Base_RightOfWay_0055,RightOfWay_055,Base,2,20055,temporal,2,Base_RightOfWay_0055__s2__temporal,0.0,0.0,0.0,0.0,100.0,66.282499,1.0,0.0,0.0,0.0,0.0,0.0,1002,0.033932135728542916,0.04790419161676647,0.013972055888223553,1
1115,block-0371,Base_RightOfWay_0055,RightOfWay_055,Base,2,20055,current_frame,3,Base_RightOfWay_0055__s2__current_frame,0.0,0.0,0.0,0.0,100.0,66.621189,1.0,0.0,0.0,0.0,0.0,0.0,1015,0.09655172413793103,0.1832512315270936,0.08669950738916256,1
1116,block-0372,Base_OppositeConstruction_0053,OppositeConstruction_053,Base,2,20053,current_frame,1,Base_OppositeConstruction_0053__s2__current_frame,0.0,0.0,0.0,0.0,100.0,68.472198,1.0,0.0,0.0,0.0,0.0,0.0,1179,0.007633587786259542,0.07039864291772689,0.06276505513146735,1
1117,block-0372,Base_OppositeConstruction_0053,OppositeConstruction_053,Base,2,20053,temporal,2,Base_OppositeConstruction_0053__s2__temporal,0.0,0.0,0.0,0.0,100.0,69.245878,1.0,0.0,0.0,0.0,0.0,0.0,1183,0.00422654268808115,0.027895181741335588,0.023668639053254437,1
1118,block-0372,Base_OppositeConstruction_0053,OppositeConstruction_053,Base,2,20053,baseline,3,Base_OppositeConstruction_0053__s2__baseline,0.0,0.0,0.0,0.0,100.0,69.092091,1.0,0.0,0.0,0.0,0.0,0.0,1199,0.0,0.0,0.0,1
1119,block-0373,Generalization_ConstructionPermutations_1015,ConstructionPermutations_015,Generalization,2,20015,current_frame,1,Generalization_ConstructionPermutations_1015__s2__current_frame,1.0,0.0,1.0,0.0,100.0,11.933898,0.0,1.0,0.0,1.0,0.0,0.0,6537,0.062413951353832035,0.7836928254551018,0.18923053388404468,1
1120,block-0373,Generalization_ConstructionPermutations_1015,ConstructionPermutations_015,Generalization,2,20015,baseline,2,Generalization_ConstructionPermutations_1015__s2__baseline,1.0,0.0,1.0,0.0,100.0,0.902037,0.0,0.0,0.0,0.0,0.0,0.0,5360,0.0,0.0,0.0,1
1121,block-0373,Generalization_ConstructionPermutations_1015,ConstructionPermutations_015,Generalization,2,20015,temporal,3,Generalization_ConstructionPermutations_1015__s2__temporal,1.0,0.0,1.0,0.0,100.0,21.666124,0.0,1.0,0.0,1.0,0.0,0.0,6019,0.0809104502409038,0.8255524173450739,0.034889516530985216,1
1122,block-0374,Base_RightOfWay_0059,RightOfWay_059,Base,3,30059,baseline,1,Base_RightOfWay_0059__s3__baseline,0.0,0.0,0.0,0.0,100.0,90.652523,1.0,0.0,0.0,0.0,0.0,0.0,1196,0.0,0.0,0.0,1
1123,block-0374,Base_RightOfWay_0059,RightOfWay_059,Base,3,30059,current_frame,2,Base_RightOfWay_0059__s3__current_frame,0.0,0.0,0.0,0.0,100.0,89.887457,1.0,0.0,0.0,0.0,0.0,0.0,1276,0.06974921630094044,0.15125391849529782,0.08150470219435736,1
1124,block-0374,Base_RightOfWay_0059,RightOfWay_059,Base,3,30059,temporal,3,Base_RightOfWay_0059__s3__temporal,0.0,0.0,0.0,0.0,100.0,89.753738,1.0,0.0,0.0,0.0,0.0,0.0,1233,0.07542579075425791,0.09975669099756691,0.024330900243309004,1
1125,block-0375,Base_PedestrianOtherBlocker_0074,PedestrianOtherBlocker_074,Base,2,20074,temporal,1,Base_PedestrianOtherBlocker_0074__s2__temporal,0.0,0.0,0.0,0.0,100.0,72.457392,1.0,0.0,0.0,0.0,0.0,0.0,679,0.0780559646539028,0.12076583210603829,0.042709867452135494,1
1126,block-0375,Base_PedestrianOtherBlocker_0074,PedestrianOtherBlocker_074,Base,2,20074,baseline,2,Base_PedestrianOtherBlocker_0074__s2__baseline,0.0,0.0,0.0,0.0,100.0,74.18951,1.0,0.0,0.0,0.0,0.0,0.0,666,0.0,0.0,0.0,1
1127,block-0375,Base_PedestrianOtherBlocker_0074,PedestrianOtherBlocker_074,Base,2,20074,current_frame,3,Base_PedestrianOtherBlocker_0074__s2__current_frame,0.0,0.0,0.0,0.0,100.0,71.752676,1.0,0.0,0.0,0.0,0.0,0.0,671,0.21609538002980627,0.3025335320417288,0.08643815201192251,1
1128,block-0376,Base_BadParking_0005,BadParking_005,Base,3,30005,baseline,1,Base_BadParking_0005__s3__baseline,1.0,0.0,1.0,0.0,100.0,14.897969,0.0,1.0,0.0,1.0,0.0,0.0,5618,0.0,0.0,0.0,1
1129,block-0376,Base_BadParking_0005,BadParking_005,Base,3,30005,current_frame,2,Base_BadParking_0005__s3__current_frame,1.0,0.0,1.0,0.0,55.43,5.036342,0.0,1.0,1.0,1.0,0.0,0.0,7774,0.014278363776691536,0.9560072034988423,0.24401852328273732,1
1130,block-0376,Base_BadParking_0005,BadParking_005,Base,3,30005,temporal,3,Base_BadParking_0005__s3__temporal,1.0,0.0,1.0,0.0,54.08,4.40706,0.0,1.0,1.0,1.0,0.0,0.0,7731,0.007372914241365929,0.9498124434096494,0.3532531367222869,1
1131,block-0377,Base_BadParking_0006,BadParking_006,Base,3,30006,baseline,1,Base_BadParking_0006__s3__baseline,1.0,0.0,1.0,0.0,100.0,50.209285,0.0,0.0,0.0,0.0,0.0,0.0,1684,0.0,0.0,0.0,1
1132,block-0377,Base_BadParking_0006,BadParking_006,Base,3,30006,temporal,2,Base_BadParking_0006__s3__temporal,0.0,0.0,0.0,0.0,100.0,85.287153,1.0,0.0,0.0,0.0,0.0,0.0,1586,0.362547288776797,0.3720050441361917,0.009457755359394703,1
1133,block-0377,Base_BadParking_0006,BadParking_006,Base,3,30006,current_frame,3,Base_BadParking_0006__s3__current_frame,1.0,0.0,1.0,0.0,100.0,43.91307,0.0,0.0,0.0,0.0,0.0,0.0,3728,0.1665772532188841,0.766362660944206,0.5112660944206009,1
1134,block-0378,Generalization_HardBrake_1035,HardBrake_035,Generalization,1,10035,temporal,1,Generalization_HardBrake_1035__s1__temporal,0.0,0.0,0.0,0.0,100.0,41.263052,1.0,0.0,0.0,0.0,0.0,0.0,2566,0.03585346843335931,0.07326578332034295,0.0362431800467654,1
1135,block-0378,Generalization_HardBrake_1035,HardBrake_035,Generalization,1,10035,baseline,2,Generalization_HardBrake_1035__s1__baseline,0.0,0.0,0.0,0.0,100.0,42.680476,1.0,0.0,0.0,0.0,0.0,0.0,2457,0.0,0.0,0.0,1
1136,block-0378,Generalization_HardBrake_1035,HardBrake_035,Generalization,1,10035,current_frame,3,Generalization_HardBrake_1035__s1__current_frame,0.0,0.0,0.0,0.0,100.0,43.05733,1.0,0.0,0.0,0.0,0.0,0.0,2386,0.09178541492036882,0.14165968147527241,0.0498742665549036,1
1137,block-0379,Base_RightOfWay_0056,RightOfWay_056,Base,1,10056,current_frame,1,Base_RightOfWay_0056__s1__current_frame,0.0,0.0,0.0,0.0,100.0,75.902619,1.0,0.0,0.0,0.0,0.0,0.0,1645,0.0182370820668693,0.07477203647416414,0.056534954407294835,1
1138,block-0379,Base_RightOfWay_0056,RightOfWay_056,Base,1,10056,temporal,2,Base_RightOfWay_0056__s1__temporal,0.0,0.0,0.0,0.0,100.0,76.942271,1.0,0.0,0.0,0.0,0.0,0.0,1630,0.025766871165644172,0.04785276073619632,0.0196319018404908,1
1139,block-0379,Base_RightOfWay_0056,RightOfWay_056,Base,1,10056,baseline,3,Base_RightOfWay_0056__s1__baseline,0.0,0.0,0.0,0.0,100.0,76.525285,1.0,0.0,0.0,0.0,0.0,0.0,1602,0.0,0.0,0.0,1
1140,block-0380,Base_ConstructionPermutations_0016,ConstructionPermutations_016,Base,2,20016,temporal,1,Base_ConstructionPermutations_0016__s2__temporal,1.0,0.0,1.0,0.0,100.0,37.348048,0.0,0.0,0.0,0.0,0.0,0.0,1841,0.20912547528517111,0.28354155350353066,0.06463878326996197,1
1141,block-0380,Base_ConstructionPermutations_0016,ConstructionPermutations_016,Base,2,20016,baseline,2,Base_ConstructionPermutations_0016__s2__baseline,1.0,0.0,1.0,0.0,100.0,37.284804,0.0,0.0,0.0,0.0,0.0,0.0,1838,0.0,0.0,0.0,1
1142,block-0380,Base_ConstructionPermutations_0016,ConstructionPermutations_016,Base,2,20016,current_frame,3,Base_ConstructionPermutations_0016__s2__current_frame,1.0,0.0,1.0,0.0,100.0,14.657578,0.0,1.0,0.0,1.0,0.0,0.0,5817,0.05741791301358088,0.8731304796286746,0.25545813993467426,1
1143,block-0381,Base_Wall_0099,Wall_099,Base,3,30099,baseline,1,Base_Wall_0099__s3__baseline,0.0,0.0,0.0,0.0,100.0,68.81848,1.0,0.0,0.0,0.0,0.0,0.0,974,0.0,0.0,0.0,1
1144,block-0381,Base_Wall_0099,Wall_099,Base,3,30099,current_frame,2,Base_Wall_0099__s3__current_frame,0.0,0.0,0.0,0.0,100.0,70.730028,1.0,0.0,0.0,0.0,0.0,0.0,951,0.2092534174553102,0.28601472134595163,0.07676130389064142,1
1145,block-0381,Base_Wall_0099,Wall_099,Base,3,30099,temporal,3,Base_Wall_0099__s3__temporal,0.0,0.0,0.0,0.0,100.0,68.948881,1.0,0.0,0.0,0.0,0.0,0.0,966,0.06832298136645963,0.08902691511387163,0.020703933747412008,1
1146,block-0382,Generalization_PedestrianCrowd_1067,PedestrianCrowd_067,Generalization,3,30067,baseline,1,Generalization_PedestrianCrowd_1067__s3__baseline,0.0,0.0,0.0,0.0,100.0,53.0775,1.0,0.0,0.0,0.0,0.0,0.0,1011,0.0,0.0,0.0,1
1147,block-0382,Generalization_PedestrianCrowd_1067,PedestrianCrowd_067,Generalization,3,30067,current_frame,2,Generalization_PedestrianCrowd_1067__s3__current_frame,0.0,0.0,0.0,0.0,100.0,53.270494,1.0,0.0,0.0,0.0,0.0,0.0,996,0.06325301204819277,0.1757028112449799,0.11244979919678715,1
1148,block-0382,Generalization_PedestrianCrowd_1067,PedestrianCrowd_067,Generalization,3,30067,temporal,3,Generalization_PedestrianCrowd_1067__s3__temporal,0.0,0.0,0.0,0.0,100.0,54.026151,1.0,0.0,0.0,0.0,0.0,0.0,995,0.13467336683417086,0.16080402010050251,0.02613065326633166,1
1149,block-0383,Generalization_ImageOnObject_1044,ImageOnObject_044,Generalization,3,30044,temporal,1,Generalization_ImageOnObject_1044__s3__temporal,0.0,0.0,0.0,0.0,100.0,67.509827,1.0,0.0,0.0,0.0,0.0,0.0,427,0.09601873536299765,0.1920374707259953,0.09601873536299765,1
1150,block-0383,Generalization_ImageOnObject_1044,ImageOnObject_044,Generalization,3,30044,current_frame,2,Generalization_ImageOnObject_1044__s3__current_frame,0.0,0.0,0.0,0.0,100.0,64.062325,1.0,0.0,0.0,0.0,0.0,0.0,434,0.28110599078341014,0.5092165898617511,0.22811059907834103,1
1151,block-0383,Generalization_ImageOnObject_1044,ImageOnObject_044,Generalization,3,30044,baseline,3,Generalization_ImageOnObject_1044__s3__baseline,0.0,0.0,0.0,0.0,100.0,69.136394,1.0,0.0,0.0,0.0,0.0,0.0,421,0.0,0.0,0.0,1
1152,block-0384,Base_PedestriansOnRoad_0089,PedestriansOnRoad_089,Base,1,10089,current_frame,1,Base_PedestriansOnRoad_0089__s1__current_frame,0.0,0.0,0.0,0.0,100.0,70.523541,1.0,0.0,0.0,0.0,0.0,0.0,1482,0.022267206477732792,0.07354925775978408,0.05128205128205128,1
1153,block-0384,Base_PedestriansOnRoad_0089,PedestriansOnRoad_089,Base,1,10089,baseline,2,Base_PedestriansOnRoad_0089__s1__baseline,0.0,0.0,0.0,0.0,100.0,69.997544,1.0,0.0,0.0,0.0,0.0,0.0,1514,0.0,0.0,0.0,1
1154,block-0384,Base_PedestriansOnRoad_0089,PedestriansOnRoad_089,Base,1,10089,temporal,3,Base_PedestriansOnRoad_0089__s1__temporal,0.0,0.0,0.0,0.0,100.0,70.431059,1.0,0.0,0.0,0.0,0.0,0.0,1503,0.12375249500998003,0.13572854291417166,0.011976047904191617,1
1155,block-0385,Base_RightConstruction_0092,RightConstruction_092,Base,1,10092,current_frame,1,Base_RightConstruction_0092__s1__current_frame,0.0,0.0,0.0,0.0,100.0,46.312288,1.0,0.0,0.0,0.0,0.0,0.0,860,0.047674418604651166,0.11162790697674418,0.06395348837209303,1
1156,block-0385,Base_RightConstruction_0092,RightConstruction_092,Base,1,10092,temporal,2,Base_RightConstruction_0092__s1__temporal,0.0,0.0,0.0,0.0,100.0,46.20429,1.0,0.0,0.0,0.0,0.0,0.0,865,0.028901734104046242,0.04161849710982659,0.012716763005780347,1
1157,block-0385,Base_RightConstruction_0092,RightConstruction_092,Base,1,10092,baseline,3,Base_RightConstruction_0092__s1__baseline,0.0,0.0,0.0,0.0,100.0,51.123745,1.0,0.0,0.0,0.0,0.0,0.0,827,0.0,0.0,0.0,1
1158,block-0386,Generalization_PassableObstacles_1061,PassableObstacles_061,Generalization,1,10061,temporal,1,Generalization_PassableObstacles_1061__s1__temporal,0.0,0.0,0.0,0.0,100.0,85.423,1.0,0.0,0.0,0.0,0.0,0.0,556,0.15467625899280577,0.15467625899280577,0.0,1
1159,block-0386,Generalization_PassableObstacles_1061,PassableObstacles_061,Generalization,1,10061,current_frame,2,Generalization_PassableObstacles_1061__s1__current_frame,0.0,0.0,0.0,0.0,100.0,85.912,1.0,0.0,0.0,0.0,0.0,0.0,551,0.17785843920145192,0.29764065335753176,0.11978221415607986,1
1160,block-0386,Generalization_PassableObstacles_1061,PassableObstacles_061,Generalization,1,10061,baseline,3,Generalization_PassableObstacles_1061__s1__baseline,0.0,0.0,0.0,0.0,100.0,86.05,1.0,0.0,0.0,0.0,0.0,0.0,550,0.0,0.0,0.0,1
1161,block-0387,Generalization_PedestrianCrowd_1065,PedestrianCrowd_065,Generalization,1,10065,baseline,1,Generalization_PedestrianCrowd_1065__s1__baseline,1.0,0.0,1.0,0.0,100.0,51.547572,0.0,0.0,0.0,0.0,0.0,0.0,737,0.0,0.0,0.0,1
1162,block-0387,Generalization_PedestrianCrowd_1065,PedestrianCrowd_065,Generalization,1,10065,current_frame,2,Generalization_PedestrianCrowd_1065__s1__current_frame,1.0,0.0,1.0,0.0,100.0,46.87241,0.0,0.0,0.0,0.0,0.0,0.0,735,0.1306122448979592,0.24625850340136055,0.11564625850340136,1
1163,block-0387,Generalization_PedestrianCrowd_1065,PedestrianCrowd_065,Generalization,1,10065,temporal,3,Generalization_PedestrianCrowd_1065__s1__temporal,1.0,0.0,1.0,0.0,100.0,50.160732,0.0,0.0,0.0,0.0,0.0,0.0,742,0.1522911051212938,0.18867924528301888,0.03638814016172507,1
1164,block-0388,Base_FullyBlocked_0033,FullyBlocked_033,Base,2,20033,current_frame,1,Base_FullyBlocked_0033__s2__current_frame,0.0,0.0,0.0,0.0,100.0,93.188426,1.0,0.0,0.0,0.0,0.0,0.0,977,0.3193449334698055,0.481064483111566,0.1617195496417605,1
1165,block-0388,Base_FullyBlocked_0033,FullyBlocked_033,Base,2,20033,baseline,2,Base_FullyBlocked_0033__s2__baseline,0.0,0.0,0.0,0.0,100.0,93.108412,1.0,0.0,0.0,0.0,0.0,0.0,974,0.0,0.0,0.0,1
1166,block-0388,Base_FullyBlocked_0033,FullyBlocked_033,Base,2,20033,temporal,3,Base_FullyBlocked_0033__s2__temporal,0.0,0.0,0.0,0.0,100.0,92.756095,1.0,0.0,0.0,0.0,0.0,0.0,978,0.2167689161554192,0.26278118609406953,0.046012269938650305,1
1167,block-0389,Base_Animals_0076,Animals_076,Base,2,20076,temporal,1,Base_Animals_0076__s2__temporal,0.0,0.0,0.0,0.0,100.0,78.625405,1.0,0.0,0.0,0.0,0.0,0.0,1109,0.3345356176735798,0.37330928764652843,0.0387736699729486,1
1168,block-0389,Base_Animals_0076,Animals_076,Base,2,20076,current_frame,2,Base_Animals_0076__s2__current_frame,0.0,0.0,0.0,0.0,100.0,81.723608,1.0,0.0,0.0,0.0,0.0,0.0,1052,0.3849809885931559,0.4847908745247148,0.09980988593155894,1
1169,block-0389,Base_Animals_0076,Animals_076,Base,2,20076,baseline,3,Base_Animals_0076__s2__baseline,0.0,0.0,0.0,0.0,100.0,88.455431,1.0,0.0,0.0,0.0,0.0,0.0,975,0.0,0.0,0.0,1
1170,block-0390,Generalization_CustomObstacles_1027,CustomObstacles_027,Generalization,3,30027,baseline,1,Generalization_CustomObstacles_1027__s3__baseline,1.0,0.0,0.0,1.0,100.0,38.455633,0.0,0.0,0.0,0.0,0.0,0.0,1030,0.0,0.0,0.0,1
1171,block-0390,Generalization_CustomObstacles_1027,CustomObstacles_027,Generalization,3,30027,current_frame,2,Generalization_CustomObstacles_1027__s3__current_frame,1.0,0.0,0.0,1.0,100.0,37.793424,0.0,0.0,0.0,0.0,0.0,0.0,1013,0.19842053307008883,0.3395853899308983,0.14116485686080948,1
1172,block-0390,Generalization_CustomObstacles_1027,CustomObstacles_027,Generalization,3,30027,temporal,3,Generalization_CustomObstacles_1027__s3__temporal,1.0,0.0,0.0,1.0,100.0,38.216456,0.0,0.0,0.0,0.0,0.0,0.0,1058,0.09829867674858223,0.23534971644612476,0.13705103969754254,1
1173,block-0391,Generalization_ObscuredStop_1045,ObscuredStop_045,Generalization,3,30045,baseline,1,Generalization_ObscuredStop_1045__s3__baseline,0.0,0.0,0.0,0.0,100.0,92.408368,1.0,0.0,0.0,0.0,0.0,0.0,1175,0.0,0.0,0.0,1
1174,block-0391,Generalization_ObscuredStop_1045,ObscuredStop_045,Generalization,3,30045,current_frame,2,Generalization_ObscuredStop_1045__s3__current_frame,0.0,0.0,0.0,0.0,100.0,89.813686,1.0,0.0,0.0,0.0,0.0,0.0,1228,0.12133550488599348,0.18078175895765472,0.059446254071661236,1
1175,block-0391,Generalization_ObscuredStop_1045,ObscuredStop_045,Generalization,3,30045,temporal,3,Generalization_ObscuredStop_1045__s3__temporal,0.0,0.0,0.0,0.0,100.0,86.180748,1.0,0.0,0.0,0.0,0.0,0.0,1279,0.09929632525410477,0.1016419077404222,0.0023455824863174357,1
1176,block-0392,Base_PedestrianOtherBlocker_0071,PedestrianOtherBlocker_071,Base,3,30071,current_frame,1,Base_PedestrianOtherBlocker_0071__s3__current_frame,0.0,0.0,0.0,0.0,100.0,69.187661,1.0,0.0,0.0,0.0,0.0,0.0,1230,0.036585365853658534,0.08373983739837398,0.04715447154471545,1
1177,block-0392,Base_PedestrianOtherBlocker_0071,PedestrianOtherBlocker_071,Base,3,30071,baseline,2,Base_PedestrianOtherBlocker_0071__s3__baseline,0.0,0.0,0.0,0.0,100.0,70.081306,1.0,0.0,0.0,0.0,0.0,0.0,1210,0.0,0.0,0.0,1
1178,block-0392,Base_PedestrianOtherBlocker_0071,PedestrianOtherBlocker_071,Base,3,30071,temporal,3,Base_PedestrianOtherBlocker_0071__s3__temporal,0.0,0.0,0.0,0.0,100.0,70.48923,1.0,0.0,0.0,0.0,0.0,0.0,1198,0.02337228714524207,0.052587646076794656,0.02921535893155259,1
1179,block-0393,Base_CustomObstacles_0023,CustomObstacles_023,Base,3,30023,current_frame,1,Base_CustomObstacles_0023__s3__current_frame,1.0,0.0,1.0,0.0,100.0,13.956062,0.0,1.0,0.0,1.0,0.0,0.0,5798,0.025526043463263193,0.7964815453604691,0.027423249396343566,1
1180,block-0393,Base_CustomObstacles_0023,CustomObstacles_023,Base,3,30023,temporal,2,Base_CustomObstacles_0023__s3__temporal,1.0,0.0,1.0,0.0,100.0,27.226491,0.0,1.0,0.0,1.0,0.0,0.0,5827,0.01733310451347177,0.7611120645272009,0.40449631027973226,1
1181,block-0393,Base_CustomObstacles_0023,CustomObstacles_023,Base,3,30023,baseline,3,Base_CustomObstacles_0023__s3__baseline,1.0,0.0,1.0,0.0,100.0,13.827356,0.0,1.0,0.0,1.0,0.0,0.0,5791,0.0,0.0,0.0,1
1182,block-0394,Base_FullyBlocked_0033,FullyBlocked_033,Base,3,30033,temporal,1,Base_FullyBlocked_0033__s3__temporal,0.0,0.0,0.0,0.0,100.0,92.946808,1.0,0.0,0.0,0.0,0.0,0.0,985,0.24060913705583756,0.3116751269035533,0.07106598984771574,1
1183,block-0394,Base_FullyBlocked_0033,FullyBlocked_033,Base,3,30033,baseline,2,Base_FullyBlocked_0033__s3__baseline,0.0,0.0,0.0,0.0,100.0,92.822225,1.0,0.0,0.0,0.0,0.0,0.0,981,0.0,0.0,0.0,1
1184,block-0394,Base_FullyBlocked_0033,FullyBlocked_033,Base,3,30033,current_frame,3,Base_FullyBlocked_0033__s3__current_frame,0.0,0.0,0.0,0.0,100.0,93.251703,1.0,0.0,0.0,0.0,0.0,0.0,988,0.24595141700404857,0.4068825910931174,0.16093117408906882,1
1185,block-0395,Generalization_Animals_1080,Animals_080,Generalization,2,20080,current_frame,1,Generalization_Animals_1080__s2__current_frame,1.0,1.0,0.0,0.0,100.0,21.62012,0.0,0.0,0.0,0.0,0.0,0.0,1057,0.31031220435193946,0.43330179754020814,0.12298959318826869,1
1186,block-0395,Generalization_Animals_1080,Animals_080,Generalization,2,20080,temporal,2,Generalization_Animals_1080__s2__temporal,1.0,1.0,0.0,0.0,100.0,21.538943,0.0,0.0,0.0,0.0,0.0,0.0,1081,0.2553191489361702,0.2960222016651249,0.04070305272895467,1
1187,block-0395,Generalization_Animals_1080,Animals_080,Generalization,2,20080,baseline,3,Generalization_Animals_1080__s2__baseline,1.0,1.0,0.0,0.0,100.0,21.481408,0.0,0.0,0.0,0.0,0.0,0.0,1067,0.0,0.0,0.0,1
1188,block-0396,Base_PassableObstacles_0063,PassableObstacles_063,Base,3,30063,temporal,1,Base_PassableObstacles_0063__s3__temporal,0.0,0.0,0.0,0.0,100.0,74.131584,1.0,0.0,0.0,0.0,0.0,0.0,1131,0.015915119363395226,0.03978779840848806,0.023872679045092837,1
1189,block-0396,Base_PassableObstacles_0063,PassableObstacles_063,Base,3,30063,current_frame,2,Base_PassableObstacles_0063__s3__current_frame,0.0,0.0,0.0,0.0,100.0,72.776955,1.0,0.0,0.0,0.0,0.0,0.0,1138,0.04569420035149385,0.13093145869947276,0.0852372583479789,1
1190,block-0396,Base_PassableObstacles_0063,PassableObstacles_063,Base,3,30063,baseline,3,Base_PassableObstacles_0063__s3__baseline,0.0,0.0,0.0,0.0,100.0,75.075648,1.0,0.0,0.0,0.0,0.0,0.0,1095,0.0,0.0,0.0,1
1191,block-0397,Generalization_CustomObstacles_1028,CustomObstacles_028,Generalization,3,30028,temporal,1,Generalization_CustomObstacles_1028__s3__temporal,1.0,0.0,0.0,1.0,100.0,3.092058,0.0,0.0,0.0,0.0,0.0,0.0,1538,0.05201560468140442,0.4759427828348505,0.42392717815344605,1
1192,block-0397,Generalization_CustomObstacles_1028,CustomObstacles_028,Generalization,3,30028,current_frame,2,Generalization_CustomObstacles_1028__s3__current_frame,1.0,0.0,0.0,1.0,100.0,27.941786,0.0,0.0,0.0,0.0,0.0,0.0,1455,0.07422680412371134,0.21649484536082475,0.1422680412371134,1
1193,block-0397,Generalization_CustomObstacles_1028,CustomObstacles_028,Generalization,3,30028,baseline,3,Generalization_CustomObstacles_1028__s3__baseline,1.0,0.0,0.0,1.0,100.0,42.710714,0.0,0.0,0.0,0.0,0.0,0.0,1478,0.0,0.0,0.0,1
1194,block-0398,Generalization_PedestrianOtherBlocker_1072,PedestrianOtherBlocker_072,Generalization,3,30072,temporal,1,Generalization_PedestrianOtherBlocker_1072__s3__temporal,1.0,1.0,0.0,0.0,100.0,45.339029,0.0,0.0,0.0,0.0,0.0,0.0,815,0.05276073619631902,0.11411042944785275,0.05644171779141104,1
1195,block-0398,Generalization_PedestrianOtherBlocker_1072,PedestrianOtherBlocker_072,Generalization,3,30072,baseline,2,Generalization_PedestrianOtherBlocker_1072__s3__baseline,1.0,1.0,0.0,0.0,100.0,45.465811,0.0,0.0,0.0,0.0,0.0,0.0,787,0.0,0.0,0.0,1
1196,block-0398,Generalization_PedestrianOtherBlocker_1072,PedestrianOtherBlocker_072,Generalization,3,30072,current_frame,3,Generalization_PedestrianOtherBlocker_1072__s3__current_frame,1.0,1.0,0.0,0.0,100.0,45.566,0.0,0.0,0.0,0.0,0.0,0.0,794,0.13602015113350127,0.21032745591939547,0.07304785894206549,1
1197,block-0399,Base_ImageOnObject_0042,ImageOnObject_042,Base,3,30042,current_frame,1,Base_ImageOnObject_0042__s3__current_frame,0.0,0.0,0.0,0.0,100.0,80.900404,1.0,0.0,0.0,0.0,0.0,0.0,840,0.09761904761904762,0.16666666666666666,0.06904761904761905,1
1198,block-0399,Base_ImageOnObject_0042,ImageOnObject_042,Base,3,30042,baseline,2,Base_ImageOnObject_0042__s3__baseline,0.0,0.0,0.0,0.0,100.0,82.685158,1.0,0.0,0.0,0.0,0.0,0.0,789,0.0,0.0,0.0,1
1199,block-0399,Base_ImageOnObject_0042,ImageOnObject_042,Base,3,30042,temporal,3,Base_ImageOnObject_0042__s3__temporal,0.0,0.0,0.0,0.0,100.0,80.333357,1.0,0.0,0.0,0.0,0.0,0.0,840,0.07142857142857142,0.09166666666666666,0.02023809523809524,1
1200,block-0400,Base_PedestrianCrowd_0069,PedestrianCrowd_069,Base,1,10069,current_frame,1,Base_PedestrianCrowd_0069__s1__current_frame,1.0,0.0,1.0,0.0,100.0,10.079327,0.0,1.0,0.0,1.0,0.0,0.0,7300,0.04232876712328767,0.8876712328767123,0.6815068493150684,1
1201,block-0400,Base_PedestrianCrowd_0069,PedestrianCrowd_069,Base,1,10069,baseline,2,Base_PedestrianCrowd_0069__s1__baseline,1.0,0.0,1.0,0.0,100.0,2.547705,0.0,1.0,0.0,1.0,0.0,0.0,5513,0.0,0.0,0.0,1
1202,block-0400,Base_PedestrianCrowd_0069,PedestrianCrowd_069,Base,1,10069,temporal,3,Base_PedestrianCrowd_0069__s1__temporal,1.0,0.0,1.0,0.0,52.85,5.225869,0.0,1.0,1.0,1.0,0.0,0.0,7487,0.21183384533190863,0.8334446373714438,0.23320422064912516,1
1203,block-0401,Base_ConstructionPermutations_0017,ConstructionPermutations_017,Base,3,30017,current_frame,1,Base_ConstructionPermutations_0017__s3__current_frame,1.0,0.0,1.0,0.0,100.0,30.074373,0.0,0.0,0.0,0.0,0.0,0.0,1696,0.15625,0.19870283018867924,0.038325471698113206,1
1204,block-0401,Base_ConstructionPermutations_0017,ConstructionPermutations_017,Base,3,30017,baseline,2,Base_ConstructionPermutations_0017__s3__baseline,0.0,0.0,0.0,0.0,100.0,49.273689,1.0,0.0,0.0,0.0,0.0,0.0,1694,0.0,0.0,0.0,1
1205,block-0401,Base_ConstructionPermutations_0017,ConstructionPermutations_017,Base,3,30017,temporal,3,Base_ConstructionPermutations_0017__s3__temporal,1.0,0.0,1.0,0.0,100.0,28.991796,0.0,0.0,0.0,0.0,0.0,0.0,1758,0.1285551763367463,0.15642775881683732,0.027303754266211604,1
1206,block-0402,Generalization_RightConstruction_1091,RightConstruction_091,Generalization,3,30091,baseline,1,Generalization_RightConstruction_1091__s3__baseline,0.0,0.0,0.0,0.0,100.0,91.153354,1.0,0.0,0.0,0.0,0.0,0.0,954,0.0,0.0,0.0,1
1207,block-0402,Generalization_RightConstruction_1091,RightConstruction_091,Generalization,3,30091,temporal,2,Generalization_RightConstruction_1091__s3__temporal,0.0,0.0,0.0,0.0,100.0,92.176,1.0,0.0,0.0,0.0,0.0,0.0,883,0.19592298980747452,0.2480181200453001,0.052095130237825596,1
1208,block-0402,Generalization_RightConstruction_1091,RightConstruction_091,Generalization,3,30091,current_frame,3,Generalization_RightConstruction_1091__s3__current_frame,0.0,0.0,0.0,0.0,100.0,91.789,1.0,0.0,0.0,0.0,0.0,0.0,837,0.21505376344086022,0.45997610513739545,0.24492234169653523,1
1209,block-0403,Generalization_PedestrianOtherBlocker_1071,PedestrianOtherBlocker_071,Generalization,2,20071,current_frame,1,Generalization_PedestrianOtherBlocker_1071__s2__current_frame,0.0,0.0,0.0,0.0,100.0,67.541605,1.0,0.0,0.0,0.0,0.0,0.0,1294,0.05023183925811438,0.07109737248840804,0.020865533230293665,1
1210,block-0403,Generalization_PedestrianOtherBlocker_1071,PedestrianOtherBlocker_071,Generalization,2,20071,baseline,2,Generalization_PedestrianOtherBlocker_1071__s2__baseline,0.0,0.0,0.0,0.0,100.0,68.007898,1.0,0.0,0.0,0.0,0.0,0.0,1259,0.0,0.0,0.0,1
1211,block-0403,Generalization_PedestrianOtherBlocker_1071,PedestrianOtherBlocker_071,Generalization,2,20071,temporal,3,Generalization_PedestrianOtherBlocker_1071__s2__temporal,0.0,0.0,0.0,0.0,100.0,68.091452,1.0,0.0,0.0,0.0,0.0,0.0,1261,0.02696272799365583,0.03727200634417129,0.010309278350515464,1
1212,block-0404,Generalization_CustomObstacles_1024,CustomObstacles_024,Generalization,3,30024,current_frame,1,Generalization_CustomObstacles_1024__s3__current_frame,1.0,0.0,0.0,1.0,100.0,1.797463,0.0,0.0,0.0,0.0,0.0,0.0,2942,0.05098572399728076,0.4106050305914344,0.3575798776342624,1
1213,block-0404,Generalization_CustomObstacles_1024,CustomObstacles_024,Generalization,3,30024,baseline,2,Generalization_CustomObstacles_1024__s3__baseline,1.0,0.0,0.0,1.0,100.0,25.812458,0.0,0.0,0.0,0.0,0.0,0.0,2921,0.0,0.0,0.0,1
1214,block-0404,Generalization_CustomObstacles_1024,CustomObstacles_024,Generalization,3,30024,temporal,3,Generalization_CustomObstacles_1024__s3__temporal,1.0,0.0,1.0,1.0,100.0,9.454467,0.0,0.0,0.0,0.0,0.0,0.0,2843,0.11924023918396061,0.3137530777347872,0.18994020400984876,1
1215,block-0405,Base_ImageOnObject_0044,ImageOnObject_044,Base,1,10044,baseline,1,Base_ImageOnObject_0044__s1__baseline,0.0,0.0,0.0,0.0,100.0,62.752719,1.0,0.0,0.0,0.0,0.0,0.0,427,0.0,0.0,0.0,1
1216,block-0405,Base_ImageOnObject_0044,ImageOnObject_044,Base,1,10044,current_frame,2,Base_ImageOnObject_0044__s1__current_frame,0.0,0.0,0.0,0.0,100.0,68.300652,1.0,0.0,0.0,0.0,0.0,0.0,438,0.3310502283105023,0.680365296803653,0.3493150684931507,1
1217,block-0405,Base_ImageOnObject_0044,ImageOnObject_044,Base,1,10044,temporal,3,Base_ImageOnObject_0044__s1__temporal,0.0,0.0,0.0,0.0,100.0,61.91135,1.0,0.0,0.0,0.0,0.0,0.0,431,0.12993039443155452,0.24129930394431554,0.11136890951276102,1
1218,block-0406,Generalization_PedestriansOnRoad_1089,PedestriansOnRoad_089,Generalization,2,20089,current_frame,1,Generalization_PedestriansOnRoad_1089__s2__current_frame,0.0,0.0,0.0,0.0,100.0,67.812679,1.0,0.0,0.0,0.0,0.0,0.0,1668,0.2751798561151079,0.3830935251798561,0.1079136690647482,1
1219,block-0406,Generalization_PedestriansOnRoad_1089,PedestriansOnRoad_089,Generalization,2,20089,baseline,2,Generalization_PedestriansOnRoad_1089__s2__baseline,0.0,0.0,0.0,0.0,100.0,68.547905,1.0,0.0,0.0,0.0,0.0,0.0,1649,0.0,0.0,0.0,1
1220,block-0406,Generalization_PedestriansOnRoad_1089,PedestriansOnRoad_089,Generalization,2,20089,temporal,3,Generalization_PedestriansOnRoad_1089__s2__temporal,0.0,0.0,0.0,0.0,100.0,67.204496,1.0,0.0,0.0,0.0,0.0,0.0,1677,0.2766845557543232,0.3422778771615981,0.06559332140727489,1
1221,block-0407,Generalization_Animals_1079,Animals_079,Generalization,3,30079,temporal,1,Generalization_Animals_1079__s3__temporal,1.0,0.0,0.0,1.0,63.88,25.541298,0.0,0.0,0.0,0.0,1.0,0.0,4165,0.8986794717887154,0.92124849939976,0.02256902761104442,1
1222,block-0407,Generalization_Animals_1079,Animals_079,Generalization,3,30079,baseline,2,Generalization_Animals_1079__s3__baseline,1.0,0.0,0.0,1.0,63.88,25.163596,0.0,0.0,0.0,0.0,1.0,0.0,4144,0.0,0.0,0.0,1
1223,block-0407,Generalization_Animals_1079,Animals_079,Generalization,3,30079,current_frame,3,Generalization_Animals_1079__s3__current_frame,1.0,0.0,0.0,1.0,63.88,25.982869,0.0,0.0,0.0,0.0,1.0,0.0,4150,0.9004819277108433,0.9493975903614458,0.04891566265060241,1
1224,block-0408,Base_Animals_0081,Animals_081,Base,2,20081,baseline,1,Base_Animals_0081__s2__baseline,1.0,0.0,0.0,1.0,69.02,7.30296,0.0,0.0,0.0,0.0,1.0,0.0,4062,0.0,0.0,0.0,1
1225,block-0408,Base_Animals_0081,Animals_081,Base,2,20081,temporal,2,Base_Animals_0081__s2__temporal,1.0,0.0,0.0,1.0,69.02,4.940922,0.0,0.0,0.0,0.0,1.0,0.0,4052,0.014313919052319843,0.9148568608094768,0.900542941757157,1
1226,block-0408,Base_Animals_0081,Animals_081,Base,2,20081,current_frame,3,Base_Animals_0081__s2__current_frame,1.0,0.0,0.0,1.0,68.25,3.683297,0.0,0.0,0.0,0.0,1.0,0.0,4072,0.026277013752455794,0.9246070726915521,0.8983300589390962,1
1227,block-0409,Base_RightOfWay_0057,RightOfWay_057,Base,1,10057,current_frame,1,Base_RightOfWay_0057__s1__current_frame,0.0,0.0,0.0,0.0,100.0,56.090313,0.0,0.0,0.0,0.0,0.0,0.0,846,0.3380614657210402,0.4101654846335697,0.07210401891252956,1
1228,block-0409,Base_RightOfWay_0057,RightOfWay_057,Base,1,10057,baseline,2,Base_RightOfWay_0057__s1__baseline,0.0,0.0,0.0,0.0,100.0,57.564216,0.0,0.0,0.0,0.0,0.0,0.0,873,0.0,0.0,0.0,1
1229,block-0409,Base_RightOfWay_0057,RightOfWay_057,Base,1,10057,temporal,3,Base_RightOfWay_0057__s1__temporal,0.0,0.0,0.0,0.0,100.0,74.408096,1.0,0.0,0.0,0.0,0.0,0.0,855,0.3953216374269006,0.4128654970760234,0.017543859649122806,1
1230,block-0410,Generalization_RightOfWay_1057,RightOfWay_057,Generalization,1,10057,current_frame,1,Generalization_RightOfWay_1057__s1__current_frame,0.0,0.0,0.0,0.0,100.0,74.764502,1.0,0.0,0.0,0.0,0.0,0.0,842,0.2517814726840855,0.3254156769596199,0.07363420427553444,1
1231,block-0410,Generalization_RightOfWay_1057,RightOfWay_057,Generalization,1,10057,baseline,2,Generalization_RightOfWay_1057__s1__baseline,0.0,0.0,0.0,0.0,100.0,57.546939,0.0,0.0,0.0,0.0,0.0,0.0,865,0.0,0.0,0.0,1
1232,block-0410,Generalization_RightOfWay_1057,RightOfWay_057,Generalization,1,10057,temporal,3,Generalization_RightOfWay_1057__s1__temporal,0.0,0.0,0.0,0.0,100.0,73.797031,1.0,0.0,0.0,0.0,0.0,0.0,874,0.4988558352402746,0.5194508009153318,0.020594965675057208,1
1233,block-0411,Base_ObscuredStop_0049,ObscuredStop_049,Base,3,30049,temporal,1,Base_ObscuredStop_0049__s3__temporal,0.0,0.0,0.0,0.0,100.0,65.926019,1.0,0.0,0.0,0.0,0.0,0.0,1166,0.05660377358490566,0.07718696397941681,0.02058319039451115,1
1234,block-0411,Base_ObscuredStop_0049,ObscuredStop_049,Base,3,30049,current_frame,2,Base_ObscuredStop_0049__s3__current_frame,0.0,0.0,0.0,0.0,100.0,66.861084,1.0,0.0,0.0,0.0,0.0,0.0,1131,0.05481874447391689,0.1184792219274978,0.0636604774535809,1
1235,block-0411,Base_ObscuredStop_0049,ObscuredStop_049,Base,3,30049,baseline,3,Base_ObscuredStop_0049__s3__baseline,0.0,0.0,0.0,0.0,100.0,65.519773,1.0,0.0,0.0,0.0,0.0,0.0,1162,0.0,0.0,0.0,1
1236,block-0412,Generalization_HardBrake_1039,HardBrake_039,Generalization,1,10039,baseline,1,Generalization_HardBrake_1039__s1__baseline,0.0,0.0,0.0,0.0,100.0,71.127004,1.0,0.0,0.0,0.0,0.0,0.0,999,0.0,0.0,0.0,1
1237,block-0412,Generalization_HardBrake_1039,HardBrake_039,Generalization,1,10039,current_frame,2,Generalization_HardBrake_1039__s1__current_frame,0.0,0.0,0.0,0.0,100.0,71.676073,1.0,0.0,0.0,0.0,0.0,0.0,1010,0.17326732673267325,0.36534653465346534,0.19207920792079208,1
1238,block-0412,Generalization_HardBrake_1039,HardBrake_039,Generalization,1,10039,temporal,3,Generalization_HardBrake_1039__s1__temporal,0.0,0.0,0.0,0.0,100.0,72.899738,1.0,0.0,0.0,0.0,0.0,0.0,982,0.12016293279022404,0.22708757637474541,0.10692464358452139,1
1239,block-0413,Generalization_CustomObstacles_1021,CustomObstacles_021,Generalization,1,10021,baseline,1,Generalization_CustomObstacles_1021__s1__baseline,1.0,0.0,0.0,1.0,100.0,37.992514,0.0,0.0,0.0,0.0,0.0,0.0,982,0.0,0.0,0.0,1
1240,block-0413,Generalization_CustomObstacles_1021,CustomObstacles_021,Generalization,1,10021,temporal,2,Generalization_CustomObstacles_1021__s1__temporal,1.0,0.0,0.0,1.0,100.0,10.91292,0.0,0.0,0.0,0.0,0.0,0.0,924,0.10822510822510822,0.5844155844155844,0.47619047619047616,1
1241,block-0413,Generalization_CustomObstacles_1021,CustomObstacles_021,Generalization,1,10021,current_frame,3,Generalization_CustomObstacles_1021__s1__current_frame,1.0,0.0,0.0,1.0,100.0,5.936713,0.0,0.0,0.0,0.0,0.0,0.0,1226,0.1598694942903752,0.8694942903752039,0.700652528548124,1
1242,block-0414,Generalization_ConstructionPermutations_1018,ConstructionPermutations_018,Generalization,2,20018,temporal,1,Generalization_ConstructionPermutations_1018__s2__temporal,0.0,0.0,0.0,0.0,100.0,46.018405,1.0,0.0,0.0,0.0,0.0,0.0,1769,0.10344827586206896,0.10797060486150367,0.0045223289994347085,1
1243,block-0414,Generalization_ConstructionPermutations_1018,ConstructionPermutations_018,Generalization,2,20018,current_frame,2,Generalization_ConstructionPermutations_1018__s2__current_frame,0.0,0.0,0.0,0.0,100.0,45.626178,1.0,0.0,0.0,0.0,0.0,0.0,1751,0.07881210736721873,0.10336950314106225,0.024557395773843516,1
1244,block-0414,Generalization_ConstructionPermutations_1018,ConstructionPermutations_018,Generalization,2,20018,baseline,3,Generalization_ConstructionPermutations_1018__s2__baseline,0.0,0.0,0.0,0.0,100.0,50.168552,1.0,0.0,0.0,0.0,0.0,0.0,1716,0.0,0.0,0.0,1
1245,block-0415,Generalization_OppositeConstruction_1054,OppositeConstruction_054,Generalization,2,20054,current_frame,1,Generalization_OppositeConstruction_1054__s2__current_frame,0.0,0.0,0.0,0.0,100.0,88.53597,1.0,0.0,0.0,0.0,0.0,0.0,856,0.09813084112149532,0.18808411214953272,0.08995327102803738,1
1246,block-0415,Generalization_OppositeConstruction_1054,OppositeConstruction_054,Generalization,2,20054,temporal,2,Generalization_OppositeConstruction_1054__s2__temporal,0.0,0.0,0.0,0.0,100.0,89.106981,1.0,0.0,0.0,0.0,0.0,0.0,811,0.027127003699136867,0.05055487053020962,0.02342786683107275,1
1247,block-0415,Generalization_OppositeConstruction_1054,OppositeConstruction_054,Generalization,2,20054,baseline,3,Generalization_OppositeConstruction_1054__s2__baseline,0.0,0.0,0.0,0.0,100.0,89.381032,1.0,0.0,0.0,0.0,0.0,0.0,846,0.0,0.0,0.0,1
1248,block-0416,Base_ConstructionPedestrian_0012,ConstructionPedestrian_012,Base,1,10012,current_frame,1,Base_ConstructionPedestrian_0012__s1__current_frame,0.0,0.0,0.0,0.0,100.0,53.145938,1.0,0.0,0.0,0.0,0.0,0.0,1184,0.15878378378378377,0.20861486486486486,0.04983108108108108,1
1249,block-0416,Base_ConstructionPedestrian_0012,ConstructionPedestrian_012,Base,1,10012,baseline,2,Base_ConstructionPedestrian_0012__s1__baseline,0.0,0.0,0.0,0.0,100.0,53.516414,1.0,0.0,0.0,0.0,0.0,0.0,1156,0.0,0.0,0.0,1
1250,block-0416,Base_ConstructionPedestrian_0012,ConstructionPedestrian_012,Base,1,10012,temporal,3,Base_ConstructionPedestrian_0012__s1__temporal,0.0,0.0,0.0,0.0,100.0,54.697019,1.0,0.0,0.0,0.0,0.0,0.0,1102,0.12885662431941924,0.132486388384755,0.003629764065335753,1
1251,block-0417,Generalization_ObscuredStop_1045,ObscuredStop_045,Generalization,2,20045,baseline,1,Generalization_ObscuredStop_1045__s2__baseline,0.0,0.0,0.0,0.0,100.0,89.278854,1.0,0.0,0.0,0.0,0.0,0.0,1195,0.0,0.0,0.0,1
1252,block-0417,Generalization_ObscuredStop_1045,ObscuredStop_045,Generalization,2,20045,temporal,2,Generalization_ObscuredStop_1045__s2__temporal,0.0,0.0,0.0,0.0,100.0,88.635733,1.0,0.0,0.0,0.0,0.0,0.0,1198,0.1001669449081803,0.12353923205342238,0.02337228714524207,1
1253,block-0417,Generalization_ObscuredStop_1045,ObscuredStop_045,Generalization,2,20045,current_frame,3,Generalization_ObscuredStop_1045__s2__current_frame,0.0,0.0,0.0,0.0,100.0,88.481425,1.0,0.0,0.0,0.0,0.0,0.0,1199,0.1134278565471226,0.1859883236030025,0.0725604670558799,1
1254,block-0418,Base_Wall_0095,Wall_095,Base,1,10095,temporal,1,Base_Wall_0095__s1__temporal,0.0,0.0,0.0,0.0,100.0,79.996036,1.0,0.0,0.0,0.0,0.0,0.0,753,0.029216467463479414,0.0451527224435591,0.01593625498007968,1
1255,block-0418,Base_Wall_0095,Wall_095,Base,1,10095,current_frame,2,Base_Wall_0095__s1__current_frame,0.0,0.0,0.0,0.0,100.0,81.373002,1.0,0.0,0.0,0.0,0.0,0.0,750,0.09066666666666667,0.144,0.05333333333333334,1
1256,block-0418,Base_Wall_0095,Wall_095,Base,1,10095,baseline,3,Base_Wall_0095__s1__baseline,0.0,0.0,0.0,0.0,100.0,78.902985,1.0,0.0,0.0,0.0,0.0,0.0,766,0.0,0.0,0.0,1
1257,block-0419,Generalization_BadParking_1003,BadParking_003,Generalization,2,20003,baseline,1,Generalization_BadParking_1003__s2__baseline,0.0,0.0,0.0,0.0,100.0,46.8047,1.0,0.0,0.0,0.0,0.0,0.0,1769,0.0,0.0,0.0,1
1258,block-0419,Generalization_BadParking_1003,BadParking_003,Generalization,2,20003,temporal,2,Generalization_BadParking_1003__s2__temporal,0.0,0.0,0.0,0.0,100.0,45.031245,1.0,0.0,0.0,0.0,0.0,0.0,1850,0.06324324324324325,0.06864864864864866,0.005405405405405406,1
1259,block-0419,Generalization_BadParking_1003,BadParking_003,Generalization,2,20003,current_frame,3,Generalization_BadParking_1003__s2__current_frame,1.0,0.0,1.0,0.0,100.0,14.591025,0.0,0.0,0.0,0.0,0.0,0.0,1819,0.07916437603078615,0.08246289169873557,0.003298515667949423,1
1260,block-0420,Base_CustomObstacles_0026,CustomObstacles_026,Base,2,20026,current_frame,1,Base_CustomObstacles_0026__s2__current_frame,0.0,0.0,0.0,0.0,100.0,49.930551,1.0,0.0,0.0,0.0,0.0,0.0,1746,0.048109965635738834,0.08991981672394044,0.0418098510882016,1
1261,block-0420,Base_CustomObstacles_0026,CustomObstacles_026,Base,2,20026,temporal,2,Base_CustomObstacles_0026__s2__temporal,0.0,0.0,0.0,0.0,100.0,47.311115,1.0,0.0,0.0,0.0,0.0,0.0,1923,0.07540301612064483,0.08632345293811752,0.0109204368174727,1
1262,block-0420,Base_CustomObstacles_0026,CustomObstacles_026,Base,2,20026,baseline,3,Base_CustomObstacles_0026__s2__baseline,0.0,0.0,0.0,0.0,100.0,51.866123,1.0,0.0,0.0,0.0,0.0,0.0,1753,0.0,0.0,0.0,1
1263,block-0421,Base_FullyBlocked_0031,FullyBlocked_031,Base,3,30031,current_frame,1,Base_FullyBlocked_0031__s3__current_frame,0.0,0.0,0.0,0.0,100.0,25.546464,1.0,0.0,0.0,0.0,0.0,0.0,1921,0.07548152004164498,0.10359187922956793,0.028110359187922956,1
1264,block-0421,Base_FullyBlocked_0031,FullyBlocked_031,Base,3,30031,temporal,2,Base_FullyBlocked_0031__s3__temporal,0.0,0.0,0.0,0.0,100.0,26.810957,1.0,0.0,0.0,0.0,0.0,0.0,1861,0.1569048898441698,0.17033852767329394,0.013433637829124127,1
1265,block-0421,Base_FullyBlocked_0031,FullyBlocked_031,Base,3,30031,baseline,3,Base_FullyBlocked_0031__s3__baseline,1.0,0.0,1.0,0.0,100.0,17.138876,0.0,0.0,0.0,0.0,0.0,0.0,1927,0.0,0.0,0.0,1
1266,block-0422,Generalization_RightOfWay_1056,RightOfWay_056,Generalization,1,10056,current_frame,1,Generalization_RightOfWay_1056__s1__current_frame,0.0,0.0,0.0,0.0,100.0,78.014459,1.0,0.0,0.0,0.0,0.0,0.0,1603,0.02744853399875234,0.08359326263256395,0.056144728633811605,1
1267,block-0422,Generalization_RightOfWay_1056,RightOfWay_056,Generalization,1,10056,baseline,2,Generalization_RightOfWay_1056__s1__baseline,0.0,0.0,0.0,0.0,100.0,76.535599,1.0,0.0,0.0,0.0,0.0,0.0,1632,0.0,0.0,0.0,1
1268,block-0422,Generalization_RightOfWay_1056,RightOfWay_056,Generalization,1,10056,temporal,3,Generalization_RightOfWay_1056__s1__temporal,0.0,0.0,0.0,0.0,100.0,76.576274,1.0,0.0,0.0,0.0,0.0,0.0,1624,0.03017241379310345,0.04064039408866995,0.010467980295566502,1
1269,block-0423,Base_OppositeConstruction_0052,OppositeConstruction_052,Base,2,20052,baseline,1,Base_OppositeConstruction_0052__s2__baseline,0.0,0.0,0.0,0.0,100.0,76.854785,1.0,0.0,0.0,0.0,0.0,0.0,834,0.0,0.0,0.0,1
1270,block-0423,Base_OppositeConstruction_0052,OppositeConstruction_052,Base,2,20052,temporal,2,Base_OppositeConstruction_0052__s2__temporal,0.0,0.0,0.0,0.0,100.0,76.371653,1.0,0.0,0.0,0.0,0.0,0.0,812,0.18226600985221675,0.21674876847290642,0.034482758620689655,1
1271,block-0423,Base_OppositeConstruction_0052,OppositeConstruction_052,Base,2,20052,current_frame,3,Base_OppositeConstruction_0052__s2__current_frame,0.0,0.0,0.0,0.0,100.0,75.968876,1.0,0.0,0.0,0.0,0.0,0.0,822,0.2761557177615572,0.4002433090024331,0.12408759124087591,1
1272,block-0424,Base_ConstructionPedestrian_0012,ConstructionPedestrian_012,Base,3,30012,temporal,1,Base_ConstructionPedestrian_0012__s3__temporal,0.0,0.0,0.0,0.0,100.0,52.103786,1.0,0.0,0.0,0.0,0.0,0.0,1202,0.17470881863560733,0.21381031613976706,0.03826955074875208,1
1273,block-0424,Base_ConstructionPedestrian_0012,ConstructionPedestrian_012,Base,3,30012,baseline,2,Base_ConstructionPedestrian_0012__s3__baseline,0.0,0.0,0.0,0.0,100.0,54.110731,1.0,0.0,0.0,0.0,0.0,0.0,1116,0.0,0.0,0.0,1
1274,block-0424,Base_ConstructionPedestrian_0012,ConstructionPedestrian_012,Base,3,30012,current_frame,3,Base_ConstructionPedestrian_0012__s3__current_frame,0.0,0.0,0.0,0.0,100.0,54.752168,1.0,0.0,0.0,0.0,0.0,0.0,1158,0.16753022452504318,0.20379965457685664,0.03626943005181347,1
1275,block-0425,Base_CustomObstacles_0028,CustomObstacles_028,Base,3,30028,baseline,1,Base_CustomObstacles_0028__s3__baseline,1.0,0.0,1.0,0.0,100.0,28.44512,0.0,1.0,0.0,1.0,0.0,0.0,6056,0.0,0.0,0.0,1
1276,block-0425,Base_CustomObstacles_0028,CustomObstacles_028,Base,3,30028,temporal,2,Base_CustomObstacles_0028__s3__temporal,1.0,0.0,1.0,0.0,100.0,16.161063,0.0,1.0,0.0,1.0,0.0,0.0,6080,0.01644736842105263,0.7703947368421052,0.7514802631578947,1
1277,block-0425,Base_CustomObstacles_0028,CustomObstacles_028,Base,3,30028,current_frame,3,Base_CustomObstacles_0028__s3__current_frame,1.0,0.0,1.0,0.0,100.0,17.747372,0.0,1.0,0.0,1.0,0.0,0.0,6012,0.00998003992015968,0.7672987358616101,0.7549900199600799,1
1278,block-0426,Base_CustomObstacles_0025,CustomObstacles_025,Base,1,10025,temporal,1,Base_CustomObstacles_0025__s1__temporal,1.0,0.0,1.0,0.0,62.78,19.646382,0.0,1.0,1.0,1.0,0.0,0.0,7461,0.010722423267658491,0.905776705535451,0.7003082696689452,1
1279,block-0426,Base_CustomObstacles_0025,CustomObstacles_025,Base,1,10025,baseline,2,Base_CustomObstacles_0025__s1__baseline,1.0,0.0,1.0,0.0,100.0,26.286303,0.0,0.0,0.0,0.0,0.0,0.0,2184,0.0,0.0,0.0,1
1280,block-0426,Base_CustomObstacles_0025,CustomObstacles_025,Base,1,10025,current_frame,3,Base_CustomObstacles_0025__s1__current_frame,1.0,0.0,1.0,0.0,61.23,19.212975,0.0,1.0,1.0,1.0,0.0,0.0,7425,0.034612794612794616,0.9081481481481481,0.7567676767676768,1
1281,block-0427,Base_CustomObstacles_0029,CustomObstacles_029,Base,2,20029,current_frame,1,Base_CustomObstacles_0029__s2__current_frame,1.0,0.0,1.0,1.0,47.98,7.258608,0.0,1.0,1.0,1.0,0.0,0.0,7184,0.015451002227171492,0.11887527839643652,0.06932071269487751,1
1282,block-0427,Base_CustomObstacles_0029,CustomObstacles_029,Base,2,20029,temporal,2,Base_CustomObstacles_0029__s2__temporal,1.0,0.0,1.0,0.0,100.0,30.299865,0.0,0.0,0.0,0.0,0.0,0.0,1958,0.03932584269662921,0.20582226762002043,0.1501532175689479,1
1283,block-0427,Base_CustomObstacles_0029,CustomObstacles_029,Base,2,20029,baseline,3,Base_CustomObstacles_0029__s2__baseline,1.0,0.0,1.0,0.0,100.0,26.429512,0.0,1.0,0.0,1.0,0.0,0.0,6165,0.0,0.0,0.0,1
1284,block-0428,Generalization_PassableObstacles_1064,PassableObstacles_064,Generalization,1,10064,baseline,1,Generalization_PassableObstacles_1064__s1__baseline,1.0,0.0,0.0,1.0,100.0,42.815881,0.0,0.0,0.0,0.0,0.0,0.0,918,0.0,0.0,0.0,1
1285,block-0428,Generalization_PassableObstacles_1064,PassableObstacles_064,Generalization,1,10064,current_frame,2,Generalization_PassableObstacles_1064__s1__current_frame,0.0,0.0,0.0,0.0,100.0,67.296077,1.0,0.0,0.0,0.0,0.0,0.0,913,0.11171960569550932,0.1796276013143483,0.06790799561883899,1
1286,block-0428,Generalization_PassableObstacles_1064,PassableObstacles_064,Generalization,1,10064,temporal,3,Generalization_PassableObstacles_1064__s1__temporal,0.0,0.0,0.0,0.0,100.0,65.918938,1.0,0.0,0.0,0.0,0.0,0.0,921,0.033659066232356136,0.04777415852334419,0.014115092290988056,1
1287,block-0429,Generalization_PedestrianCrowd_1067,PedestrianCrowd_067,Generalization,1,10067,current_frame,1,Generalization_PedestrianCrowd_1067__s1__current_frame,0.0,0.0,0.0,0.0,100.0,53.030063,1.0,0.0,0.0,0.0,0.0,0.0,1020,0.0696078431372549,0.17745098039215687,0.10784313725490197,1
1288,block-0429,Generalization_PedestrianCrowd_1067,PedestrianCrowd_067,Generalization,1,10067,temporal,2,Generalization_PedestrianCrowd_1067__s1__temporal,1.0,0.0,1.0,0.0,100.0,17.292522,0.0,0.0,0.0,0.0,0.0,0.0,1028,0.1264591439688716,0.20914396887159534,0.07879377431906615,1
1289,block-0429,Generalization_PedestrianCrowd_1067,PedestrianCrowd_067,Generalization,1,10067,baseline,3,Generalization_PedestrianCrowd_1067__s1__baseline,0.0,0.0,0.0,0.0,100.0,49.601895,1.0,0.0,0.0,0.0,0.0,0.0,1062,0.0,0.0,0.0,1
1290,block-0430,Base_RightOfWay_0056,RightOfWay_056,Base,3,30056,current_frame,1,Base_RightOfWay_0056__s3__current_frame,0.0,0.0,0.0,0.0,100.0,77.308119,1.0,0.0,0.0,0.0,0.0,0.0,1638,0.01282051282051282,0.05372405372405373,0.040903540903540904,1
1291,block-0430,Base_RightOfWay_0056,RightOfWay_056,Base,3,30056,baseline,2,Base_RightOfWay_0056__s3__baseline,0.0,0.0,0.0,0.0,100.0,78.205815,1.0,0.0,0.0,0.0,0.0,0.0,1620,0.0,0.0,0.0,1
1292,block-0430,Base_RightOfWay_0056,RightOfWay_056,Base,3,30056,temporal,3,Base_RightOfWay_0056__s3__temporal,0.0,0.0,0.0,0.0,100.0,78.411616,1.0,0.0,0.0,0.0,0.0,0.0,1634,0.0208078335373317,0.031211750305997554,0.01040391676866585,1
1293,block-0431,Base_HardBrake_0036,HardBrake_036,Base,2,20036,temporal,1,Base_HardBrake_0036__s2__temporal,0.0,0.0,0.0,0.0,100.0,40.879125,1.0,0.0,0.0,0.0,0.0,0.0,3416,0.15105386416861827,0.16071428571428573,0.009660421545667448,1
1294,block-0431,Base_HardBrake_0036,HardBrake_036,Base,2,20036,baseline,2,Base_HardBrake_0036__s2__baseline,1.0,0.0,1.0,0.0,100.0,5.151452,0.0,0.0,0.0,0.0,0.0,0.0,3640,0.0,0.0,0.0,1
1295,block-0431,Base_HardBrake_0036,HardBrake_036,Base,2,20036,current_frame,3,Base_HardBrake_0036__s2__current_frame,0.0,0.0,0.0,0.0,100.0,40.549346,1.0,0.0,0.0,0.0,0.0,0.0,3451,0.03535207186322805,0.08693132425383947,0.05157925239061142,1
1296,block-0432,Base_BadParking_0007,BadParking_007,Base,1,10007,baseline,1,Base_BadParking_0007__s1__baseline,1.0,0.0,1.0,0.0,100.0,26.32215,0.0,1.0,0.0,1.0,0.0,0.0,5868,0.0,0.0,0.0,1
1297,block-0432,Base_BadParking_0007,BadParking_007,Base,1,10007,temporal,2,Base_BadParking_0007__s1__temporal,1.0,0.0,1.0,0.0,100.0,52.651937,0.0,0.0,0.0,0.0,0.0,0.0,1601,0.061211742660836975,0.08931917551530294,0.027482823235477825,1
1298,block-0432,Base_BadParking_0007,BadParking_007,Base,1,10007,current_frame,3,Base_BadParking_0007__s1__current_frame,1.0,0.0,1.0,0.0,52.42,13.378643,0.0,1.0,1.0,1.0,0.0,0.0,7184,0.13140311804008908,0.8555122494432071,0.49011692650334077,1
1299,block-0433,Generalization_PedestriansOnRoad_1089,PedestriansOnRoad_089,Generalization,3,30089,temporal,1,Generalization_PedestriansOnRoad_1089__s3__temporal,0.0,0.0,0.0,0.0,100.0,67.879162,1.0,0.0,0.0,0.0,0.0,0.0,1677,0.24627310673822303,0.3124627310673822,0.06440071556350627,1
1300,block-0433,Generalization_PedestriansOnRoad_1089,PedestriansOnRoad_089,Generalization,3,30089,baseline,2,Generalization_PedestriansOnRoad_1089__s3__baseline,0.0,0.0,0.0,0.0,100.0,68.094795,1.0,0.0,0.0,0.0,0.0,0.0,1654,0.0,0.0,0.0,1
1301,block-0433,Generalization_PedestriansOnRoad_1089,PedestriansOnRoad_089,Generalization,3,30089,current_frame,3,Generalization_PedestriansOnRoad_1089__s3__current_frame,0.0,0.0,0.0,0.0,100.0,67.714816,1.0,0.0,0.0,0.0,0.0,0.0,1652,0.18583535108958837,0.3286924939467312,0.14285714285714285,1
1302,block-0434,Base_PedestrianOtherBlocker_0074,PedestrianOtherBlocker_074,Base,1,10074,current_frame,1,Base_PedestrianOtherBlocker_0074__s1__current_frame,0.0,0.0,0.0,0.0,100.0,71.351756,1.0,0.0,0.0,0.0,0.0,0.0,693,0.21356421356421357,0.3492063492063492,0.13564213564213565,1
1303,block-0434,Base_PedestrianOtherBlocker_0074,PedestrianOtherBlocker_074,Base,1,10074,baseline,2,Base_PedestrianOtherBlocker_0074__s1__baseline,0.0,0.0,0.0,0.0,100.0,66.97892,1.0,0.0,0.0,0.0,0.0,0.0,697,0.0,0.0,0.0,1
1304,block-0434,Base_PedestrianOtherBlocker_0074,PedestrianOtherBlocker_074,Base,1,10074,temporal,3,Base_PedestrianOtherBlocker_0074__s1__temporal,0.0,0.0,0.0,0.0,100.0,72.969771,1.0,0.0,0.0,0.0,0.0,0.0,691,0.10419681620839363,0.14905933429811866,0.04486251808972504,1
1305,block-0435,Base_RightOfWay_0059,RightOfWay_059,Base,2,20059,temporal,1,Base_RightOfWay_0059__s2__temporal,0.0,0.0,0.0,0.0,100.0,89.664824,1.0,0.0,0.0,0.0,0.0,0.0,1265,0.183399209486166,0.23952569169960475,0.05612648221343874,1
1306,block-0435,Base_RightOfWay_0059,RightOfWay_059,Base,2,20059,current_frame,2,Base_RightOfWay_0059__s2__current_frame,1.0,0.0,1.0,0.0,100.0,50.087127,0.0,0.0,0.0,0.0,0.0,0.0,1304,0.25996932515337423,0.3029141104294479,0.04141104294478527,1
1307,block-0435,Base_RightOfWay_0059,RightOfWay_059,Base,2,20059,baseline,3,Base_RightOfWay_0059__s2__baseline,0.0,0.0,0.0,0.0,100.0,87.902275,1.0,0.0,0.0,0.0,0.0,0.0,1323,0.0,0.0,0.0,1
1308,block-0436,Base_OppositeConstruction_0052,OppositeConstruction_052,Base,3,30052,temporal,1,Base_OppositeConstruction_0052__s3__temporal,0.0,0.0,0.0,0.0,100.0,75.525703,1.0,0.0,0.0,0.0,0.0,0.0,825,0.26666666666666666,0.2896969696969697,0.02303030303030303,1
1309,block-0436,Base_OppositeConstruction_0052,OppositeConstruction_052,Base,3,30052,baseline,2,Base_OppositeConstruction_0052__s3__baseline,0.0,0.0,0.0,0.0,100.0,76.558178,1.0,0.0,0.0,0.0,0.0,0.0,835,0.0,0.0,0.0,1
1310,block-0436,Base_OppositeConstruction_0052,OppositeConstruction_052,Base,3,30052,current_frame,3,Base_OppositeConstruction_0052__s3__current_frame,0.0,0.0,0.0,0.0,100.0,74.679153,1.0,0.0,0.0,0.0,0.0,0.0,836,0.1519138755980861,0.24282296650717702,0.09090909090909091,1
1311,block-0437,Base_PedestrianOtherBlocker_0070,PedestrianOtherBlocker_070,Base,1,10070,baseline,1,Base_PedestrianOtherBlocker_0070__s1__baseline,1.0,0.0,0.0,1.0,27.58,2.494168,0.0,0.0,0.0,0.0,1.0,0.0,4316,0.0,0.0,0.0,1
1312,block-0437,Base_PedestrianOtherBlocker_0070,PedestrianOtherBlocker_070,Base,1,10070,temporal,2,Base_PedestrianOtherBlocker_0070__s1__temporal,1.0,0.0,1.0,1.0,27.58,0.706821,0.0,0.0,0.0,0.0,1.0,0.0,4388,0.05628988149498633,0.9528258887876025,0.8817228805834093,1
1313,block-0437,Base_PedestrianOtherBlocker_0070,PedestrianOtherBlocker_070,Base,1,10070,current_frame,3,Base_PedestrianOtherBlocker_0070__s1__current_frame,1.0,0.0,1.0,1.0,18.12,0.85808,0.0,0.0,0.0,0.0,1.0,0.0,4245,0.21625441696113074,0.303886925795053,0.07632508833922262,1
1314,block-0438,Generalization_FullyBlocked_1034,FullyBlocked_034,Generalization,2,20034,temporal,1,Generalization_FullyBlocked_1034__s2__temporal,1.0,0.0,0.0,1.0,100.0,31.94571,0.0,0.0,0.0,0.0,0.0,0.0,1959,0.029606942317508933,0.5084226646248086,0.47881572230729963,1
1315,block-0438,Generalization_FullyBlocked_1034,FullyBlocked_034,Generalization,2,20034,current_frame,2,Generalization_FullyBlocked_1034__s2__current_frame,1.0,0.0,0.0,1.0,100.0,32.548615,0.0,0.0,0.0,0.0,0.0,0.0,1959,0.02807554874936192,0.5610005104645227,0.5329249617151608,1
1316,block-0438,Generalization_FullyBlocked_1034,FullyBlocked_034,Generalization,2,20034,baseline,3,Generalization_FullyBlocked_1034__s2__baseline,1.0,0.0,0.0,1.0,100.0,34.968012,0.0,0.0,0.0,0.0,0.0,0.0,1947,0.0,0.0,0.0,1
1317,block-0439,Generalization_Wall_1098,Wall_098,Generalization,2,20098,current_frame,1,Generalization_Wall_1098__s2__current_frame,1.0,0.0,0.0,1.0,100.0,59.707176,0.0,0.0,0.0,0.0,0.0,0.0,1669,0.053325344517675254,0.7297783103654883,0.6764529658478131,1
1318,block-0439,Generalization_Wall_1098,Wall_098,Generalization,2,20098,temporal,2,Generalization_Wall_1098__s2__temporal,1.0,0.0,0.0,1.0,100.0,59.754231,0.0,0.0,0.0,0.0,0.0,0.0,1695,0.11150442477876106,0.736283185840708,0.6247787610619469,1
1319,block-0439,Generalization_Wall_1098,Wall_098,Generalization,2,20098,baseline,3,Generalization_Wall_1098__s2__baseline,1.0,0.0,0.0,1.0,100.0,58.594003,0.0,0.0,0.0,0.0,0.0,0.0,1666,0.0,0.0,0.0,1
1320,block-0440,Base_PedestrianCrowd_0066,PedestrianCrowd_066,Base,3,30066,baseline,1,Base_PedestrianCrowd_0066__s3__baseline,0.0,0.0,0.0,0.0,16.42,11.494,0.0,1.0,1.0,1.0,0.0,0.0,6392,0.0,0.0,0.0,1
1321,block-0440,Base_PedestrianCrowd_0066,PedestrianCrowd_066,Base,3,30066,temporal,2,Base_PedestrianCrowd_0066__s3__temporal,1.0,0.0,1.0,1.0,16.42,4.48266,0.0,1.0,1.0,1.0,0.0,0.0,6392,0.044274092615769714,0.9978097622027534,0.7449937421777222,1
1322,block-0440,Base_PedestrianCrowd_0066,PedestrianCrowd_066,Base,3,30066,current_frame,3,Base_PedestrianCrowd_0066__s3__current_frame,0.0,0.0,0.0,0.0,100.0,41.601188,0.0,1.0,0.0,1.0,0.0,0.0,5724,0.09346610761705101,0.8929070580013976,0.7978686233403215,1
1323,block-0441,Generalization_RightOfWay_1058,RightOfWay_058,Generalization,2,20058,baseline,1,Generalization_RightOfWay_1058__s2__baseline,0.0,0.0,0.0,0.0,100.0,52.782786,1.0,0.0,0.0,0.0,0.0,0.0,1700,0.0,0.0,0.0,1
1324,block-0441,Generalization_RightOfWay_1058,RightOfWay_058,Generalization,2,20058,current_frame,2,Generalization_RightOfWay_1058__s2__current_frame,0.0,0.0,0.0,0.0,100.0,54.939827,1.0,0.0,0.0,0.0,0.0,0.0,1699,0.020011771630370805,0.07239552678045909,0.052383755150088286,1
1325,block-0441,Generalization_RightOfWay_1058,RightOfWay_058,Generalization,2,20058,temporal,3,Generalization_RightOfWay_1058__s2__temporal,0.0,0.0,0.0,0.0,100.0,54.520822,1.0,0.0,0.0,0.0,0.0,0.0,1692,0.024822695035460994,0.034278959810874705,0.009456264775413711,1
1326,block-0442,Base_Animals_0082,Animals_082,Base,3,30082,current_frame,1,Base_Animals_0082__s3__current_frame,1.0,1.0,0.0,0.0,100.0,37.227223,0.0,0.0,0.0,0.0,0.0,0.0,713,0.3071528751753156,0.4796633941093969,0.17251051893408134,1
1327,block-0442,Base_Animals_0082,Animals_082,Base,3,30082,baseline,2,Base_Animals_0082__s3__baseline,1.0,1.0,0.0,0.0,100.0,36.568125,0.0,0.0,0.0,0.0,0.0,0.0,731,0.0,0.0,0.0,1
1328,block-0442,Base_Animals_0082,Animals_082,Base,3,30082,temporal,3,Base_Animals_0082__s3__temporal,0.0,0.0,0.0,0.0,100.0,72.120147,1.0,0.0,0.0,0.0,0.0,0.0,721,0.18169209431345354,0.26490984743411927,0.08321775312066575,1
1329,block-0443,Base_RightOfWay_0055,RightOfWay_055,Base,1,10055,baseline,1,Base_RightOfWay_0055__s1__baseline,0.0,0.0,0.0,0.0,100.0,66.30585,1.0,0.0,0.0,0.0,0.0,0.0,994,0.0,0.0,0.0,1
1330,block-0443,Base_RightOfWay_0055,RightOfWay_055,Base,1,10055,current_frame,2,Base_RightOfWay_0055__s1__current_frame,0.0,0.0,0.0,0.0,100.0,64.431007,1.0,0.0,0.0,0.0,0.0,0.0,1036,0.04826254826254826,0.10424710424710425,0.055984555984555984,1
1331,block-0443,Base_RightOfWay_0055,RightOfWay_055,Base,1,10055,temporal,3,Base_RightOfWay_0055__s1__temporal,0.0,0.0,0.0,0.0,100.0,67.413562,1.0,0.0,0.0,0.0,0.0,0.0,1009,0.02576808721506442,0.040634291377601585,0.014866204162537165,1
1332,block-0444,Generalization_CustomObstacles_1021,CustomObstacles_021,Generalization,3,30021,temporal,1,Generalization_CustomObstacles_1021__s3__temporal,1.0,0.0,0.0,1.0,100.0,9.624186,0.0,0.0,0.0,0.0,0.0,0.0,1299,0.06620477290223249,0.6889915319476521,0.6220169361046959,1
1333,block-0444,Generalization_CustomObstacles_1021,CustomObstacles_021,Generalization,3,30021,baseline,2,Generalization_CustomObstacles_1021__s3__baseline,1.0,0.0,0.0,1.0,100.0,39.16841,0.0,0.0,0.0,0.0,0.0,0.0,977,0.0,0.0,0.0,1
1334,block-0444,Generalization_CustomObstacles_1021,CustomObstacles_021,Generalization,3,30021,current_frame,3,Generalization_CustomObstacles_1021__s3__current_frame,1.0,0.0,0.0,1.0,100.0,23.273006,0.0,0.0,0.0,0.0,0.0,0.0,1378,0.12917271407837447,0.6952104499274311,0.5660377358490566,1
1335,block-0445,Generalization_RightOfWay_1059,RightOfWay_059,Generalization,3,30059,baseline,1,Generalization_RightOfWay_1059__s3__baseline,0.0,0.0,0.0,0.0,100.0,89.8036,1.0,0.0,0.0,0.0,0.0,0.0,1165,0.0,0.0,0.0,1
1336,block-0445,Generalization_RightOfWay_1059,RightOfWay_059,Generalization,3,30059,current_frame,2,Generalization_RightOfWay_1059__s3__current_frame,0.0,0.0,0.0,0.0,100.0,89.975759,1.0,0.0,0.0,0.0,0.0,0.0,1207,0.20215410107705054,0.30820215410107704,0.1060480530240265,1
1337,block-0445,Generalization_RightOfWay_1059,RightOfWay_059,Generalization,3,30059,temporal,3,Generalization_RightOfWay_1059__s3__temporal,0.0,0.0,0.0,0.0,100.0,90.088524,1.0,0.0,0.0,0.0,0.0,0.0,1248,0.08974358974358974,0.11298076923076923,0.023237179487179488,1
1338,block-0446,Generalization_ImageOnObject_1042,ImageOnObject_042,Generalization,1,10042,current_frame,1,Generalization_ImageOnObject_1042__s1__current_frame,0.0,0.0,0.0,0.0,100.0,84.182618,1.0,0.0,0.0,0.0,0.0,0.0,775,0.10838709677419354,0.25161290322580643,0.1432258064516129,1
1339,block-0446,Generalization_ImageOnObject_1042,ImageOnObject_042,Generalization,1,10042,temporal,2,Generalization_ImageOnObject_1042__s1__temporal,0.0,0.0,0.0,0.0,100.0,84.19367,1.0,0.0,0.0,0.0,0.0,0.0,773,0.09702457956015524,0.13065976714100905,0.03363518758085381,1
1340,block-0446,Generalization_ImageOnObject_1042,ImageOnObject_042,Generalization,1,10042,baseline,3,Generalization_ImageOnObject_1042__s1__baseline,0.0,0.0,0.0,0.0,100.0,84.867217,1.0,0.0,0.0,0.0,0.0,0.0,766,0.0,0.0,0.0,1
1341,block-0447,Generalization_Animals_1083,Animals_083,Generalization,1,10083,baseline,1,Generalization_Animals_1083__s1__baseline,1.0,1.0,0.0,0.0,100.0,16.077248,0.0,0.0,0.0,0.0,0.0,0.0,1306,0.0,0.0,0.0,1
1342,block-0447,Generalization_Animals_1083,Animals_083,Generalization,1,10083,temporal,2,Generalization_Animals_1083__s1__temporal,1.0,1.0,0.0,0.0,100.0,33.262133,0.0,0.0,0.0,0.0,0.0,0.0,1233,0.038118410381184104,0.08029197080291971,0.0413625304136253,1
1343,block-0447,Generalization_Animals_1083,Animals_083,Generalization,1,10083,current_frame,3,Generalization_Animals_1083__s1__current_frame,1.0,1.0,0.0,0.0,100.0,31.403698,0.0,0.0,0.0,0.0,0.0,0.0,1384,0.046242774566473986,0.08598265895953758,0.039739884393063585,1
1344,block-0448,Base_PedestrianCrowd_0066,PedestrianCrowd_066,Base,2,20066,current_frame,1,Base_PedestrianCrowd_0066__s2__current_frame,1.0,0.0,1.0,1.0,17.03,4.64919,0.0,1.0,1.0,1.0,0.0,0.0,6406,0.008741804558226662,1.0,0.9853262566344052,1
1345,block-0448,Base_PedestrianCrowd_0066,PedestrianCrowd_066,Base,2,20066,baseline,2,Base_PedestrianCrowd_0066__s2__baseline,1.0,0.0,1.0,0.0,16.42,6.8964,0.0,1.0,1.0,1.0,0.0,0.0,6392,0.0,0.0,0.0,1
1346,block-0448,Base_PedestrianCrowd_0066,PedestrianCrowd_066,Base,2,20066,temporal,3,Base_PedestrianCrowd_0066__s2__temporal,1.0,0.0,1.0,0.0,100.0,24.329193,0.0,1.0,0.0,1.0,0.0,0.0,5559,0.03148048210109732,0.8848713797445584,0.7393416082029142,1
1347,block-0449,Generalization_PedestrianCrowd_1069,PedestrianCrowd_069,Generalization,2,20069,baseline,1,Generalization_PedestrianCrowd_1069__s2__baseline,1.0,0.0,1.0,0.0,100.0,4.986587,0.0,1.0,0.0,1.0,0.0,0.0,6039,0.0,0.0,0.0,1
1348,block-0449,Generalization_PedestrianCrowd_1069,PedestrianCrowd_069,Generalization,2,20069,current_frame,2,Generalization_PedestrianCrowd_1069__s2__current_frame,1.0,0.0,1.0,0.0,100.0,8.48242,0.0,1.0,0.0,1.0,0.0,0.0,5551,0.05674653215636822,0.851558277787786,0.6852819311835705,1
1349,block-0449,Generalization_PedestrianCrowd_1069,PedestrianCrowd_069,Generalization,2,20069,temporal,3,Generalization_PedestrianCrowd_1069__s2__temporal,1.0,0.0,1.0,0.0,100.0,8.968674,0.0,1.0,0.0,1.0,0.0,0.0,5492,0.047705753823743625,0.8503277494537509,0.5325928623452294,1
1350,block-0450,Generalization_RightConstruction_1093,RightConstruction_093,Generalization,3,30093,baseline,1,Generalization_RightConstruction_1093__s3__baseline,0.0,0.0,0.0,0.0,100.0,47.486581,1.0,0.0,0.0,0.0,0.0,0.0,1120,0.0,0.0,0.0,1
1351,block-0450,Generalization_RightConstruction_1093,RightConstruction_093,Generalization,3,30093,temporal,2,Generalization_RightConstruction_1093__s3__temporal,0.0,0.0,0.0,0.0,100.0,47.49243,1.0,0.0,0.0,0.0,0.0,0.0,1102,0.009981851179673321,0.022686025408348458,0.012704174228675136,1
1352,block-0450,Generalization_RightConstruction_1093,RightConstruction_093,Generalization,3,30093,current_frame,3,Generalization_RightConstruction_1093__s3__current_frame,0.0,0.0,0.0,0.0,100.0,45.401036,1.0,0.0,0.0,0.0,0.0,0.0,1167,0.005998286203941731,0.06940874035989718,0.06341045415595545,1
1353,block-0451,Base_ConstructionPermutations_0019,ConstructionPermutations_019,Base,1,10019,current_frame,1,Base_ConstructionPermutations_0019__s1__current_frame,1.0,0.0,0.0,1.0,100.0,15.701651,0.0,1.0,0.0,1.0,0.0,0.0,5908,0.03131347325660122,0.8023019634394042,0.7706499661475965,1
1354,block-0451,Base_ConstructionPermutations_0019,ConstructionPermutations_019,Base,1,10019,baseline,2,Base_ConstructionPermutations_0019__s1__baseline,1.0,0.0,1.0,0.0,100.0,24.940606,0.0,0.0,0.0,0.0,0.0,0.0,1391,0.0,0.0,0.0,1
1355,block-0451,Base_ConstructionPermutations_0019,ConstructionPermutations_019,Base,1,10019,temporal,3,Base_ConstructionPermutations_0019__s1__temporal,0.0,0.0,0.0,0.0,100.0,41.045437,1.0,0.0,0.0,0.0,0.0,0.0,1412,0.0821529745042493,0.11473087818696884,0.032577903682719546,1
1356,block-0452,Generalization_FullyBlocked_1032,FullyBlocked_032,Generalization,3,30032,baseline,1,Generalization_FullyBlocked_1032__s3__baseline,1.0,0.0,1.0,0.0,100.0,43.755333,0.0,0.0,0.0,0.0,0.0,0.0,2617,0.0,0.0,0.0,1
1357,block-0452,Generalization_FullyBlocked_1032,FullyBlocked_032,Generalization,3,30032,temporal,2,Generalization_FullyBlocked_1032__s3__temporal,1.0,0.0,1.0,0.0,100.0,42.398857,0.0,0.0,0.0,0.0,0.0,0.0,2577,0.07178890182382615,0.36321303841676367,0.28793170353123787,1
1358,block-0452,Generalization_FullyBlocked_1032,FullyBlocked_032,Generalization,3,30032,current_frame,3,Generalization_FullyBlocked_1032__s3__current_frame,1.0,0.0,1.0,0.0,100.0,42.648893,0.0,0.0,0.0,0.0,0.0,0.0,2617,0.15246465418418037,0.3358807795185327,0.1830340084065724,1
1359,block-0453,Base_BadParking_0007,BadParking_007,Base,2,20007,baseline,1,Base_BadParking_0007__s2__baseline,1.0,0.0,1.0,0.0,54.33,8.795718,0.0,1.0,1.0,1.0,0.0,0.0,7227,0.0,0.0,0.0,1
1360,block-0453,Base_BadParking_0007,BadParking_007,Base,2,20007,current_frame,2,Base_BadParking_0007__s2__current_frame,1.0,0.0,1.0,0.0,55.29,6.149248,0.0,1.0,1.0,1.0,0.0,0.0,7249,0.14043316319492344,0.8379086770589047,0.6374672368602566,1
1361,block-0453,Base_BadParking_0007,BadParking_007,Base,2,20007,temporal,3,Base_BadParking_0007__s2__temporal,1.0,0.0,1.0,0.0,100.0,52.433624,0.0,0.0,0.0,0.0,0.0,0.0,1904,0.0667016806722689,0.08718487394957983,0.020483193277310924,1
1362,block-0454,Base_PassableObstacles_0063,PassableObstacles_063,Base,2,20063,temporal,1,Base_PassableObstacles_0063__s2__temporal,0.0,0.0,0.0,0.0,100.0,73.485919,1.0,0.0,0.0,0.0,0.0,0.0,1121,0.014272970561998216,0.02408563782337199,0.009812667261373774,1
1363,block-0454,Base_PassableObstacles_0063,PassableObstacles_063,Base,2,20063,current_frame,2,Base_PassableObstacles_0063__s2__current_frame,0.0,0.0,0.0,0.0,100.0,76.60015,1.0,0.0,0.0,0.0,0.0,0.0,1080,0.016666666666666666,0.06388888888888888,0.04722222222222222,1
1364,block-0454,Base_PassableObstacles_0063,PassableObstacles_063,Base,2,20063,baseline,3,Base_PassableObstacles_0063__s2__baseline,0.0,0.0,0.0,0.0,100.0,72.977043,1.0,0.0,0.0,0.0,0.0,0.0,1143,0.0,0.0,0.0,1
1365,block-0455,Generalization_PedestrianOtherBlocker_1070,PedestrianOtherBlocker_070,Generalization,1,10070,baseline,1,Generalization_PedestrianOtherBlocker_1070__s1__baseline,1.0,0.0,0.0,1.0,44.62,1.454694,0.0,0.0,0.0,0.0,1.0,0.0,4511,0.0,0.0,0.0,1
1366,block-0455,Generalization_PedestrianOtherBlocker_1070,PedestrianOtherBlocker_070,Generalization,1,10070,temporal,2,Generalization_PedestrianOtherBlocker_1070__s1__temporal,1.0,0.0,0.0,1.0,27.58,1.638503,0.0,0.0,0.0,0.0,1.0,0.0,4126,0.04168686379059622,0.9394086282113427,0.8928744546776539,1
1367,block-0455,Generalization_PedestrianOtherBlocker_1070,PedestrianOtherBlocker_070,Generalization,1,10070,current_frame,3,Generalization_PedestrianOtherBlocker_1070__s1__current_frame,1.0,0.0,1.0,1.0,27.58,0.518621,0.0,0.0,0.0,0.0,1.0,0.0,4564,0.08063102541630149,0.9447852760736196,0.8531989482909729,1
1368,block-0456,Base_RightConstruction_0094,RightConstruction_094,Base,3,30094,current_frame,1,Base_RightConstruction_0094__s3__current_frame,0.0,0.0,0.0,0.0,100.0,72.933208,1.0,0.0,0.0,0.0,0.0,0.0,1265,0.039525691699604744,0.0782608695652174,0.03873517786561265,1
1369,block-0456,Base_RightConstruction_0094,RightConstruction_094,Base,3,30094,temporal,2,Base_RightConstruction_0094__s3__temporal,1.0,0.0,1.0,0.0,100.0,12.666287,0.0,0.0,0.0,0.0,0.0,0.0,4893,0.020846106683016553,0.7713059472716125,0.34580012262415694,1
1370,block-0456,Base_RightConstruction_0094,RightConstruction_094,Base,3,30094,baseline,3,Base_RightConstruction_0094__s3__baseline,0.0,0.0,0.0,0.0,100.0,72.53875,1.0,0.0,0.0,0.0,0.0,0.0,1261,0.0,0.0,0.0,1
1371,block-0457,Generalization_CustomObstacles_1026,CustomObstacles_026,Generalization,1,10026,temporal,1,Generalization_CustomObstacles_1026__s1__temporal,0.0,0.0,0.0,0.0,100.0,42.28993,1.0,0.0,0.0,0.0,0.0,0.0,1725,0.05623188405797101,0.0672463768115942,0.011014492753623189,1
1372,block-0457,Generalization_CustomObstacles_1026,CustomObstacles_026,Generalization,1,10026,current_frame,2,Generalization_CustomObstacles_1026__s1__current_frame,0.0,0.0,0.0,0.0,100.0,41.615748,1.0,0.0,0.0,0.0,0.0,0.0,1760,0.09659090909090909,0.1380681818181818,0.04147727272727273,1
1373,block-0457,Generalization_CustomObstacles_1026,CustomObstacles_026,Generalization,1,10026,baseline,3,Generalization_CustomObstacles_1026__s1__baseline,0.0,0.0,0.0,0.0,100.0,41.819378,1.0,0.0,0.0,0.0,0.0,0.0,1771,0.0,0.0,0.0,1
1374,block-0458,Generalization_Wall_1097,Wall_097,Generalization,1,10097,current_frame,1,Generalization_Wall_1097__s1__current_frame,1.0,0.0,0.0,1.0,100.0,61.0532,0.0,0.0,0.0,0.0,0.0,0.0,1854,0.07065803667745416,0.6645091693635383,0.5938511326860841,1
1375,block-0458,Generalization_Wall_1097,Wall_097,Generalization,1,10097,baseline,2,Generalization_Wall_1097__s1__baseline,1.0,0.0,0.0,1.0,100.0,59.935769,0.0,0.0,0.0,0.0,0.0,0.0,1830,0.0,0.0,0.0,1
1376,block-0458,Generalization_Wall_1097,Wall_097,Generalization,1,10097,temporal,3,Generalization_Wall_1097__s1__temporal,1.0,0.0,0.0,1.0,100.0,60.286654,0.0,0.0,0.0,0.0,0.0,0.0,1842,0.09011943539630836,0.6373507057546145,0.5472312703583062,1
1377,block-0459,Base_CustomObstacles_0024,CustomObstacles_024,Base,1,10024,baseline,1,Base_CustomObstacles_0024__s1__baseline,1.0,0.0,0.0,1.0,100.0,16.212032,0.0,1.0,0.0,1.0,0.0,0.0,6767,0.0,0.0,0.0,1
1378,block-0459,Base_CustomObstacles_0024,CustomObstacles_024,Base,1,10024,temporal,2,Base_CustomObstacles_0024__s1__temporal,0.0,0.0,0.0,0.0,100.0,40.642633,1.0,0.0,0.0,0.0,0.0,0.0,2473,0.08329963606955115,0.101900525677315,0.01860088960776385,1
1379,block-0459,Base_CustomObstacles_0024,CustomObstacles_024,Base,1,10024,current_frame,3,Base_CustomObstacles_0024__s1__current_frame,1.0,0.0,1.0,1.0,100.0,9.954123,0.0,1.0,0.0,1.0,0.0,0.0,6867,0.018785495849716033,0.6944808504441532,0.6748216106014271,1
1380,block-0460,Generalization_CustomObstacles_1021,CustomObstacles_021,Generalization,2,20021,temporal,1,Generalization_CustomObstacles_1021__s2__temporal,1.0,0.0,0.0,1.0,100.0,10.317031,0.0,0.0,0.0,0.0,0.0,0.0,1521,0.0631163708086785,0.6738987508218277,0.6094674556213018,1
1381,block-0460,Generalization_CustomObstacles_1021,CustomObstacles_021,Generalization,2,20021,current_frame,2,Generalization_CustomObstacles_1021__s2__current_frame,1.0,0.0,0.0,1.0,100.0,14.252896,0.0,0.0,0.0,0.0,0.0,0.0,1195,0.18577405857740587,0.5740585774058578,0.38744769874476986,1
1382,block-0460,Generalization_CustomObstacles_1021,CustomObstacles_021,Generalization,2,20021,baseline,3,Generalization_CustomObstacles_1021__s2__baseline,1.0,0.0,0.0,1.0,100.0,15.396174,0.0,0.0,0.0,0.0,0.0,0.0,1605,0.0,0.0,0.0,1
1383,block-0461,Generalization_FullyBlocked_1033,FullyBlocked_033,Generalization,3,30033,baseline,1,Generalization_FullyBlocked_1033__s3__baseline,1.0,0.0,1.0,0.0,100.0,53.223632,0.0,0.0,0.0,0.0,0.0,0.0,1832,0.0,0.0,0.0,1
1384,block-0461,Generalization_FullyBlocked_1033,FullyBlocked_033,Generalization,3,30033,temporal,2,Generalization_FullyBlocked_1033__s3__temporal,1.0,0.0,1.0,0.0,100.0,52.710748,0.0,0.0,0.0,0.0,0.0,0.0,1847,0.08175419599350298,0.6637791012452626,0.5771521386031402,1
1385,block-0461,Generalization_FullyBlocked_1033,FullyBlocked_033,Generalization,3,30033,current_frame,3,Generalization_FullyBlocked_1033__s3__current_frame,1.0,0.0,1.0,0.0,100.0,53.259069,0.0,0.0,0.0,0.0,0.0,0.0,1848,0.14502164502164502,0.7543290043290043,0.5995670995670995,1
1386,block-0462,Base_Animals_0078,Animals_078,Base,3,30078,temporal,1,Base_Animals_0078__s3__temporal,0.0,0.0,0.0,0.0,100.0,91.594,1.0,0.0,0.0,0.0,0.0,0.0,995,0.1708542713567839,0.22512562814070353,0.054271356783919596,1
1387,block-0462,Base_Animals_0078,Animals_078,Base,3,30078,current_frame,2,Base_Animals_0078__s3__current_frame,0.0,0.0,0.0,0.0,100.0,92.128,1.0,0.0,0.0,0.0,0.0,0.0,996,0.17771084337349397,0.2901606425702811,0.11244979919678715,1
1388,block-0462,Base_Animals_0078,Animals_078,Base,3,30078,baseline,3,Base_Animals_0078__s3__baseline,0.0,0.0,0.0,0.0,100.0,91.723,1.0,0.0,0.0,0.0,0.0,0.0,995,0.0,0.0,0.0,1
1389,block-0463,Base_PassableObstacles_0062,PassableObstacles_062,Base,3,30062,temporal,1,Base_PassableObstacles_0062__s3__temporal,0.0,0.0,0.0,0.0,100.0,64.438964,1.0,0.0,0.0,0.0,0.0,0.0,1895,0.05329815303430079,0.07862796833773088,0.025329815303430078,1
1390,block-0463,Base_PassableObstacles_0062,PassableObstacles_062,Base,3,30062,current_frame,2,Base_PassableObstacles_0062__s3__current_frame,0.0,0.0,0.0,0.0,100.0,64.398098,1.0,0.0,0.0,0.0,0.0,0.0,1904,0.1875,0.2494747899159664,0.06197478991596639,1
1391,block-0463,Base_PassableObstacles_0062,PassableObstacles_062,Base,3,30062,baseline,3,Base_PassableObstacles_0062__s3__baseline,0.0,0.0,0.0,0.0,100.0,65.493629,1.0,0.0,0.0,0.0,0.0,0.0,1876,0.0,0.0,0.0,1
1392,block-0464,Base_ConstructionPedestrian_0011,ConstructionPedestrian_011,Base,1,10011,temporal,1,Base_ConstructionPedestrian_0011__s1__temporal,1.0,0.0,0.0,1.0,56.02,18.296445,0.0,1.0,1.0,1.0,0.0,0.0,7476,0.05203317281968967,0.9044943820224719,0.8508560727661851,1
1393,block-0464,Base_ConstructionPedestrian_0011,ConstructionPedestrian_011,Base,1,10011,current_frame,2,Base_ConstructionPedestrian_0011__s1__current_frame,1.0,0.0,0.0,1.0,54.66,18.319759,0.0,1.0,1.0,1.0,0.0,0.0,7440,0.04879032258064516,0.8428763440860215,0.7739247311827957,1
1394,block-0464,Base_ConstructionPedestrian_0011,ConstructionPedestrian_011,Base,1,10011,baseline,3,Base_ConstructionPedestrian_0011__s1__baseline,1.0,0.0,0.0,1.0,56.36,11.956576,0.0,1.0,1.0,1.0,0.0,0.0,7485,0.0,0.0,0.0,1
1395,block-0465,Generalization_Animals_1082,Animals_082,Generalization,3,30082,baseline,1,Generalization_Animals_1082__s3__baseline,1.0,1.0,0.0,0.0,100.0,35.304544,0.0,0.0,0.0,0.0,0.0,0.0,759,0.0,0.0,0.0,1
1396,block-0465,Generalization_Animals_1082,Animals_082,Generalization,3,30082,current_frame,2,Generalization_Animals_1082__s3__current_frame,1.0,1.0,0.0,0.0,100.0,35.433102,0.0,0.0,0.0,0.0,0.0,0.0,775,0.352258064516129,0.512258064516129,0.16,1
1397,block-0465,Generalization_Animals_1082,Animals_082,Generalization,3,30082,temporal,3,Generalization_Animals_1082__s3__temporal,1.0,1.0,0.0,0.0,100.0,37.598891,0.0,0.0,0.0,0.0,0.0,0.0,720,0.2777777777777778,0.30694444444444446,0.029166666666666667,1
1398,block-0466,Base_ConstructionPedestrian_0014,ConstructionPedestrian_014,Base,3,30014,baseline,1,Base_ConstructionPedestrian_0014__s3__baseline,0.0,0.0,0.0,0.0,100.0,39.890909,1.0,0.0,0.0,0.0,0.0,0.0,1365,0.0,0.0,0.0,1
1399,block-0466,Base_ConstructionPedestrian_0014,ConstructionPedestrian_014,Base,3,30014,current_frame,2,Base_ConstructionPedestrian_0014__s3__current_frame,0.0,0.0,0.0,0.0,100.0,40.549929,1.0,0.0,0.0,0.0,0.0,0.0,1424,0.12359550561797752,0.14887640449438203,0.025280898876404494,1
1400,block-0466,Base_ConstructionPedestrian_0014,ConstructionPedestrian_014,Base,3,30014,temporal,3,Base_ConstructionPedestrian_0014__s3__temporal,1.0,0.0,1.0,0.0,100.0,24.545219,0.0,0.0,0.0,0.0,0.0,0.0,1370,0.06569343065693431,0.11094890510948906,0.0364963503649635,1
1401,block-0467,Generalization_FullyBlocked_1034,FullyBlocked_034,Generalization,1,10034,temporal,1,Generalization_FullyBlocked_1034__s1__temporal,1.0,0.0,0.0,1.0,100.0,36.817571,0.0,0.0,0.0,0.0,0.0,0.0,1079,0.08804448563484708,0.12418906394810009,0.03614457831325301,1
1402,block-0467,Generalization_FullyBlocked_1034,FullyBlocked_034,Generalization,1,10034,baseline,2,Generalization_FullyBlocked_1034__s1__baseline,1.0,0.0,0.0,1.0,100.0,5.012028,0.0,0.0,0.0,0.0,0.0,0.0,1109,0.0,0.0,0.0,1
1403,block-0467,Generalization_FullyBlocked_1034,FullyBlocked_034,Generalization,1,10034,current_frame,3,Generalization_FullyBlocked_1034__s1__current_frame,1.0,0.0,0.0,1.0,100.0,30.904468,0.0,0.0,0.0,0.0,0.0,0.0,1158,0.09067357512953368,0.3488773747841105,0.25820379965457685,1
1404,block-0468,Generalization_FullyBlocked_1030,FullyBlocked_030,Generalization,2,20030,current_frame,1,Generalization_FullyBlocked_1030__s2__current_frame,1.0,0.0,0.0,1.0,11.81,2.108159,0.0,0.0,0.0,0.0,1.0,0.0,4950,0.0008080808080808081,1.0,0.9991919191919192,1
1405,block-0468,Generalization_FullyBlocked_1030,FullyBlocked_030,Generalization,2,20030,baseline,2,Generalization_FullyBlocked_1030__s2__baseline,1.0,0.0,0.0,1.0,11.81,2.108159,0.0,0.0,0.0,0.0,1.0,0.0,4958,0.0,0.0,0.0,1
1406,block-0468,Generalization_FullyBlocked_1030,FullyBlocked_030,Generalization,2,20030,temporal,3,Generalization_FullyBlocked_1030__s2__temporal,1.0,0.0,0.0,1.0,16.86,4.630178,0.0,0.0,0.0,0.0,1.0,0.0,4124,0.01915615906886518,0.9949078564500485,0.9757516973811833,1
1407,block-0469,Base_PassableObstacles_0061,PassableObstacles_061,Base,1,10061,baseline,1,Base_PassableObstacles_0061__s1__baseline,0.0,0.0,0.0,0.0,100.0,89.974,1.0,0.0,0.0,0.0,0.0,0.0,549,0.0,0.0,0.0,1
1408,block-0469,Base_PassableObstacles_0061,PassableObstacles_061,Base,1,10061,temporal,2,Base_PassableObstacles_0061__s1__temporal,0.0,0.0,0.0,0.0,100.0,89.596,1.0,0.0,0.0,0.0,0.0,0.0,584,0.12157534246575342,0.14726027397260275,0.025684931506849314,1
1409,block-0469,Base_PassableObstacles_0061,PassableObstacles_061,Base,1,10061,current_frame,3,Base_PassableObstacles_0061__s1__current_frame,0.0,0.0,0.0,0.0,100.0,89.411718,1.0,0.0,0.0,0.0,0.0,0.0,566,0.22791519434628976,0.3215547703180212,0.09363957597173145,1
1410,block-0470,Base_OppositeConstruction_0051,OppositeConstruction_051,Base,2,20051,temporal,1,Base_OppositeConstruction_0051__s2__temporal,0.0,0.0,0.0,0.0,100.0,74.651581,1.0,0.0,0.0,0.0,0.0,0.0,1311,0.012967200610221205,0.02288329519450801,0.009916094584286803,1
1411,block-0470,Base_OppositeConstruction_0051,OppositeConstruction_051,Base,2,20051,baseline,2,Base_OppositeConstruction_0051__s2__baseline,0.0,0.0,0.0,0.0,100.0,75.90984,1.0,0.0,0.0,0.0,0.0,0.0,1264,0.0,0.0,0.0,1
1412,block-0470,Base_OppositeConstruction_0051,OppositeConstruction_051,Base,2,20051,current_frame,3,Base_OppositeConstruction_0051__s2__current_frame,0.0,0.0,0.0,0.0,100.0,73.093027,1.0,0.0,0.0,0.0,0.0,0.0,1332,0.015765765765765764,0.060810810810810814,0.04504504504504504,1
1413,block-0471,Base_HardBrake_0037,HardBrake_037,Base,2,20037,temporal,1,Base_HardBrake_0037__s2__temporal,0.0,0.0,0.0,0.0,100.0,45.257774,1.0,0.0,0.0,0.0,0.0,0.0,2615,0.0791586998087954,0.08910133843212237,0.00994263862332696,1
1414,block-0471,Base_HardBrake_0037,HardBrake_037,Base,2,20037,baseline,2,Base_HardBrake_0037__s2__baseline,0.0,0.0,0.0,0.0,100.0,47.420859,1.0,0.0,0.0,0.0,0.0,0.0,2428,0.0,0.0,0.0,1
1415,block-0471,Base_HardBrake_0037,HardBrake_037,Base,2,20037,current_frame,3,Base_HardBrake_0037__s2__current_frame,0.0,0.0,0.0,0.0,100.0,46.942444,1.0,0.0,0.0,0.0,0.0,0.0,2512,0.06488853503184713,0.15047770700636942,0.08558917197452229,1
1416,block-0472,Generalization_ConstructionPedestrian_1013,ConstructionPedestrian_013,Generalization,1,10013,baseline,1,Generalization_ConstructionPedestrian_1013__s1__baseline,1.0,0.0,0.0,1.0,49.83,19.52886,0.0,1.0,1.0,1.0,0.0,0.0,7164,0.0,0.0,0.0,1
1417,block-0472,Generalization_ConstructionPedestrian_1013,ConstructionPedestrian_013,Generalization,1,10013,temporal,2,Generalization_ConstructionPedestrian_1013__s1__temporal,1.0,0.0,0.0,1.0,50.99,13.918845,0.0,1.0,1.0,1.0,0.0,0.0,7191,0.03768599638436935,0.7316089556389932,0.6939229592546239,1
1418,block-0472,Generalization_ConstructionPedestrian_1013,ConstructionPedestrian_013,Generalization,1,10013,current_frame,3,Generalization_ConstructionPedestrian_1013__s1__current_frame,1.0,0.0,1.0,0.0,59.86,7.365822,0.0,0.0,0.0,0.0,0.0,1.0,3739,0.050280823749665686,0.7884461085851832,0.27520727467237227,1
1419,block-0473,Generalization_CustomObstacles_1023,CustomObstacles_023,Generalization,1,10023,current_frame,1,Generalization_CustomObstacles_1023__s1__current_frame,1.0,0.0,0.0,1.0,43.66,18.110797,0.0,1.0,1.0,1.0,0.0,0.0,6917,0.07156281624981929,0.20673702472170016,0.1348850657799624,1
1420,block-0473,Generalization_CustomObstacles_1023,CustomObstacles_023,Generalization,1,10023,baseline,2,Generalization_CustomObstacles_1023__s1__baseline,1.0,0.0,0.0,1.0,100.0,44.931899,0.0,0.0,0.0,0.0,0.0,0.0,1317,0.0,0.0,0.0,1
1421,block-0473,Generalization_CustomObstacles_1023,CustomObstacles_023,Generalization,1,10023,temporal,3,Generalization_CustomObstacles_1023__s1__temporal,1.0,0.0,0.0,1.0,100.0,43.702674,0.0,0.0,0.0,0.0,0.0,0.0,1365,0.05860805860805861,0.13772893772893774,0.07912087912087912,1
1422,block-0474,Base_Animals_0084,Animals_084,Base,3,30084,current_frame,1,Base_Animals_0084__s3__current_frame,1.0,0.0,0.0,1.0,38.9,19.936446,0.0,0.0,0.0,0.0,1.0,0.0,3887,0.44275791098533573,0.6580910728067919,0.2140468227424749,1
1423,block-0474,Base_Animals_0084,Animals_084,Base,3,30084,temporal,2,Base_Animals_0084__s3__temporal,1.0,0.0,0.0,1.0,37.25,17.656357,0.0,0.0,0.0,0.0,1.0,0.0,3866,0.4198137609932747,0.4469736161407139,0.02353854112778065,1
1424,block-0474,Base_Animals_0084,Animals_084,Base,3,30084,baseline,3,Base_Animals_0084__s3__baseline,1.0,1.0,0.0,1.0,100.0,13.499326,0.0,0.0,0.0,0.0,0.0,0.0,1288,0.0,0.0,0.0,1
1425,block-0475,Base_PassableObstacles_0064,PassableObstacles_064,Base,2,20064,temporal,1,Base_PassableObstacles_0064__s2__temporal,0.0,0.0,0.0,0.0,100.0,82.966562,1.0,0.0,0.0,0.0,0.0,0.0,840,0.04047619047619048,0.06666666666666667,0.02619047619047619,1
1426,block-0475,Base_PassableObstacles_0064,PassableObstacles_064,Base,2,20064,baseline,2,Base_PassableObstacles_0064__s2__baseline,0.0,0.0,0.0,0.0,100.0,83.145396,1.0,0.0,0.0,0.0,0.0,0.0,812,0.0,0.0,0.0,1
1427,block-0475,Base_PassableObstacles_0064,PassableObstacles_064,Base,2,20064,current_frame,3,Base_PassableObstacles_0064__s2__current_frame,0.0,0.0,0.0,0.0,100.0,83.418279,1.0,0.0,0.0,0.0,0.0,0.0,819,0.07203907203907203,0.20512820512820512,0.1330891330891331,1
1428,block-0476,Generalization_BadParking_1001,BadParking_001,Generalization,2,20001,temporal,1,Generalization_BadParking_1001__s2__temporal,1.0,0.0,1.0,0.0,100.0,9.593577,0.0,1.0,0.0,1.0,0.0,0.0,5585,0.049239033124440466,0.8710832587287377,0.8218442256042973,1
1429,block-0476,Generalization_BadParking_1001,BadParking_001,Generalization,2,20001,current_frame,2,Generalization_BadParking_1001__s2__current_frame,1.0,0.0,1.0,0.0,100.0,14.90184,0.0,0.0,0.0,0.0,0.0,0.0,2371,0.11008013496415014,0.6980177140447069,0.5879375790805568,1
1430,block-0476,Generalization_BadParking_1001,BadParking_001,Generalization,2,20001,baseline,3,Generalization_BadParking_1001__s2__baseline,1.0,0.0,1.0,0.0,100.0,16.47478,0.0,1.0,0.0,1.0,0.0,0.0,5443,0.0,0.0,0.0,1
1431,block-0477,Generalization_PassableObstacles_1061,PassableObstacles_061,Generalization,3,30061,current_frame,1,Generalization_PassableObstacles_1061__s3__current_frame,0.0,0.0,0.0,0.0,100.0,87.208,1.0,0.0,0.0,0.0,0.0,0.0,568,0.2130281690140845,0.34683098591549294,0.13380281690140844,1
1432,block-0477,Generalization_PassableObstacles_1061,PassableObstacles_061,Generalization,3,30061,temporal,2,Generalization_PassableObstacles_1061__s3__temporal,0.0,0.0,0.0,0.0,100.0,86.569,1.0,0.0,0.0,0.0,0.0,0.0,556,0.16366906474820145,0.17086330935251798,0.007194244604316547,1
1433,block-0477,Generalization_PassableObstacles_1061,PassableObstacles_061,Generalization,3,30061,baseline,3,Generalization_PassableObstacles_1061__s3__baseline,0.0,0.0,0.0,0.0,100.0,87.079,1.0,0.0,0.0,0.0,0.0,0.0,546,0.0,0.0,0.0,1
1434,block-0478,Generalization_Animals_1083,Animals_083,Generalization,3,30083,current_frame,1,Generalization_Animals_1083__s3__current_frame,1.0,1.0,0.0,0.0,100.0,33.621264,0.0,0.0,0.0,0.0,0.0,0.0,1336,0.059880239520958084,0.08907185628742514,0.029191616766467067,1
1435,block-0478,Generalization_Animals_1083,Animals_083,Generalization,3,30083,baseline,2,Generalization_Animals_1083__s3__baseline,1.0,1.0,0.0,0.0,100.0,18.02425,0.0,0.0,0.0,0.0,0.0,0.0,1227,0.0,0.0,0.0,1
1436,block-0478,Generalization_Animals_1083,Animals_083,Generalization,3,30083,temporal,3,Generalization_Animals_1083__s3__temporal,1.0,1.0,0.0,0.0,100.0,16.381649,0.0,0.0,0.0,0.0,0.0,0.0,1285,0.042801556420233464,0.10350194552529182,0.05992217898832685,1
1437,block-0479,Generalization_Animals_1079,Animals_079,Generalization,2,20079,temporal,1,Generalization_Animals_1079__s2__temporal,1.0,0.0,0.0,1.0,63.88,25.617704,0.0,0.0,0.0,0.0,1.0,0.0,4168,0.17610364683301344,0.1952975047984645,0.019193857965451054,1
1438,block-0479,Generalization_Animals_1079,Animals_079,Generalization,2,20079,current_frame,2,Generalization_Animals_1079__s2__current_frame,1.0,0.0,0.0,1.0,67.59,27.18862,0.0,0.0,0.0,0.0,1.0,0.0,4156,0.20259865255052936,0.9530798845043311,0.7504812319538018,1
1439,block-0479,Generalization_Animals_1079,Animals_079,Generalization,2,20079,baseline,3,Generalization_Animals_1079__s2__baseline,1.0,0.0,0.0,1.0,63.88,25.799882,0.0,0.0,0.0,0.0,1.0,0.0,4163,0.0,0.0,0.0,1
1440,block-0480,Generalization_PedestrianOtherBlocker_1070,PedestrianOtherBlocker_070,Generalization,2,20070,temporal,1,Generalization_PedestrianOtherBlocker_1070__s2__temporal,1.0,0.0,1.0,1.0,40.22,9.218412,0.0,0.0,0.0,0.0,1.0,0.0,4067,0.05040570445045488,0.9518072289156626,0.8977133021883452,1
1441,block-0480,Generalization_PedestrianOtherBlocker_1070,PedestrianOtherBlocker_070,Generalization,2,20070,baseline,2,Generalization_PedestrianOtherBlocker_1070__s2__baseline,1.0,0.0,0.0,1.0,43.3,1.657446,0.0,0.0,0.0,0.0,1.0,0.0,4265,0.0,0.0,0.0,1
1442,block-0480,Generalization_PedestrianOtherBlocker_1070,PedestrianOtherBlocker_070,Generalization,2,20070,current_frame,3,Generalization_PedestrianOtherBlocker_1070__s2__current_frame,1.0,0.0,1.0,1.0,18.12,1.025849,0.0,0.0,0.0,0.0,1.0,0.0,3991,0.2708594337258832,0.3294913555499875,0.032823853670759205,1
1443,block-0481,Generalization_ConstructionPermutations_1015,ConstructionPermutations_015,Generalization,1,10015,temporal,1,Generalization_ConstructionPermutations_1015__s1__temporal,1.0,0.0,1.0,1.0,20.47,2.351259,0.0,0.0,0.0,0.0,1.0,0.0,5731,0.09457337288431339,0.3538649450357704,0.20938754144128424,1
1444,block-0481,Generalization_ConstructionPermutations_1015,ConstructionPermutations_015,Generalization,1,10015,current_frame,2,Generalization_ConstructionPermutations_1015__s1__current_frame,1.0,0.0,1.0,1.0,17.65,1.114813,0.0,0.0,0.0,0.0,1.0,0.0,4103,0.2975871313672922,0.32585912746770657,0.022178893492566416,1
1445,block-0481,Generalization_ConstructionPermutations_1015,ConstructionPermutations_015,Generalization,1,10015,baseline,3,Generalization_ConstructionPermutations_1015__s1__baseline,1.0,0.0,0.0,1.0,49.36,0.26805,0.0,1.0,1.0,1.0,0.0,0.0,7018,0.0,0.0,0.0,1
1446,block-0482,Generalization_ConstructionPedestrian_1012,ConstructionPedestrian_012,Generalization,2,20012,current_frame,1,Generalization_ConstructionPedestrian_1012__s2__current_frame,1.0,1.0,0.0,0.0,100.0,24.214844,0.0,0.0,0.0,0.0,0.0,0.0,1189,0.10513036164844407,0.13204373423044574,0.02691337258200168,1
1447,block-0482,Generalization_ConstructionPedestrian_1012,ConstructionPedestrian_012,Generalization,2,20012,temporal,2,Generalization_ConstructionPedestrian_1012__s2__temporal,1.0,1.0,0.0,0.0,100.0,23.984467,0.0,0.0,0.0,0.0,0.0,0.0,1238,0.07673667205169628,0.09773828756058159,0.0210016155088853,1
1448,block-0482,Generalization_ConstructionPedestrian_1012,ConstructionPedestrian_012,Generalization,2,20012,baseline,3,Generalization_ConstructionPedestrian_1012__s2__baseline,1.0,1.0,0.0,0.0,100.0,23.614524,0.0,0.0,0.0,0.0,0.0,0.0,1174,0.0,0.0,0.0,1
1449,block-0483,Base_ConstructionPedestrian_0013,ConstructionPedestrian_013,Base,2,20013,current_frame,1,Base_ConstructionPedestrian_0013__s2__current_frame,1.0,0.0,0.0,1.0,100.0,3.33043,0.0,1.0,0.0,1.0,0.0,0.0,7053,0.029490996738976323,0.806607117538636,0.7650645115553665,1
1450,block-0483,Base_ConstructionPedestrian_0013,ConstructionPedestrian_013,Base,2,20013,temporal,2,Base_ConstructionPedestrian_0013__s2__temporal,1.0,0.0,0.0,1.0,51.76,15.18656,0.0,1.0,1.0,1.0,0.0,0.0,7209,0.013871549452073797,0.8965182410875294,0.8811208211957275,1
1451,block-0483,Base_ConstructionPedestrian_0013,ConstructionPedestrian_013,Base,2,20013,baseline,3,Base_ConstructionPedestrian_0013__s2__baseline,1.0,0.0,0.0,1.0,100.0,8.767117,0.0,1.0,0.0,1.0,0.0,0.0,5668,0.0,0.0,0.0,1
1452,block-0484,Generalization_ImageOnObject_1041,ImageOnObject_041,Generalization,1,10041,current_frame,1,Generalization_ImageOnObject_1041__s1__current_frame,0.0,0.0,0.0,0.0,100.0,67.345414,1.0,0.0,0.0,0.0,0.0,0.0,1040,0.12307692307692308,0.17403846153846153,0.05096153846153846,1
1453,block-0484,Generalization_ImageOnObject_1041,ImageOnObject_041,Generalization,1,10041,temporal,2,Generalization_ImageOnObject_1041__s1__temporal,0.0,0.0,0.0,0.0,100.0,66.925443,1.0,0.0,0.0,0.0,0.0,0.0,1042,0.32821497120921306,0.390595009596929,0.06238003838771593,1
1454,block-0484,Generalization_ImageOnObject_1041,ImageOnObject_041,Generalization,1,10041,baseline,3,Generalization_ImageOnObject_1041__s1__baseline,1.0,0.0,1.0,0.0,100.0,7.835648,0.0,0.0,0.0,0.0,0.0,0.0,6380,0.0,0.0,0.0,1
1455,block-0485,Generalization_PassableObstacles_1061,PassableObstacles_061,Generalization,2,20061,temporal,1,Generalization_PassableObstacles_1061__s2__temporal,0.0,0.0,0.0,0.0,100.0,86.083,1.0,0.0,0.0,0.0,0.0,0.0,578,0.0657439446366782,0.0847750865051903,0.01903114186851211,1
1456,block-0485,Generalization_PassableObstacles_1061,PassableObstacles_061,Generalization,2,20061,baseline,2,Generalization_PassableObstacles_1061__s2__baseline,0.0,0.0,0.0,0.0,100.0,86.308,1.0,0.0,0.0,0.0,0.0,0.0,554,0.0,0.0,0.0,1
1457,block-0485,Generalization_PassableObstacles_1061,PassableObstacles_061,Generalization,2,20061,current_frame,3,Generalization_PassableObstacles_1061__s2__current_frame,0.0,0.0,0.0,0.0,100.0,86.65,1.0,0.0,0.0,0.0,0.0,0.0,577,0.2391681109185442,0.35528596187175043,0.11611785095320624,1
1458,block-0486,Generalization_OppositeConstruction_1052,OppositeConstruction_052,Generalization,2,20052,baseline,1,Generalization_OppositeConstruction_1052__s2__baseline,0.0,0.0,0.0,0.0,100.0,90.412444,1.0,0.0,0.0,0.0,0.0,0.0,782,0.0,0.0,0.0,1
1459,block-0486,Generalization_OppositeConstruction_1052,OppositeConstruction_052,Generalization,2,20052,temporal,2,Generalization_OppositeConstruction_1052__s2__temporal,0.0,0.0,0.0,0.0,100.0,90.313035,1.0,0.0,0.0,0.0,0.0,0.0,775,0.25290322580645164,0.2967741935483871,0.04387096774193548,1
1460,block-0486,Generalization_OppositeConstruction_1052,OppositeConstruction_052,Generalization,2,20052,current_frame,3,Generalization_OppositeConstruction_1052__s2__current_frame,0.0,0.0,0.0,0.0,100.0,89.493093,1.0,0.0,0.0,0.0,0.0,0.0,790,0.08481012658227848,0.18734177215189873,0.10253164556962026,1
1461,block-0487,Generalization_ImageOnObject_1043,ImageOnObject_043,Generalization,3,30043,baseline,1,Generalization_ImageOnObject_1043__s3__baseline,0.0,0.0,0.0,0.0,100.0,68.187078,1.0,0.0,0.0,0.0,0.0,0.0,853,0.0,0.0,0.0,1
1462,block-0487,Generalization_ImageOnObject_1043,ImageOnObject_043,Generalization,3,30043,temporal,2,Generalization_ImageOnObject_1043__s3__temporal,0.0,0.0,0.0,0.0,100.0,71.407156,1.0,0.0,0.0,0.0,0.0,0.0,813,0.26199261992619927,0.2902829028290283,0.028290282902829027,1
1463,block-0487,Generalization_ImageOnObject_1043,ImageOnObject_043,Generalization,3,30043,current_frame,3,Generalization_ImageOnObject_1043__s3__current_frame,0.0,0.0,0.0,0.0,100.0,72.829421,1.0,0.0,0.0,0.0,0.0,0.0,788,0.2512690355329949,0.34517766497461927,0.09390862944162437,1
1464,block-0488,Base_BadParking_0005,BadParking_005,Base,1,10005,temporal,1,Base_BadParking_0005__s1__temporal,1.0,0.0,1.0,0.0,100.0,34.150345,0.0,0.0,0.0,0.0,0.0,0.0,1465,0.23003412969283277,0.4546075085324232,0.07986348122866894,1
1465,block-0488,Base_BadParking_0005,BadParking_005,Base,1,10005,baseline,2,Base_BadParking_0005__s1__baseline,1.0,0.0,1.0,0.0,54.08,4.355719,0.0,1.0,1.0,1.0,0.0,0.0,7731,0.0,0.0,0.0,1
1466,block-0488,Base_BadParking_0005,BadParking_005,Base,1,10005,current_frame,3,Base_BadParking_0005__s1__current_frame,1.0,0.0,1.0,0.0,54.98,4.887802,0.0,1.0,1.0,1.0,0.0,0.0,7760,0.016494845360824743,0.9438144329896907,0.5551546391752578,1
1467,block-0489,Generalization_BadParking_1008,BadParking_008,Generalization,2,20008,baseline,1,Generalization_BadParking_1008__s2__baseline,1.0,0.0,1.0,0.0,100.0,29.980462,0.0,1.0,0.0,1.0,0.0,0.0,5328,0.0,0.0,0.0,1
1468,block-0489,Generalization_BadParking_1008,BadParking_008,Generalization,2,20008,current_frame,2,Generalization_BadParking_1008__s2__current_frame,0.0,0.0,0.0,0.0,100.0,93.941595,1.0,0.0,0.0,0.0,0.0,0.0,778,0.16066838046272494,0.31362467866323906,0.14781491002570693,1
1469,block-0489,Generalization_BadParking_1008,BadParking_008,Generalization,2,20008,temporal,3,Generalization_BadParking_1008__s2__temporal,1.0,0.0,1.0,0.0,100.0,28.89778,0.0,1.0,0.0,1.0,0.0,0.0,5342,0.0157244477723699,0.8865593410707601,0.8695245226506926,1
1470,block-0490,Generalization_PedestrianCrowd_1069,PedestrianCrowd_069,Generalization,1,10069,temporal,1,Generalization_PedestrianCrowd_1069__s1__temporal,1.0,0.0,1.0,0.0,100.0,7.935021,0.0,1.0,0.0,1.0,0.0,0.0,5645,0.041984056687333925,0.8527900797165633,0.8010628875110718,1
1471,block-0490,Generalization_PedestrianCrowd_1069,PedestrianCrowd_069,Generalization,1,10069,baseline,2,Generalization_PedestrianCrowd_1069__s1__baseline,1.0,0.0,1.0,0.0,100.0,7.740415,0.0,1.0,0.0,1.0,0.0,0.0,5800,0.0,0.0,0.0,1
1472,block-0490,Generalization_PedestrianCrowd_1069,PedestrianCrowd_069,Generalization,1,10069,current_frame,3,Generalization_PedestrianCrowd_1069__s1__current_frame,1.0,0.0,1.0,0.0,100.0,4.069115,0.0,1.0,0.0,1.0,0.0,0.0,7694,0.03509227969846634,0.8968027034052508,0.5807122433064725,1
1473,block-0491,Base_BadParking_0002,BadParking_002,Base,2,20002,baseline,1,Base_BadParking_0002__s2__baseline,0.0,0.0,0.0,0.0,100.0,49.313919,1.0,0.0,0.0,0.0,0.0,0.0,1195,0.0,0.0,0.0,1
1474,block-0491,Base_BadParking_0002,BadParking_002,Base,2,20002,temporal,2,Base_BadParking_0002__s2__temporal,0.0,0.0,0.0,0.0,100.0,49.551133,1.0,0.0,0.0,0.0,0.0,0.0,1188,0.09259259259259259,0.12037037037037036,0.02356902356902357,1
1475,block-0491,Base_BadParking_0002,BadParking_002,Base,2,20002,current_frame,3,Base_BadParking_0002__s2__current_frame,0.0,0.0,0.0,0.0,100.0,46.504526,1.0,0.0,0.0,0.0,0.0,0.0,1247,0.161186848436247,0.18765036086607859,0.02566158781074579,1
1476,block-0492,Generalization_ConstructionPermutations_1015,ConstructionPermutations_015,Generalization,3,30015,current_frame,1,Generalization_ConstructionPermutations_1015__s3__current_frame,1.0,0.0,0.0,1.0,17.65,2.086966,0.0,0.0,0.0,0.0,1.0,0.0,4456,0.03298922800718133,0.06328545780969479,0.016831238779174147,1
1477,block-0492,Generalization_ConstructionPermutations_1015,ConstructionPermutations_015,Generalization,3,30015,baseline,2,Generalization_ConstructionPermutations_1015__s3__baseline,1.0,0.0,1.0,0.0,100.0,22.180194,0.0,0.0,0.0,0.0,0.0,0.0,5175,0.0,0.0,0.0,1
1478,block-0492,Generalization_ConstructionPermutations_1015,ConstructionPermutations_015,Generalization,3,30015,temporal,3,Generalization_ConstructionPermutations_1015__s3__temporal,1.0,0.0,1.0,0.0,100.0,7.678132,0.0,1.0,0.0,1.0,0.0,0.0,6014,0.06551380113069505,0.826737612238111,0.25473894246757567,1
1479,block-0493,Generalization_OppositeConstruction_1053,OppositeConstruction_053,Generalization,3,30053,current_frame,1,Generalization_OppositeConstruction_1053__s3__current_frame,0.0,0.0,0.0,0.0,100.0,82.291594,1.0,0.0,0.0,0.0,0.0,0.0,1109,0.008115419296663661,0.10820559062218214,0.10009017132551848,1
1480,block-0493,Generalization_OppositeConstruction_1053,OppositeConstruction_053,Generalization,3,30053,baseline,2,Generalization_OppositeConstruction_1053__s3__baseline,0.0,0.0,0.0,0.0,100.0,82.772954,1.0,0.0,0.0,0.0,0.0,0.0,1126,0.0,0.0,0.0,1
1481,block-0493,Generalization_OppositeConstruction_1053,OppositeConstruction_053,Generalization,3,30053,temporal,3,Generalization_OppositeConstruction_1053__s3__temporal,0.0,0.0,0.0,0.0,100.0,83.343046,1.0,0.0,0.0,0.0,0.0,0.0,1102,0.016333938294010888,0.041742286751361164,0.025408348457350273,1
1482,block-0494,Generalization_CustomObstacles_1027,CustomObstacles_027,Generalization,2,20027,baseline,1,Generalization_CustomObstacles_1027__s2__baseline,1.0,0.0,0.0,1.0,100.0,6.839224,0.0,0.0,0.0,0.0,0.0,0.0,991,0.0,0.0,0.0,1
1483,block-0494,Generalization_CustomObstacles_1027,CustomObstacles_027,Generalization,2,20027,temporal,2,Generalization_CustomObstacles_1027__s2__temporal,1.0,0.0,0.0,1.0,100.0,37.704294,0.0,0.0,0.0,0.0,0.0,0.0,984,0.11077235772357724,0.22764227642276422,0.11686991869918699,1
1484,block-0494,Generalization_CustomObstacles_1027,CustomObstacles_027,Generalization,2,20027,current_frame,3,Generalization_CustomObstacles_1027__s2__current_frame,1.0,0.0,0.0,1.0,100.0,38.352722,0.0,0.0,0.0,0.0,0.0,0.0,988,0.20040485829959515,0.3522267206477733,0.15182186234817813,1
1485,block-0495,Generalization_Wall_1099,Wall_099,Generalization,1,10099,current_frame,1,Generalization_Wall_1099__s1__current_frame,1.0,0.0,0.0,1.0,100.0,50.98844,0.0,0.0,0.0,0.0,0.0,0.0,1889,0.06193753308628904,0.6686077289571202,0.6066701958708312,1
1486,block-0495,Generalization_Wall_1099,Wall_099,Generalization,1,10099,baseline,2,Generalization_Wall_1099__s1__baseline,1.0,0.0,0.0,1.0,100.0,50.873069,0.0,0.0,0.0,0.0,0.0,0.0,1893,0.0,0.0,0.0,1
1487,block-0495,Generalization_Wall_1099,Wall_099,Generalization,1,10099,temporal,3,Generalization_Wall_1099__s1__temporal,1.0,0.0,0.0,1.0,100.0,56.668537,0.0,0.0,0.0,0.0,0.0,0.0,1866,0.07609860664523044,0.6806002143622722,0.6045016077170418,1
1488,block-0496,Generalization_PedestrianOtherBlocker_1072,PedestrianOtherBlocker_072,Generalization,1,10072,baseline,1,Generalization_PedestrianOtherBlocker_1072__s1__baseline,1.0,1.0,0.0,0.0,100.0,45.6635,0.0,0.0,0.0,0.0,0.0,0.0,776,0.0,0.0,0.0,1
1489,block-0496,Generalization_PedestrianOtherBlocker_1072,PedestrianOtherBlocker_072,Generalization,1,10072,current_frame,2,Generalization_PedestrianOtherBlocker_1072__s1__current_frame,0.0,0.0,0.0,0.0,100.0,91.333,1.0,0.0,0.0,0.0,0.0,0.0,840,0.14404761904761904,0.22976190476190475,0.08571428571428572,1
1490,block-0496,Generalization_PedestrianOtherBlocker_1072,PedestrianOtherBlocker_072,Generalization,1,10072,temporal,3,Generalization_PedestrianOtherBlocker_1072__s1__temporal,1.0,1.0,0.0,0.0,100.0,45.482,0.0,0.0,0.0,0.0,0.0,0.0,766,0.06657963446475196,0.12663185378590078,0.05352480417754569,1
1491,block-0497,Generalization_PassableObstacles_1060,PassableObstacles_060,Generalization,2,20060,baseline,1,Generalization_PassableObstacles_1060__s2__baseline,0.0,0.0,0.0,0.0,100.0,76.774971,1.0,0.0,0.0,0.0,0.0,0.0,662,0.0,0.0,0.0,1
1492,block-0497,Generalization_PassableObstacles_1060,PassableObstacles_060,Generalization,2,20060,temporal,2,Generalization_PassableObstacles_1060__s2__temporal,0.0,0.0,0.0,0.0,100.0,83.540554,1.0,0.0,0.0,0.0,0.0,0.0,679,0.041237113402061855,0.1134020618556701,0.07216494845360824,1
1493,block-0497,Generalization_PassableObstacles_1060,PassableObstacles_060,Generalization,2,20060,current_frame,3,Generalization_PassableObstacles_1060__s2__current_frame,0.0,0.0,0.0,0.0,100.0,89.347,1.0,0.0,0.0,0.0,0.0,0.0,666,0.11261261261261261,0.22522522522522523,0.11261261261261261,1
1494,block-0498,Base_PassableObstacles_0063,PassableObstacles_063,Base,1,10063,temporal,1,Base_PassableObstacles_0063__s1__temporal,0.0,0.0,0.0,0.0,100.0,69.084473,1.0,0.0,0.0,0.0,0.0,0.0,1235,0.01862348178137652,0.029959514170040485,0.011336032388663968,1
1495,block-0498,Base_PassableObstacles_0063,PassableObstacles_063,Base,1,10063,baseline,2,Base_PassableObstacles_0063__s1__baseline,0.0,0.0,0.0,0.0,100.0,70.085654,1.0,0.0,0.0,0.0,0.0,0.0,1190,0.0,0.0,0.0,1
1496,block-0498,Base_PassableObstacles_0063,PassableObstacles_063,Base,1,10063,current_frame,3,Base_PassableObstacles_0063__s1__current_frame,0.0,0.0,0.0,0.0,100.0,68.847842,1.0,0.0,0.0,0.0,0.0,0.0,1222,0.012274959083469721,0.07774140752864157,0.06546644844517185,1
1497,block-0499,Generalization_FullyBlocked_1030,FullyBlocked_030,Generalization,3,30030,temporal,1,Generalization_FullyBlocked_1030__s3__temporal,1.0,0.0,0.0,1.0,11.81,3.243321,0.0,0.0,0.0,0.0,1.0,0.0,4707,0.010834926704907584,0.9983004036541322,0.9874654769492246,1
1498,block-0499,Generalization_FullyBlocked_1030,FullyBlocked_030,Generalization,3,30030,current_frame,2,Generalization_FullyBlocked_1030__s3__current_frame,1.0,0.0,0.0,1.0,11.81,2.108159,0.0,0.0,0.0,0.0,1.0,0.0,4721,0.00042363905952128787,1.0,0.9995763609404787,1
1499,block-0499,Generalization_FullyBlocked_1030,FullyBlocked_030,Generalization,3,30030,baseline,3,Generalization_FullyBlocked_1030__s3__baseline,1.0,0.0,0.0,1.0,11.39,2.033186,0.0,0.0,0.0,0.0,1.0,0.0,5686,0.0,0.0,0.0,1
1500,block-0500,Base_OppositeConstruction_0053,OppositeConstruction_053,Base,1,10053,current_frame,1,Base_OppositeConstruction_0053__s1__current_frame,0.0,0.0,0.0,0.0,100.0,72.033908,1.0,0.0,0.0,0.0,0.0,0.0,1070,0.007476635514018692,0.08971962616822429,0.08224299065420561,1
1501,block-0500,Base_OppositeConstruction_0053,OppositeConstruction_053,Base,1,10053,baseline,2,Base_OppositeConstruction_0053__s1__baseline,0.0,0.0,0.0,0.0,100.0,74.637154,1.0,0.0,0.0,0.0,0.0,0.0,1089,0.0,0.0,0.0,1
1502,block-0500,Base_OppositeConstruction_0053,OppositeConstruction_053,Base,1,10053,temporal,3,Base_OppositeConstruction_0053__s1__temporal,0.0,0.0,0.0,0.0,100.0,74.699337,1.0,0.0,0.0,0.0,0.0,0.0,1050,0.009523809523809525,0.02857142857142857,0.01904761904761905,1
1503,block-0501,Base_RightConstruction_0091,RightConstruction_091,Base,3,30091,temporal,1,Base_RightConstruction_0091__s3__temporal,0.0,0.0,0.0,0.0,100.0,91.311814,1.0,0.0,0.0,0.0,0.0,0.0,708,0.0748587570621469,0.08757062146892655,0.012711864406779662,1
1504,block-0501,Base_RightConstruction_0091,RightConstruction_091,Base,3,30091,baseline,2,Base_RightConstruction_0091__s3__baseline,0.0,0.0,0.0,0.0,100.0,91.373793,1.0,0.0,0.0,0.0,0.0,0.0,825,0.0,0.0,0.0,1
1505,block-0501,Base_RightConstruction_0091,RightConstruction_091,Base,3,30091,current_frame,3,Base_RightConstruction_0091__s3__current_frame,0.0,0.0,0.0,0.0,100.0,91.675334,1.0,0.0,0.0,0.0,0.0,0.0,733,0.15143246930422918,0.24147339699863574,0.09004092769440655,1
1506,block-0502,Base_OppositeConstruction_0051,OppositeConstruction_051,Base,1,10051,current_frame,1,Base_OppositeConstruction_0051__s1__current_frame,0.0,0.0,0.0,0.0,100.0,78.08765,1.0,0.0,0.0,0.0,0.0,0.0,1196,0.03511705685618729,0.08612040133779264,0.05100334448160535,1
1507,block-0502,Base_OppositeConstruction_0051,OppositeConstruction_051,Base,1,10051,baseline,2,Base_OppositeConstruction_0051__s1__baseline,0.0,0.0,0.0,0.0,100.0,76.307157,1.0,0.0,0.0,0.0,0.0,0.0,1267,0.0,0.0,0.0,1
1508,block-0502,Base_OppositeConstruction_0051,OppositeConstruction_051,Base,1,10051,temporal,3,Base_OppositeConstruction_0051__s1__temporal,0.0,0.0,0.0,0.0,100.0,75.722414,1.0,0.0,0.0,0.0,0.0,0.0,1240,0.014516129032258065,0.02338709677419355,0.008870967741935484,1
1509,block-0503,Generalization_CustomObstacles_1026,CustomObstacles_026,Generalization,3,30026,current_frame,1,Generalization_CustomObstacles_1026__s3__current_frame,0.0,0.0,0.0,0.0,100.0,41.554708,1.0,0.0,0.0,0.0,0.0,0.0,1797,0.08291597106288258,0.11018363939899833,0.027267668336115748,1
1510,block-0503,Generalization_CustomObstacles_1026,CustomObstacles_026,Generalization,3,30026,baseline,2,Generalization_CustomObstacles_1026__s3__baseline,1.0,0.0,0.0,1.0,100.0,26.323131,0.0,0.0,0.0,0.0,0.0,0.0,1817,0.0,0.0,0.0,1
1511,block-0503,Generalization_CustomObstacles_1026,CustomObstacles_026,Generalization,3,30026,temporal,3,Generalization_CustomObstacles_1026__s3__temporal,1.0,0.0,0.0,1.0,100.0,28.127527,0.0,0.0,0.0,0.0,0.0,0.0,1675,0.03582089552238806,0.08298507462686568,0.047164179104477615,1
1512,block-0504,Base_CustomObstacles_0028,CustomObstacles_028,Base,1,10028,current_frame,1,Base_CustomObstacles_0028__s1__current_frame,1.0,0.0,1.0,0.0,100.0,53.095231,0.0,0.0,0.0,0.0,0.0,0.0,1536,0.036458333333333336,0.08333333333333333,0.045572916666666664,1
1513,block-0504,Base_CustomObstacles_0028,CustomObstacles_028,Base,1,10028,temporal,2,Base_CustomObstacles_0028__s1__temporal,1.0,0.0,1.0,0.0,100.0,30.322195,0.0,1.0,0.0,1.0,0.0,0.0,5950,0.012436974789915966,0.7712605042016807,0.7557983193277311,1
1514,block-0504,Base_CustomObstacles_0028,CustomObstacles_028,Base,1,10028,baseline,3,Base_CustomObstacles_0028__s1__baseline,1.0,0.0,1.0,0.0,100.0,29.449431,0.0,1.0,0.0,1.0,0.0,0.0,5996,0.0,0.0,0.0,1
1515,block-0505,Generalization_Animals_1080,Animals_080,Generalization,1,10080,current_frame,1,Generalization_Animals_1080__s1__current_frame,1.0,1.0,0.0,0.0,100.0,20.43354,0.0,0.0,0.0,0.0,0.0,0.0,1114,0.3527827648114901,0.43087971274685816,0.07809694793536805,1
1516,block-0505,Generalization_Animals_1080,Animals_080,Generalization,1,10080,baseline,2,Generalization_Animals_1080__s1__baseline,1.0,1.0,0.0,0.0,100.0,21.590199,0.0,0.0,0.0,0.0,0.0,0.0,1075,0.0,0.0,0.0,1
1517,block-0505,Generalization_Animals_1080,Animals_080,Generalization,1,10080,temporal,3,Generalization_Animals_1080__s1__temporal,1.0,1.0,0.0,0.0,100.0,20.867719,0.0,0.0,0.0,0.0,0.0,0.0,1089,0.1854912764003673,0.23232323232323232,0.046831955922865015,1
1518,block-0506,Base_Animals_0081,Animals_081,Base,1,10081,baseline,1,Base_Animals_0081__s1__baseline,1.0,0.0,0.0,1.0,69.02,6.537441,0.0,0.0,0.0,0.0,1.0,0.0,4056,0.0,0.0,0.0,1
1519,block-0506,Base_Animals_0081,Animals_081,Base,1,10081,temporal,2,Base_Animals_0081__s1__temporal,1.0,0.0,0.0,1.0,68.25,4.587884,0.0,0.0,0.0,0.0,1.0,0.0,4052,0.014313919052319843,0.917324777887463,0.9030108588351431,1
1520,block-0506,Base_Animals_0081,Animals_081,Base,1,10081,current_frame,3,Base_Animals_0081__s1__current_frame,1.0,0.0,0.0,1.0,68.25,3.718821,0.0,0.0,0.0,0.0,1.0,0.0,4052,0.024925962487660415,0.9299111549851925,0.9047384007897334,1
1521,block-0507,Generalization_OppositeConstruction_1050,OppositeConstruction_050,Generalization,2,20050,current_frame,1,Generalization_OppositeConstruction_1050__s2__current_frame,0.0,0.0,0.0,0.0,100.0,92.905,1.0,0.0,0.0,0.0,0.0,0.0,1053,0.16524216524216523,0.21082621082621084,0.045584045584045586,1
1522,block-0507,Generalization_OppositeConstruction_1050,OppositeConstruction_050,Generalization,2,20050,temporal,2,Generalization_OppositeConstruction_1050__s2__temporal,0.0,0.0,0.0,0.0,100.0,92.951866,1.0,0.0,0.0,0.0,0.0,0.0,908,0.11343612334801761,0.12444933920704845,0.011013215859030838,1
1523,block-0507,Generalization_OppositeConstruction_1050,OppositeConstruction_050,Generalization,2,20050,baseline,3,Generalization_OppositeConstruction_1050__s2__baseline,0.0,0.0,0.0,0.0,100.0,93.332078,1.0,0.0,0.0,0.0,0.0,0.0,896,0.0,0.0,0.0,1
1524,block-0508,Generalization_CustomObstacles_1028,CustomObstacles_028,Generalization,2,20028,temporal,1,Generalization_CustomObstacles_1028__s2__temporal,1.0,0.0,0.0,1.0,100.0,44.181849,0.0,0.0,0.0,0.0,0.0,0.0,1418,0.04442877291960508,0.1325811001410437,0.08815232722143865,1
1525,block-0508,Generalization_CustomObstacles_1028,CustomObstacles_028,Generalization,2,20028,baseline,2,Generalization_CustomObstacles_1028__s2__baseline,1.0,0.0,0.0,1.0,100.0,43.506054,0.0,0.0,0.0,0.0,0.0,0.0,1425,0.0,0.0,0.0,1
1526,block-0508,Generalization_CustomObstacles_1028,CustomObstacles_028,Generalization,2,20028,current_frame,3,Generalization_CustomObstacles_1028__s2__current_frame,1.0,0.0,0.0,1.0,100.0,2.110367,0.0,0.0,0.0,0.0,0.0,0.0,1435,0.05435540069686411,0.5825783972125436,0.5282229965156794,1
1527,block-0509,Base_BadParking_0001,BadParking_001,Base,3,30001,current_frame,1,Base_BadParking_0001__s3__current_frame,0.0,0.0,0.0,0.0,100.0,55.846405,1.0,0.0,0.0,0.0,0.0,0.0,1026,0.12280701754385964,0.24366471734892786,0.12085769980506822,1
1528,block-0509,Base_BadParking_0001,BadParking_001,Base,3,30001,temporal,2,Base_BadParking_0001__s3__temporal,0.0,0.0,0.0,0.0,100.0,52.80037,1.0,0.0,0.0,0.0,0.0,0.0,1025,0.2175609756097561,0.25365853658536586,0.03414634146341464,1
1529,block-0509,Base_BadParking_0001,BadParking_001,Base,3,30001,baseline,3,Base_BadParking_0001__s3__baseline,0.0,0.0,0.0,0.0,100.0,54.272476,1.0,0.0,0.0,0.0,0.0,0.0,1032,0.0,0.0,0.0,1
1530,block-0510,Base_OppositeConstruction_0054,OppositeConstruction_054,Base,1,10054,baseline,1,Base_OppositeConstruction_0054__s1__baseline,0.0,0.0,0.0,0.0,100.0,75.563012,1.0,0.0,0.0,0.0,0.0,0.0,828,0.0,0.0,0.0,1
1531,block-0510,Base_OppositeConstruction_0054,OppositeConstruction_054,Base,1,10054,temporal,2,Base_OppositeConstruction_0054__s1__temporal,0.0,0.0,0.0,0.0,100.0,76.134393,1.0,0.0,0.0,0.0,0.0,0.0,811,0.025893958076448828,0.0345252774352651,0.008631319358816275,1
1532,block-0510,Base_OppositeConstruction_0054,OppositeConstruction_054,Base,1,10054,current_frame,3,Base_OppositeConstruction_0054__s1__current_frame,0.0,0.0,0.0,0.0,100.0,77.32822,1.0,0.0,0.0,0.0,0.0,0.0,818,0.07334963325183375,0.1332518337408313,0.05990220048899755,1
1533,block-0511,Base_BadParking_0004,BadParking_004,Base,1,10004,temporal,1,Base_BadParking_0004__s1__temporal,1.0,0.0,1.0,0.0,100.0,16.235051,0.0,1.0,0.0,1.0,0.0,0.0,6311,0.3766439549992077,0.6846775471399145,0.30232926636032326,1
1534,block-0511,Base_BadParking_0004,BadParking_004,Base,1,10004,baseline,2,Base_BadParking_0004__s1__baseline,1.0,0.0,1.0,0.0,100.0,17.910682,0.0,1.0,0.0,1.0,0.0,0.0,6322,0.0,0.0,0.0,1
1535,block-0511,Base_BadParking_0004,BadParking_004,Base,1,10004,current_frame,3,Base_BadParking_0004__s1__current_frame,1.0,0.0,1.0,0.0,100.0,23.585585,0.0,0.0,0.0,0.0,0.0,0.0,2847,0.2054794520547945,0.32279592553565156,0.11731647348085704,1
1536,block-0512,Base_RightConstruction_0090,RightConstruction_090,Base,3,30090,current_frame,1,Base_RightConstruction_0090__s3__current_frame,1.0,0.0,0.0,1.0,7.71,1.761672,0.0,0.0,0.0,0.0,1.0,0.0,3739,0.20887937951323884,0.2102166354640278,0.001337255950788981,1
1537,block-0512,Base_RightConstruction_0090,RightConstruction_090,Base,3,30090,temporal,2,Base_RightConstruction_0090__s3__temporal,1.0,0.0,0.0,1.0,13.04,1.9896,0.0,0.0,0.0,0.0,1.0,0.0,3837,0.022413343758144383,0.026583268178264268,0.004169924420119885,1
1538,block-0512,Base_RightConstruction_0090,RightConstruction_090,Base,3,30090,baseline,3,Base_RightConstruction_0090__s3__baseline,1.0,0.0,0.0,1.0,16.37,4.793079,0.0,0.0,0.0,0.0,1.0,0.0,4387,0.0,0.0,0.0,1
1539,block-0513,Generalization_PedestrianCrowd_1066,PedestrianCrowd_066,Generalization,2,20066,baseline,1,Generalization_PedestrianCrowd_1066__s2__baseline,1.0,0.0,1.0,0.0,16.42,4.82748,0.0,1.0,1.0,1.0,0.0,0.0,6392,0.0,0.0,0.0,1
1540,block-0513,Generalization_PedestrianCrowd_1066,PedestrianCrowd_066,Generalization,2,20066,temporal,2,Generalization_PedestrianCrowd_1066__s2__temporal,1.0,0.0,1.0,0.0,16.42,4.82748,0.0,1.0,1.0,1.0,0.0,0.0,6392,0.062265331664580724,0.994837296620776,0.928035043804756,1
1541,block-0513,Generalization_PedestrianCrowd_1066,PedestrianCrowd_066,Generalization,2,20066,current_frame,3,Generalization_PedestrianCrowd_1066__s2__current_frame,1.0,0.0,1.0,0.0,16.42,4.82748,0.0,1.0,1.0,1.0,0.0,0.0,6392,0.1005944931163955,0.9671464330413017,0.860450563204005,1
1542,block-0514,Generalization_PedestrianCrowd_1065,PedestrianCrowd_065,Generalization,2,20065,current_frame,1,Generalization_PedestrianCrowd_1065__s2__current_frame,1.0,0.0,1.0,0.0,100.0,46.233086,0.0,0.0,0.0,0.0,0.0,0.0,813,0.23493234932349324,0.3726937269372694,0.13776137761377613,1
1543,block-0514,Generalization_PedestrianCrowd_1065,PedestrianCrowd_065,Generalization,2,20065,temporal,2,Generalization_PedestrianCrowd_1065__s2__temporal,1.0,0.0,1.0,0.0,100.0,49.30435,0.0,0.0,0.0,0.0,0.0,0.0,808,0.2524752475247525,0.28094059405940597,0.028465346534653466,1
1544,block-0514,Generalization_PedestrianCrowd_1065,PedestrianCrowd_065,Generalization,2,20065,baseline,3,Generalization_PedestrianCrowd_1065__s2__baseline,1.0,0.0,1.0,0.0,100.0,39.912903,0.0,0.0,0.0,0.0,0.0,0.0,1577,0.0,0.0,0.0,1
1545,block-0515,Base_PassableObstacles_0061,PassableObstacles_061,Base,3,30061,temporal,1,Base_PassableObstacles_0061__s3__temporal,0.0,0.0,0.0,0.0,100.0,90.196,1.0,0.0,0.0,0.0,0.0,0.0,578,0.11072664359861592,0.12110726643598616,0.010380622837370242,1
1546,block-0515,Base_PassableObstacles_0061,PassableObstacles_061,Base,3,30061,baseline,2,Base_PassableObstacles_0061__s3__baseline,0.0,0.0,0.0,0.0,100.0,89.797,1.0,0.0,0.0,0.0,0.0,0.0,575,0.0,0.0,0.0,1
1547,block-0515,Base_PassableObstacles_0061,PassableObstacles_061,Base,3,30061,current_frame,3,Base_PassableObstacles_0061__s3__current_frame,0.0,0.0,0.0,0.0,100.0,89.784028,1.0,0.0,0.0,0.0,0.0,0.0,567,0.26455026455026454,0.36507936507936506,0.10052910052910052,1
1548,block-0516,Generalization_PedestriansOnRoad_1088,PedestriansOnRoad_088,Generalization,3,30088,temporal,1,Generalization_PedestriansOnRoad_1088__s3__temporal,0.0,0.0,0.0,0.0,100.0,85.222757,1.0,0.0,0.0,0.0,0.0,0.0,1027,0.11489776046738072,0.21324245374878287,0.09834469328140215,1
1549,block-0516,Generalization_PedestriansOnRoad_1088,PedestriansOnRoad_088,Generalization,3,30088,current_frame,2,Generalization_PedestriansOnRoad_1088__s3__current_frame,0.0,0.0,0.0,0.0,100.0,85.891684,1.0,0.0,0.0,0.0,0.0,0.0,1025,0.335609756097561,0.49365853658536585,0.15804878048780488,1
1550,block-0516,Generalization_PedestriansOnRoad_1088,PedestriansOnRoad_088,Generalization,3,30088,baseline,3,Generalization_PedestriansOnRoad_1088__s3__baseline,0.0,0.0,0.0,0.0,100.0,84.893341,1.0,0.0,0.0,0.0,0.0,0.0,1021,0.0,0.0,0.0,1
1551,block-0517,Base_CustomObstacles_0024,CustomObstacles_024,Base,2,20024,current_frame,1,Base_CustomObstacles_0024__s2__current_frame,1.0,0.0,1.0,0.0,100.0,23.254115,0.0,0.0,0.0,0.0,0.0,0.0,2485,0.05311871227364185,0.10020120724346077,0.047082494969818915,1
1552,block-0517,Base_CustomObstacles_0024,CustomObstacles_024,Base,2,20024,baseline,2,Base_CustomObstacles_0024__s2__baseline,1.0,0.0,1.0,0.0,100.0,23.972256,0.0,0.0,0.0,0.0,0.0,0.0,2560,0.0,0.0,0.0,1
1553,block-0517,Base_CustomObstacles_0024,CustomObstacles_024,Base,2,20024,temporal,3,Base_CustomObstacles_0024__s2__temporal,1.0,0.0,0.0,1.0,58.52,12.034815,0.0,1.0,0.0,1.0,0.0,1.0,6056,0.14316380449141347,0.7973910171730515,0.6542272126816381,1
1554,block-0518,Generalization_PedestrianCrowd_1068,PedestrianCrowd_068,Generalization,3,30068,temporal,1,Generalization_PedestrianCrowd_1068__s3__temporal,0.0,0.0,0.0,0.0,100.0,86.482852,1.0,0.0,0.0,0.0,0.0,0.0,563,0.15985790408525755,0.19182948490230906,0.03197158081705151,1
1555,block-0518,Generalization_PedestrianCrowd_1068,PedestrianCrowd_068,Generalization,3,30068,baseline,2,Generalization_PedestrianCrowd_1068__s3__baseline,0.0,0.0,0.0,0.0,100.0,86.955427,1.0,0.0,0.0,0.0,0.0,0.0,537,0.0,0.0,0.0,1
1556,block-0518,Generalization_PedestrianCrowd_1068,PedestrianCrowd_068,Generalization,3,30068,current_frame,3,Generalization_PedestrianCrowd_1068__s3__current_frame,0.0,0.0,0.0,0.0,100.0,86.408737,1.0,0.0,0.0,0.0,0.0,0.0,539,0.14842300556586271,0.24860853432282004,0.10018552875695733,1
1557,block-0519,Base_HardBrake_0038,HardBrake_038,Base,2,20038,current_frame,1,Base_HardBrake_0038__s2__current_frame,0.0,0.0,0.0,0.0,100.0,66.509842,1.0,0.0,0.0,0.0,0.0,0.0,1694,0.20070838252656434,0.3630460448642267,0.16233766233766234,1
1558,block-0519,Base_HardBrake_0038,HardBrake_038,Base,2,20038,temporal,2,Base_HardBrake_0038__s2__temporal,0.0,0.0,0.0,0.0,100.0,67.00536,1.0,0.0,0.0,0.0,0.0,0.0,1682,0.12128418549346016,0.16646848989298454,0.04518430439952437,1
1559,block-0519,Base_HardBrake_0038,HardBrake_038,Base,2,20038,baseline,3,Base_HardBrake_0038__s2__baseline,0.0,0.0,0.0,0.0,100.0,65.35272,1.0,0.0,0.0,0.0,0.0,0.0,1734,0.0,0.0,0.0,1
1560,block-0520,Generalization_Animals_1077,Animals_077,Generalization,2,20077,baseline,1,Generalization_Animals_1077__s2__baseline,1.0,1.0,0.0,0.0,100.0,32.802963,0.0,0.0,0.0,0.0,0.0,0.0,965,0.0,0.0,0.0,1
1561,block-0520,Generalization_Animals_1077,Animals_077,Generalization,2,20077,temporal,2,Generalization_Animals_1077__s2__temporal,1.0,1.0,0.0,0.0,100.0,32.292765,0.0,0.0,0.0,0.0,0.0,0.0,994,0.05533199195171026,0.09959758551307847,0.04426559356136821,1
1562,block-0520,Generalization_Animals_1077,Animals_077,Generalization,2,20077,current_frame,3,Generalization_Animals_1077__s2__current_frame,0.0,0.0,0.0,0.0,100.0,65.017624,1.0,0.0,0.0,0.0,0.0,0.0,862,0.12529002320185614,0.20533642691415313,0.08004640371229699,1
1563,block-0521,Base_RightConstruction_0092,RightConstruction_092,Base,3,30092,baseline,1,Base_RightConstruction_0092__s3__baseline,0.0,0.0,0.0,0.0,100.0,47.366204,1.0,0.0,0.0,0.0,0.0,0.0,854,0.0,0.0,0.0,1
1564,block-0521,Base_RightConstruction_0092,RightConstruction_092,Base,3,30092,temporal,2,Base_RightConstruction_0092__s3__temporal,0.0,0.0,0.0,0.0,100.0,44.855454,1.0,0.0,0.0,0.0,0.0,0.0,876,0.05821917808219178,0.07191780821917808,0.0136986301369863,1
1565,block-0521,Base_RightConstruction_0092,RightConstruction_092,Base,3,30092,current_frame,3,Base_RightConstruction_0092__s3__current_frame,0.0,0.0,0.0,0.0,100.0,43.669993,1.0,0.0,0.0,0.0,0.0,0.0,917,0.03816793893129771,0.0970556161395856,0.05888767720828789,1
1566,block-0522,Base_PedestrianCrowd_0067,PedestrianCrowd_067,Base,2,20067,temporal,1,Base_PedestrianCrowd_0067__s2__temporal,1.0,0.0,1.0,0.0,100.0,30.109679,0.0,0.0,0.0,0.0,0.0,0.0,1306,0.1584992343032159,0.35987748851454826,0.12480857580398162,1
1567,block-0522,Base_PedestrianCrowd_0067,PedestrianCrowd_067,Base,2,20067,current_frame,2,Base_PedestrianCrowd_0067__s2__current_frame,1.0,0.0,1.0,0.0,100.0,29.130817,0.0,0.0,0.0,0.0,0.0,0.0,1098,0.07285974499089254,0.18670309653916212,0.1111111111111111,1
1568,block-0522,Base_PedestrianCrowd_0067,PedestrianCrowd_067,Base,2,20067,baseline,3,Base_PedestrianCrowd_0067__s2__baseline,1.0,0.0,1.0,0.0,100.0,26.577348,0.0,0.0,0.0,0.0,0.0,0.0,1066,0.0,0.0,0.0,1
1569,block-0523,Base_Animals_0076,Animals_076,Base,1,10076,temporal,1,Base_Animals_0076__s1__temporal,0.0,0.0,0.0,0.0,100.0,80.62011,1.0,0.0,0.0,0.0,0.0,0.0,969,0.2724458204334365,0.3126934984520124,0.04024767801857585,1
1570,block-0523,Base_Animals_0076,Animals_076,Base,1,10076,baseline,2,Base_Animals_0076__s1__baseline,0.0,0.0,0.0,0.0,100.0,86.34244,1.0,0.0,0.0,0.0,0.0,0.0,944,0.0,0.0,0.0,1
1571,block-0523,Base_Animals_0076,Animals_076,Base,1,10076,current_frame,3,Base_Animals_0076__s1__current_frame,0.0,0.0,0.0,0.0,100.0,82.748759,1.0,0.0,0.0,0.0,0.0,0.0,1002,0.40219560878243515,0.48502994011976047,0.08283433133732535,1
1572,block-0524,Base_BadParking_0005,BadParking_005,Base,2,20005,current_frame,1,Base_BadParking_0005__s2__current_frame,1.0,0.0,1.0,0.0,53.18,4.074959,0.0,1.0,1.0,1.0,0.0,0.0,7702,0.009867566865749156,0.9507920020773825,0.25980264866268504,1
1573,block-0524,Base_BadParking_0005,BadParking_005,Base,2,20005,temporal,2,Base_BadParking_0005__s2__temporal,1.0,0.0,1.0,0.0,54.98,4.761941,0.0,1.0,1.0,1.0,0.0,0.0,7760,0.01327319587628866,0.9561855670103093,0.43801546391752577,1
1574,block-0524,Base_BadParking_0005,BadParking_005,Base,2,20005,baseline,3,Base_BadParking_0005__s2__baseline,1.0,0.0,1.0,0.0,54.98,4.757564,0.0,1.0,1.0,1.0,0.0,0.0,7760,0.0,0.0,0.0,1
1575,block-0525,Base_RightOfWay_0058,RightOfWay_058,Base,3,30058,baseline,1,Base_RightOfWay_0058__s3__baseline,0.0,0.0,0.0,0.0,100.0,55.024269,1.0,0.0,0.0,0.0,0.0,0.0,1702,0.0,0.0,0.0,1
1576,block-0525,Base_RightOfWay_0058,RightOfWay_058,Base,3,30058,current_frame,2,Base_RightOfWay_0058__s3__current_frame,0.0,0.0,0.0,0.0,100.0,53.590809,1.0,0.0,0.0,0.0,0.0,0.0,1745,0.019484240687679084,0.06361031518624642,0.044126074498567334,1
1577,block-0525,Base_RightOfWay_0058,RightOfWay_058,Base,3,30058,temporal,3,Base_RightOfWay_0058__s3__temporal,0.0,0.0,0.0,0.0,100.0,53.810888,1.0,0.0,0.0,0.0,0.0,0.0,1716,0.024475524475524476,0.04428904428904429,0.019813519813519812,1
1578,block-0526,Generalization_ConstructionPermutations_1017,ConstructionPermutations_017,Generalization,1,10017,baseline,1,Generalization_ConstructionPermutations_1017__s1__baseline,0.0,0.0,0.0,0.0,100.0,47.278132,1.0,0.0,0.0,0.0,0.0,0.0,1779,0.0,0.0,0.0,1
1579,block-0526,Generalization_ConstructionPermutations_1017,ConstructionPermutations_017,Generalization,1,10017,temporal,2,Generalization_ConstructionPermutations_1017__s1__temporal,1.0,0.0,1.0,0.0,100.0,28.338109,0.0,0.0,0.0,0.0,0.0,0.0,1817,0.056686846450192625,0.08090258668134287,0.024215740231150248,1
1580,block-0526,Generalization_ConstructionPermutations_1017,ConstructionPermutations_017,Generalization,1,10017,current_frame,3,Generalization_ConstructionPermutations_1017__s1__current_frame,1.0,0.0,1.0,0.0,100.0,28.315858,0.0,0.0,0.0,0.0,0.0,0.0,1839,0.13322457857531267,0.1370309951060359,0.0038064165307232192,1
1581,block-0527,Generalization_PassableObstacles_1060,PassableObstacles_060,Generalization,3,30060,baseline,1,Generalization_PassableObstacles_1060__s3__baseline,0.0,0.0,0.0,0.0,100.0,89.023,1.0,0.0,0.0,0.0,0.0,0.0,671,0.0,0.0,0.0,1
1582,block-0527,Generalization_PassableObstacles_1060,PassableObstacles_060,Generalization,3,30060,temporal,2,Generalization_PassableObstacles_1060__s3__temporal,0.0,0.0,0.0,0.0,100.0,88.976194,1.0,0.0,0.0,0.0,0.0,0.0,675,0.1511111111111111,0.2311111111111111,0.07851851851851852,1
1583,block-0527,Generalization_PassableObstacles_1060,PassableObstacles_060,Generalization,3,30060,current_frame,3,Generalization_PassableObstacles_1060__s3__current_frame,0.0,0.0,0.0,0.0,100.0,85.104658,1.0,0.0,0.0,0.0,0.0,0.0,679,0.10603829160530191,0.20913107511045656,0.10309278350515463,1
1584,block-0528,Generalization_ObscuredStop_1048,ObscuredStop_048,Generalization,3,30048,temporal,1,Generalization_ObscuredStop_1048__s3__temporal,0.0,0.0,0.0,0.0,100.0,94.432,1.0,0.0,0.0,0.0,0.0,0.0,723,0.16459197786998617,0.2351313969571231,0.07053941908713693,1
1585,block-0528,Generalization_ObscuredStop_1048,ObscuredStop_048,Generalization,3,30048,current_frame,2,Generalization_ObscuredStop_1048__s3__current_frame,0.0,0.0,0.0,0.0,100.0,94.15,1.0,0.0,0.0,0.0,0.0,0.0,694,0.3011527377521614,0.46829971181556196,0.16714697406340057,1
1586,block-0528,Generalization_ObscuredStop_1048,ObscuredStop_048,Generalization,3,30048,baseline,3,Generalization_ObscuredStop_1048__s3__baseline,0.0,0.0,0.0,0.0,100.0,94.081,1.0,0.0,0.0,0.0,0.0,0.0,713,0.0,0.0,0.0,1
1587,block-0529,Base_CustomObstacles_0021,CustomObstacles_021,Base,2,20021,baseline,1,Base_CustomObstacles_0021__s2__baseline,1.0,0.0,1.0,0.0,100.0,3.886812,0.0,1.0,0.0,1.0,0.0,0.0,5180,0.0,0.0,0.0,1
1588,block-0529,Base_CustomObstacles_0021,CustomObstacles_021,Base,2,20021,temporal,2,Base_CustomObstacles_0021__s2__temporal,1.0,0.0,1.0,1.0,100.0,4.319272,0.0,0.0,0.0,0.0,0.0,0.0,1906,0.12381951731374606,0.5550891920251836,0.3473242392444911,1
1589,block-0529,Base_CustomObstacles_0021,CustomObstacles_021,Base,2,20021,current_frame,3,Base_CustomObstacles_0021__s2__current_frame,1.0,0.0,1.0,1.0,49.69,7.760081,0.0,1.0,1.0,1.0,0.0,0.0,7040,0.27954545454545454,0.5278409090909091,0.20582386363636362,1
1590,block-0530,Generalization_RightConstruction_1090,RightConstruction_090,Generalization,2,20090,baseline,1,Generalization_RightConstruction_1090__s2__baseline,1.0,0.0,0.0,1.0,34.37,3.244544,0.0,1.0,1.0,1.0,0.0,0.0,6741,0.0,0.0,0.0,1
1591,block-0530,Generalization_RightConstruction_1090,RightConstruction_090,Generalization,2,20090,current_frame,2,Generalization_RightConstruction_1090__s2__current_frame,1.0,0.0,0.0,1.0,34.37,3.160445,0.0,1.0,1.0,1.0,0.0,0.0,6741,0.14493398605548138,0.15472481827622014,0.009790832220738763,1
1592,block-0530,Generalization_RightConstruction_1090,RightConstruction_090,Generalization,2,20090,temporal,3,Generalization_RightConstruction_1090__s2__temporal,1.0,0.0,0.0,1.0,34.37,3.083879,0.0,1.0,1.0,1.0,0.0,0.0,6741,0.07239282005637146,0.07624981456757157,0.0038569945112001186,1
1593,block-0531,Generalization_Animals_1084,Animals_084,Generalization,2,20084,current_frame,1,Generalization_Animals_1084__s2__current_frame,1.0,0.0,0.0,1.0,35.6,12.448148,0.0,0.0,0.0,0.0,1.0,0.0,3889,0.7549498585754693,0.9488300334276164,0.1938801748521471,1
1594,block-0531,Generalization_Animals_1084,Animals_084,Generalization,2,20084,temporal,2,Generalization_Animals_1084__s2__temporal,1.0,0.0,0.0,1.0,35.6,11.946558,0.0,0.0,0.0,0.0,1.0,0.0,3893,0.8589776521962497,0.9062419727716414,0.047264320575391726,1
1595,block-0531,Generalization_Animals_1084,Animals_084,Generalization,2,20084,baseline,3,Generalization_Animals_1084__s2__baseline,1.0,0.0,0.0,1.0,35.6,12.02946,0.0,0.0,0.0,0.0,1.0,0.0,3885,0.0,0.0,0.0,1
1596,block-0532,Generalization_PassableObstacles_1063,PassableObstacles_063,Generalization,1,10063,temporal,1,Generalization_PassableObstacles_1063__s1__temporal,0.0,0.0,0.0,0.0,100.0,53.102376,1.0,0.0,0.0,0.0,0.0,0.0,1304,0.019938650306748466,0.0299079754601227,0.009969325153374233,1
1597,block-0532,Generalization_PassableObstacles_1063,PassableObstacles_063,Generalization,1,10063,current_frame,2,Generalization_PassableObstacles_1063__s1__current_frame,0.0,0.0,0.0,0.0,100.0,54.599328,1.0,0.0,0.0,0.0,0.0,0.0,1296,0.05401234567901234,0.11574074074074074,0.06172839506172839,1
1598,block-0532,Generalization_PassableObstacles_1063,PassableObstacles_063,Generalization,1,10063,baseline,3,Generalization_PassableObstacles_1063__s1__baseline,0.0,0.0,0.0,0.0,100.0,53.41176,1.0,0.0,0.0,0.0,0.0,0.0,1302,0.0,0.0,0.0,1
1599,block-0533,Generalization_Animals_1078,Animals_078,Generalization,3,30078,baseline,1,Generalization_Animals_1078__s3__baseline,1.0,1.0,0.0,0.0,100.0,46.0745,0.0,0.0,0.0,0.0,0.0,0.0,976,0.0,0.0,0.0,1
1600,block-0533,Generalization_Animals_1078,Animals_078,Generalization,3,30078,temporal,2,Generalization_Animals_1078__s3__temporal,1.0,1.0,0.0,0.0,100.0,45.867123,0.0,0.0,0.0,0.0,0.0,0.0,994,0.176056338028169,0.27364185110663986,0.09758551307847083,1
1601,block-0533,Generalization_Animals_1078,Animals_078,Generalization,3,30078,current_frame,3,Generalization_Animals_1078__s3__current_frame,0.0,0.0,0.0,0.0,100.0,92.167,1.0,0.0,0.0,0.0,0.0,0.0,998,0.24749498997995992,0.3366733466933868,0.08917835671342686,1
1602,block-0534,Base_BadParking_0008,BadParking_008,Base,2,20008,current_frame,1,Base_BadParking_0008__s2__current_frame,1.0,0.0,1.0,0.0,100.0,8.087577,0.0,1.0,0.0,1.0,0.0,0.0,5315,0.020319849482596426,0.9008466603951082,0.8728127939793039,1
1603,block-0534,Base_BadParking_0008,BadParking_008,Base,2,20008,temporal,2,Base_BadParking_0008__s2__temporal,0.0,0.0,0.0,0.0,100.0,94.875612,1.0,0.0,0.0,0.0,0.0,0.0,802,0.12718204488778054,0.2718204488778055,0.14463840399002495,1
1604,block-0534,Base_BadParking_0008,BadParking_008,Base,2,20008,baseline,3,Base_BadParking_0008__s2__baseline,0.0,0.0,0.0,0.0,100.0,94.833462,1.0,0.0,0.0,0.0,0.0,0.0,778,0.0,0.0,0.0,1
1605,block-0535,Base_Animals_0078,Animals_078,Base,1,10078,temporal,1,Base_Animals_0078__s1__temporal,0.0,0.0,0.0,0.0,100.0,92.161,1.0,0.0,0.0,0.0,0.0,0.0,1006,0.21868787276341947,0.25347912524850896,0.03479125248508946,1
1606,block-0535,Base_Animals_0078,Animals_078,Base,1,10078,current_frame,2,Base_Animals_0078__s1__current_frame,0.0,0.0,0.0,0.0,100.0,91.747,1.0,0.0,0.0,0.0,0.0,0.0,1000,0.176,0.235,0.059,1
1607,block-0535,Base_Animals_0078,Animals_078,Base,1,10078,baseline,3,Base_Animals_0078__s1__baseline,0.0,0.0,0.0,0.0,100.0,92.023665,1.0,0.0,0.0,0.0,0.0,0.0,1009,0.0,0.0,0.0,1
1608,block-0536,Generalization_CustomObstacles_1024,CustomObstacles_024,Generalization,2,20024,baseline,1,Generalization_CustomObstacles_1024__s2__baseline,0.0,0.0,0.0,0.0,100.0,40.584392,1.0,0.0,0.0,0.0,0.0,0.0,2498,0.0,0.0,0.0,1
1609,block-0536,Generalization_CustomObstacles_1024,CustomObstacles_024,Generalization,2,20024,current_frame,2,Generalization_CustomObstacles_1024__s2__current_frame,1.0,0.0,0.0,1.0,100.0,28.915005,0.0,0.0,0.0,0.0,0.0,0.0,2755,0.07368421052631578,0.22540834845735028,0.14228675136116153,1
1610,block-0536,Generalization_CustomObstacles_1024,CustomObstacles_024,Generalization,2,20024,temporal,3,Generalization_CustomObstacles_1024__s2__temporal,1.0,0.0,1.0,0.0,100.0,24.818259,0.0,0.0,0.0,0.0,0.0,0.0,2357,0.07848960543063216,0.10691557064064489,0.028425965210012727,1
1611,block-0537,Generalization_HardBrake_1038,HardBrake_038,Generalization,1,10038,current_frame,1,Generalization_HardBrake_1038__s1__current_frame,0.0,0.0,0.0,0.0,100.0,66.660005,1.0,0.0,0.0,0.0,0.0,0.0,1714,0.08343057176196032,0.2012835472578763,0.11785297549591599,1
1612,block-0537,Generalization_HardBrake_1038,HardBrake_038,Generalization,1,10038,baseline,2,Generalization_HardBrake_1038__s1__baseline,0.0,0.0,0.0,0.0,100.0,66.255282,1.0,0.0,0.0,0.0,0.0,0.0,1707,0.0,0.0,0.0,1
1613,block-0537,Generalization_HardBrake_1038,HardBrake_038,Generalization,1,10038,temporal,3,Generalization_HardBrake_1038__s1__temporal,0.0,0.0,0.0,0.0,100.0,68.172172,1.0,0.0,0.0,0.0,0.0,0.0,1678,0.08462455303933254,0.17044100119189512,0.08581644815256258,1
1614,block-0538,Base_PedestriansOnRoad_0085,PedestriansOnRoad_085,Base,2,20085,current_frame,1,Base_PedestriansOnRoad_0085__s2__current_frame,0.0,0.0,0.0,0.0,100.0,39.172398,1.0,0.0,0.0,0.0,0.0,0.0,1675,0.018507462686567163,0.047164179104477615,0.028656716417910448,1
1615,block-0538,Base_PedestriansOnRoad_0085,PedestriansOnRoad_085,Base,2,20085,baseline,2,Base_PedestriansOnRoad_0085__s2__baseline,0.0,0.0,0.0,0.0,100.0,40.649349,1.0,0.0,0.0,0.0,0.0,0.0,1595,0.0,0.0,0.0,1
1616,block-0538,Base_PedestriansOnRoad_0085,PedestriansOnRoad_085,Base,2,20085,temporal,3,Base_PedestriansOnRoad_0085__s2__temporal,0.0,0.0,0.0,0.0,100.0,40.305654,1.0,0.0,0.0,0.0,0.0,0.0,1582,0.01390644753476612,0.01390644753476612,0.0,1
1617,block-0539,Base_HardBrake_0037,HardBrake_037,Base,3,30037,baseline,1,Base_HardBrake_0037__s3__baseline,0.0,0.0,0.0,0.0,100.0,47.075369,1.0,0.0,0.0,0.0,0.0,0.0,2504,0.0,0.0,0.0,1
1618,block-0539,Base_HardBrake_0037,HardBrake_037,Base,3,30037,temporal,2,Base_HardBrake_0037__s3__temporal,0.0,0.0,0.0,0.0,100.0,46.809009,1.0,0.0,0.0,0.0,0.0,0.0,2528,0.05063291139240506,0.11669303797468354,0.06606012658227849,1
1619,block-0539,Base_HardBrake_0037,HardBrake_037,Base,3,30037,current_frame,3,Base_HardBrake_0037__s3__current_frame,0.0,0.0,0.0,0.0,100.0,48.105841,1.0,0.0,0.0,0.0,0.0,0.0,2463,0.04953308972797402,0.1465692245229395,0.09703613479496549,1
1620,block-0540,Generalization_HardBrake_1036,HardBrake_036,Generalization,3,30036,current_frame,1,Generalization_HardBrake_1036__s3__current_frame,1.0,0.0,1.0,0.0,100.0,26.287045,0.0,0.0,0.0,0.0,0.0,0.0,3633,0.10872557115331682,0.1423066336361134,0.03330580787228186,1
1621,block-0540,Generalization_HardBrake_1036,HardBrake_036,Generalization,3,30036,baseline,2,Generalization_HardBrake_1036__s3__baseline,1.0,0.0,1.0,0.0,100.0,23.209,0.0,0.0,0.0,0.0,0.0,0.0,3770,0.0,0.0,0.0,1
1622,block-0540,Generalization_HardBrake_1036,HardBrake_036,Generalization,3,30036,temporal,3,Generalization_HardBrake_1036__s3__temporal,0.0,0.0,0.0,0.0,100.0,39.921429,1.0,0.0,0.0,0.0,0.0,0.0,3503,0.14273479874393377,0.15586640022837567,0.013131601484441906,1
1623,block-0541,Base_RightConstruction_0091,RightConstruction_091,Base,1,10091,temporal,1,Base_RightConstruction_0091__s1__temporal,0.0,0.0,0.0,0.0,100.0,90.686907,1.0,0.0,0.0,0.0,0.0,0.0,685,0.08175182481751825,0.08467153284671533,0.00291970802919708,1
1624,block-0541,Base_RightConstruction_0091,RightConstruction_091,Base,1,10091,baseline,2,Base_RightConstruction_0091__s1__baseline,0.0,0.0,0.0,0.0,100.0,91.295166,1.0,0.0,0.0,0.0,0.0,0.0,696,0.0,0.0,0.0,1
1625,block-0541,Base_RightConstruction_0091,RightConstruction_091,Base,1,10091,current_frame,3,Base_RightConstruction_0091__s1__current_frame,0.0,0.0,0.0,0.0,100.0,90.847035,1.0,0.0,0.0,0.0,0.0,0.0,728,0.1510989010989011,0.1978021978021978,0.046703296703296704,1
1626,block-0542,Generalization_BadParking_1003,BadParking_003,Generalization,1,10003,baseline,1,Generalization_BadParking_1003__s1__baseline,0.0,0.0,0.0,0.0,100.0,44.923946,1.0,0.0,0.0,0.0,0.0,0.0,1861,0.0,0.0,0.0,1
1627,block-0542,Generalization_BadParking_1003,BadParking_003,Generalization,1,10003,temporal,2,Generalization_BadParking_1003__s1__temporal,0.0,0.0,0.0,0.0,100.0,44.590256,1.0,0.0,0.0,0.0,0.0,0.0,1752,0.05136986301369863,0.07077625570776255,0.019406392694063926,1
1628,block-0542,Generalization_BadParking_1003,BadParking_003,Generalization,1,10003,current_frame,3,Generalization_BadParking_1003__s1__current_frame,0.0,0.0,0.0,0.0,100.0,43.047861,1.0,0.0,0.0,0.0,0.0,0.0,2090,0.08468899521531101,0.09665071770334928,0.011961722488038277,1
1629,block-0543,Generalization_FullyBlocked_1032,FullyBlocked_032,Generalization,2,20032,baseline,1,Generalization_FullyBlocked_1032__s2__baseline,1.0,0.0,1.0,0.0,100.0,42.07727,0.0,0.0,0.0,0.0,0.0,0.0,2623,0.0,0.0,0.0,1
1630,block-0543,Generalization_FullyBlocked_1032,FullyBlocked_032,Generalization,2,20032,temporal,2,Generalization_FullyBlocked_1032__s2__temporal,1.0,0.0,1.0,0.0,100.0,42.151228,0.0,0.0,0.0,0.0,0.0,0.0,2632,0.1128419452887538,0.3366261398176292,0.22378419452887538,1
1631,block-0543,Generalization_FullyBlocked_1032,FullyBlocked_032,Generalization,2,20032,current_frame,3,Generalization_FullyBlocked_1032__s2__current_frame,1.0,0.0,1.0,0.0,100.0,41.692337,0.0,0.0,0.0,0.0,0.0,0.0,2631,0.06271379703534778,0.3321930824781452,0.2694792854427974,1
1632,block-0544,Generalization_ConstructionPedestrian_1014,ConstructionPedestrian_014,Generalization,2,20014,current_frame,1,Generalization_ConstructionPedestrian_1014__s2__current_frame,1.0,1.0,0.0,0.0,100.0,31.35746,0.0,0.0,0.0,0.0,0.0,0.0,1366,0.10980966325036604,0.11566617862371889,0.005856515373352855,1
1633,block-0544,Generalization_ConstructionPedestrian_1014,ConstructionPedestrian_014,Generalization,2,20014,baseline,2,Generalization_ConstructionPedestrian_1014__s2__baseline,1.0,1.0,0.0,0.0,100.0,31.903215,0.0,0.0,0.0,0.0,0.0,0.0,1312,0.0,0.0,0.0,1
1634,block-0544,Generalization_ConstructionPedestrian_1014,ConstructionPedestrian_014,Generalization,2,20014,temporal,3,Generalization_ConstructionPedestrian_1014__s2__temporal,1.0,1.0,0.0,0.0,100.0,31.703684,0.0,0.0,0.0,0.0,0.0,0.0,1315,0.08593155893536121,0.09201520912547528,0.006083650190114068,1
1635,block-0545,Base_FullyBlocked_0034,FullyBlocked_034,Base,2,20034,current_frame,1,Base_FullyBlocked_0034__s2__current_frame,0.0,0.0,0.0,0.0,100.0,72.83405,1.0,0.0,0.0,0.0,0.0,0.0,1096,0.046532846715328466,0.15145985401459855,0.10492700729927007,1
1636,block-0545,Base_FullyBlocked_0034,FullyBlocked_034,Base,2,20034,temporal,2,Base_FullyBlocked_0034__s2__temporal,0.0,0.0,0.0,0.0,100.0,74.45724,1.0,0.0,0.0,0.0,0.0,0.0,1072,0.03171641791044776,0.04664179104477612,0.014925373134328358,1
1637,block-0545,Base_FullyBlocked_0034,FullyBlocked_034,Base,2,20034,baseline,3,Base_FullyBlocked_0034__s2__baseline,0.0,0.0,0.0,0.0,100.0,71.151909,1.0,0.0,0.0,0.0,0.0,0.0,1155,0.0,0.0,0.0,1
1638,block-0546,Generalization_ConstructionPedestrian_1011,ConstructionPedestrian_011,Generalization,3,30011,temporal,1,Generalization_ConstructionPedestrian_1011__s3__temporal,1.0,0.0,1.0,1.0,100.0,6.034439,0.0,1.0,0.0,1.0,0.0,0.0,5855,0.04116140051238258,0.6922288642186165,0.04833475661827498,1
1639,block-0546,Generalization_ConstructionPedestrian_1011,ConstructionPedestrian_011,Generalization,3,30011,baseline,2,Generalization_ConstructionPedestrian_1011__s3__baseline,1.0,0.0,1.0,1.0,78.86,1.505037,0.0,1.0,1.0,0.0,0.0,0.0,8077,0.0,0.0,0.0,1
1640,block-0546,Generalization_ConstructionPedestrian_1011,ConstructionPedestrian_011,Generalization,3,30011,current_frame,3,Generalization_ConstructionPedestrian_1011__s3__current_frame,1.0,0.0,1.0,1.0,100.0,8.630019,0.0,0.0,0.0,0.0,0.0,0.0,4206,0.08178792201616739,0.5972420351878269,0.19591060389919163,1
1641,block-0547,Base_Animals_0083,Animals_083,Base,1,10083,temporal,1,Base_Animals_0083__s1__temporal,0.0,0.0,0.0,0.0,100.0,65.159696,1.0,0.0,0.0,0.0,0.0,0.0,1325,0.05660377358490566,0.06264150943396227,0.0060377358490566035,1
1642,block-0547,Base_Animals_0083,Animals_083,Base,1,10083,current_frame,2,Base_Animals_0083__s1__current_frame,0.0,0.0,0.0,0.0,100.0,62.699425,1.0,0.0,0.0,0.0,0.0,0.0,1431,0.04891684136967156,0.07826694619147449,0.029350104821802937,1
1643,block-0547,Base_Animals_0083,Animals_083,Base,1,10083,baseline,3,Base_Animals_0083__s1__baseline,0.0,0.0,0.0,0.0,100.0,68.477779,1.0,0.0,0.0,0.0,0.0,0.0,1375,0.0,0.0,0.0,1
1644,block-0548,Base_ObscuredStop_0048,ObscuredStop_048,Base,2,20048,baseline,1,Base_ObscuredStop_0048__s2__baseline,0.0,0.0,0.0,0.0,100.0,93.644147,1.0,0.0,0.0,0.0,0.0,0.0,702,0.0,0.0,0.0,1
1645,block-0548,Base_ObscuredStop_0048,ObscuredStop_048,Base,2,20048,current_frame,2,Base_ObscuredStop_0048__s2__current_frame,0.0,0.0,0.0,0.0,100.0,93.973,1.0,0.0,0.0,0.0,0.0,0.0,740,0.37972972972972974,0.4905405405405405,0.11081081081081082,1
1646,block-0548,Base_ObscuredStop_0048,ObscuredStop_048,Base,2,20048,temporal,3,Base_ObscuredStop_0048__s2__temporal,0.0,0.0,0.0,0.0,100.0,95.398,1.0,0.0,0.0,0.0,0.0,0.0,713,0.270687237026648,0.32538569424964936,0.0546984572230014,1
1647,block-0549,Generalization_RightConstruction_1091,RightConstruction_091,Generalization,2,20091,temporal,1,Generalization_RightConstruction_1091__s2__temporal,0.0,0.0,0.0,0.0,100.0,91.610315,1.0,0.0,0.0,0.0,0.0,0.0,792,0.09722222222222222,0.20454545454545456,0.10732323232323232,1
1648,block-0549,Generalization_RightConstruction_1091,RightConstruction_091,Generalization,2,20091,current_frame,2,Generalization_RightConstruction_1091__s2__current_frame,1.0,0.0,0.0,1.0,91.73,53.514776,0.0,0.0,0.0,0.0,1.0,0.0,6617,0.30149614628985943,0.8073144929726462,0.40970228200090675,1
1649,block-0549,Generalization_RightConstruction_1091,RightConstruction_091,Generalization,2,20091,baseline,3,Generalization_RightConstruction_1091__s2__baseline,0.0,0.0,0.0,0.0,100.0,91.27766,1.0,0.0,0.0,0.0,0.0,0.0,805,0.0,0.0,0.0,1
1650,block-0550,Generalization_PedestriansOnRoad_1086,PedestriansOnRoad_086,Generalization,3,30086,temporal,1,Generalization_PedestriansOnRoad_1086__s3__temporal,0.0,0.0,0.0,0.0,100.0,84.54843,1.0,0.0,0.0,0.0,0.0,0.0,1520,0.05855263157894737,0.08092105263157895,0.02236842105263158,1
1651,block-0550,Generalization_PedestriansOnRoad_1086,PedestriansOnRoad_086,Generalization,3,30086,baseline,2,Generalization_PedestriansOnRoad_1086__s3__baseline,0.0,0.0,0.0,0.0,100.0,81.588966,1.0,0.0,0.0,0.0,0.0,0.0,1588,0.0,0.0,0.0,1
1652,block-0550,Generalization_PedestriansOnRoad_1086,PedestriansOnRoad_086,Generalization,3,30086,current_frame,3,Generalization_PedestriansOnRoad_1086__s3__current_frame,0.0,0.0,0.0,0.0,100.0,82.347018,1.0,0.0,0.0,0.0,0.0,0.0,1554,0.0694980694980695,0.1138996138996139,0.0444015444015444,1
1653,block-0551,Base_HardBrake_0038,HardBrake_038,Base,1,10038,temporal,1,Base_HardBrake_0038__s1__temporal,0.0,0.0,0.0,0.0,100.0,68.158058,1.0,0.0,0.0,0.0,0.0,0.0,1679,0.10303752233472305,0.17927337701012508,0.07623585467540203,1
1654,block-0551,Base_HardBrake_0038,HardBrake_038,Base,1,10038,baseline,2,Base_HardBrake_0038__s1__baseline,0.0,0.0,0.0,0.0,100.0,66.136592,1.0,0.0,0.0,0.0,0.0,0.0,1705,0.0,0.0,0.0,1
1655,block-0551,Base_HardBrake_0038,HardBrake_038,Base,1,10038,current_frame,3,Base_HardBrake_0038__s1__current_frame,0.0,0.0,0.0,0.0,100.0,66.233833,1.0,0.0,0.0,0.0,0.0,0.0,1698,0.11366313309776208,0.2149587750294464,0.10129564193168433,1
1656,block-0552,Base_ImageOnObject_0042,ImageOnObject_042,Base,1,10042,current_frame,1,Base_ImageOnObject_0042__s1__current_frame,0.0,0.0,0.0,0.0,100.0,84.201017,1.0,0.0,0.0,0.0,0.0,0.0,776,0.07474226804123711,0.21262886597938144,0.13788659793814434,1
1657,block-0552,Base_ImageOnObject_0042,ImageOnObject_042,Base,1,10042,temporal,2,Base_ImageOnObject_0042__s1__temporal,0.0,0.0,0.0,0.0,100.0,77.373234,1.0,0.0,0.0,0.0,0.0,0.0,854,0.14637002341920374,0.18969555035128804,0.04332552693208431,1
1658,block-0552,Base_ImageOnObject_0042,ImageOnObject_042,Base,1,10042,baseline,3,Base_ImageOnObject_0042__s1__baseline,0.0,0.0,0.0,0.0,100.0,84.638663,1.0,0.0,0.0,0.0,0.0,0.0,768,0.0,0.0,0.0,1
1659,block-0553,Generalization_Wall_1096,Wall_096,Generalization,3,30096,baseline,1,Generalization_Wall_1096__s3__baseline,1.0,0.0,0.0,1.0,100.0,43.12975,0.0,0.0,0.0,0.0,0.0,0.0,2002,0.0,0.0,0.0,1
1660,block-0553,Generalization_Wall_1096,Wall_096,Generalization,3,30096,current_frame,2,Generalization_Wall_1096__s3__current_frame,1.0,0.0,0.0,1.0,100.0,42.351802,0.0,0.0,0.0,0.0,0.0,0.0,1998,0.018518518518518517,0.5295295295295295,0.511011011011011,1
1661,block-0553,Generalization_Wall_1096,Wall_096,Generalization,3,30096,temporal,3,Generalization_Wall_1096__s3__temporal,1.0,0.0,0.0,1.0,100.0,42.880121,0.0,0.0,0.0,0.0,0.0,0.0,1999,0.10305152576288144,0.6098049024512256,0.5067533766883442,1
1662,block-0554,Generalization_Animals_1076,Animals_076,Generalization,1,10076,baseline,1,Generalization_Animals_1076__s1__baseline,1.0,1.0,0.0,0.0,100.0,19.761971,0.0,0.0,0.0,0.0,0.0,0.0,959,0.0,0.0,0.0,1
1663,block-0554,Generalization_Animals_1076,Animals_076,Generalization,1,10076,temporal,2,Generalization_Animals_1076__s1__temporal,1.0,1.0,0.0,0.0,100.0,19.67461,0.0,0.0,0.0,0.0,0.0,0.0,1109,0.27141568981064024,0.4418394950405771,0.16952209197475204,1
1664,block-0554,Generalization_Animals_1076,Animals_076,Generalization,1,10076,current_frame,3,Generalization_Animals_1076__s1__current_frame,1.0,1.0,0.0,0.0,100.0,19.964214,0.0,0.0,0.0,0.0,0.0,0.0,1005,0.3402985074626866,0.4199004975124378,0.07661691542288557,1
