job_index,block_id,route,family,split,evaluation_seed,traffic_manager_seed,arm,order_position,job_id
0,block-0000,Base_BadParking_0009,BadParking_009,Base,3,30009,temporal,1,Base_BadParking_0009__s3__temporal
1,block-0000,Base_BadParking_0009,BadParking_009,Base,3,30009,baseline,2,Base_BadParking_0009__s3__baseline
2,block-0000,Base_BadParking_0009,BadParking_009,Base,3,30009,current_frame,3,Base_BadParking_0009__s3__current_frame
3,block-0001,Base_Animals_0077,Animals_077,Base,2,20077,current_frame,1,Base_Animals_0077__s2__current_frame
4,block-0001,Base_Animals_0077,Animals_077,Base,2,20077,baseline,2,Base_Animals_0077__s2__baseline
5,block-0001,Base_Animals_0077,Animals_077,Base,2,20077,temporal,3,Base_Animals_0077__s2__temporal
6,block-0002,Base_Animals_0079,Animals_079,Base,2,20079,current_frame,1,Base_Animals_0079__s2__current_frame
7,block-0002,Base_Animals_0079,Animals_079,Base,2,20079,baseline,2,Base_Animals_0079__s2__baseline
8,block-0002,Base_Animals_0079,Animals_079,Base,2,20079,temporal,3,Base_Animals_0079__s2__temporal
9,block-0003,Generalization_BadParking_1009,BadParking_009,Generalization,3,30009,temporal,1,Generalization_BadParking_1009__s3__temporal
10,block-0003,Generalization_BadParking_1009,BadParking_009,Generalization,3,30009,current_frame,2,Generalization_BadParking_1009__s3__current_frame
11,block-0003,Generalization_BadParking_1009,BadParking_009,Generalization,3,30009,baseline,3,Generalization_BadParking_1009__s3__baseline
12,block-0004,Generalization_BadParking_1006,BadParking_006,Generalization,1,10006,baseline,1,Generalization_BadParking_1006__s1__baseline
13,block-0004,Generalization_BadParking_1006,BadParking_006,Generalization,1,10006,current_frame,2,Generalization_BadParking_1006__s1__current_frame
14,block-0004,Generalization_BadParking_1006,BadParking_006,Generalization,1,10006,temporal,3,Generalization_BadParking_1006__s1__temporal
15,block-0005,Base_Wall_0097,Wall_097,Base,3,30097,current_frame,1,Base_Wall_0097__s3__current_frame
16,block-0005,Base_Wall_0097,Wall_097,Base,3,30097,temporal,2,Base_Wall_0097__s3__temporal
17,block-0005,Base_Wall_0097,Wall_097,Base,3,30097,baseline,3,Base_Wall_0097__s3__baseline
18,block-0006,Base_BadParking_0004,BadParking_004,Base,2,20004,temporal,1,Base_BadParking_0004__s2__temporal
19,block-0006,Base_BadParking_0004,BadParking_004,Base,2,20004,current_frame,2,Base_BadParking_0004__s2__current_frame
20,block-0006,Base_BadParking_0004,BadParking_004,Base,2,20004,baseline,3,Base_BadParking_0004__s2__baseline
21,block-0007,Generalization_ConstructionPedestrian_1014,ConstructionPedestrian_014,Generalization,3,30014,current_frame,1,Generalization_ConstructionPedestrian_1014__s3__current_frame
22,block-0007,Generalization_ConstructionPedestrian_1014,ConstructionPedestrian_014,Generalization,3,30014,baseline,2,Generalization_ConstructionPedestrian_1014__s3__baseline
23,block-0007,Generalization_ConstructionPedestrian_1014,ConstructionPedestrian_014,Generalization,3,30014,temporal,3,Generalization_ConstructionPedestrian_1014__s3__temporal
24,block-0008,Base_RightConstruction_0091,RightConstruction_091,Base,2,20091,baseline,1,Base_RightConstruction_0091__s2__baseline
25,block-0008,Base_RightConstruction_0091,RightConstruction_091,Base,2,20091,temporal,2,Base_RightConstruction_0091__s2__temporal
26,block-0008,Base_RightConstruction_0091,RightConstruction_091,Base,2,20091,current_frame,3,Base_RightConstruction_0091__s2__current_frame
27,block-0009,Generalization_PedestrianOtherBlocker_1070,PedestrianOtherBlocker_070,Generalization,3,30070,temporal,1,Generalization_PedestrianOtherBlocker_1070__s3__temporal
28,block-0009,Generalization_PedestrianOtherBlocker_1070,PedestrianOtherBlocker_070,Generalization,3,30070,current_frame,2,Generalization_PedestrianOtherBlocker_1070__s3__current_frame
29,block-0009,Generalization_PedestrianOtherBlocker_1070,PedestrianOtherBlocker_070,Generalization,3,30070,baseline,3,Generalization_PedestrianOtherBlocker_1070__s3__baseline
30,block-0010,Generalization_PassableObstacles_1062,PassableObstacles_062,Generalization,2,20062,baseline,1,Generalization_PassableObstacles_1062__s2__baseline
31,block-0010,Generalization_PassableObstacles_1062,PassableObstacles_062,Generalization,2,20062,current_frame,2,Generalization_PassableObstacles_1062__s2__current_frame
32,block-0010,Generalization_PassableObstacles_1062,PassableObstacles_062,Generalization,2,20062,temporal,3,Generalization_PassableObstacles_1062__s2__temporal
33,block-0011,Base_BadParking_0002,BadParking_002,Base,3,30002,temporal,1,Base_BadParking_0002__s3__temporal
34,block-0011,Base_BadParking_0002,BadParking_002,Base,3,30002,baseline,2,Base_BadParking_0002__s3__baseline
35,block-0011,Base_BadParking_0002,BadParking_002,Base,3,30002,current_frame,3,Base_BadParking_0002__s3__current_frame
36,block-0012,Generalization_HardBrake_1038,HardBrake_038,Generalization,2,20038,current_frame,1,Generalization_HardBrake_1038__s2__current_frame
37,block-0012,Generalization_HardBrake_1038,HardBrake_038,Generalization,2,20038,temporal,2,Generalization_HardBrake_1038__s2__temporal
38,block-0012,Generalization_HardBrake_1038,HardBrake_038,Generalization,2,20038,baseline,3,Generalization_HardBrake_1038__s2__baseline
39,block-0013,Generalization_HardBrake_1039,HardBrake_039,Generalization,3,30039,baseline,1,Generalization_HardBrake_1039__s3__baseline
40,block-0013,Generalization_HardBrake_1039,HardBrake_039,Generalization,3,30039,current_frame,2,Generalization_HardBrake_1039__s3__current_frame
41,block-0013,Generalization_HardBrake_1039,HardBrake_039,Generalization,3,30039,temporal,3,Generalization_HardBrake_1039__s3__temporal
42,block-0014,Base_ConstructionPedestrian_0011,ConstructionPedestrian_011,Base,2,20011,current_frame,1,Base_ConstructionPedestrian_0011__s2__current_frame
43,block-0014,Base_ConstructionPedestrian_0011,ConstructionPedestrian_011,Base,2,20011,temporal,2,Base_ConstructionPedestrian_0011__s2__temporal
44,block-0014,Base_ConstructionPedestrian_0011,ConstructionPedestrian_011,Base,2,20011,baseline,3,Base_ConstructionPedestrian_0011__s2__baseline
45,block-0015,Generalization_PedestrianCrowd_1069,PedestrianCrowd_069,Generalization,3,30069,current_frame,1,Generalization_PedestrianCrowd_1069__s3__current_frame
46,block-0015,Generalization_PedestrianCrowd_1069,PedestrianCrowd_069,Generalization,3,30069,baseline,2,Generalization_PedestrianCrowd_1069__s3__baseline
47,block-0015,Generalization_PedestrianCrowd_1069,PedestrianCrowd_069,Generalization,3,30069,temporal,3,Generalization_PedestrianCrowd_1069__s3__temporal
48,block-0016,Base_OppositeConstruction_0054,OppositeConstruction_054,Base,3,30054,baseline,1,Base_OppositeConstruction_0054__s3__baseline
49,block-0016,Base_OppositeConstruction_0054,OppositeConstruction_054,Base,3,30054,current_frame,2,Base_OppositeConstruction_0054__s3__current_frame
50,block-0016,Base_OppositeConstruction_0054,OppositeConstruction_054,Base,3,30054,temporal,3,Base_OppositeConstruction_0054__s3__temporal
51,block-0017,Base_PedestriansOnRoad_0088,PedestriansOnRoad_088,Base,3,30088,temporal,1,Base_PedestriansOnRoad_0088__s3__temporal
52,block-0017,Base_PedestriansOnRoad_0088,PedestriansOnRoad_088,Base,3,30088,baseline,2,Base_PedestriansOnRoad_0088__s3__baseline
53,block-0017,Base_PedestriansOnRoad_0088,PedestriansOnRoad_088,Base,3,30088,current_frame,3,Base_PedestriansOnRoad_0088__s3__current_frame
54,block-0018,Base_RightOfWay_0058,RightOfWay_058,Base,1,10058,current_frame,1,Base_RightOfWay_0058__s1__current_frame
55,block-0018,Base_RightOfWay_0058,RightOfWay_058,Base,1,10058,temporal,2,Base_RightOfWay_0058__s1__temporal
56,block-0018,Base_RightOfWay_0058,RightOfWay_058,Base,1,10058,baseline,3,Base_RightOfWay_0058__s1__baseline
57,block-0019,Generalization_CustomObstacles_1022,CustomObstacles_022,Generalization,1,10022,baseline,1,Generalization_CustomObstacles_1022__s1__baseline
58,block-0019,Generalization_CustomObstacles_1022,CustomObstacles_022,Generalization,1,10022,current_frame,2,Generalization_CustomObstacles_1022__s1__current_frame
59,block-0019,Generalization_CustomObstacles_1022,CustomObstacles_022,Generalization,1,10022,temporal,3,Generalization_CustomObstacles_1022__s1__temporal
60,block-0020,Generalization_PedestrianCrowd_1068,PedestrianCrowd_068,Generalization,1,10068,baseline,1,Generalization_PedestrianCrowd_1068__s1__baseline
61,block-0020,Generalization_PedestrianCrowd_1068,PedestrianCrowd_068,Generalization,1,10068,temporal,2,Generalization_PedestrianCrowd_1068__s1__temporal
62,block-0020,Generalization_PedestrianCrowd_1068,PedestrianCrowd_068,Generalization,1,10068,current_frame,3,Generalization_PedestrianCrowd_1068__s1__current_frame
63,block-0021,Generalization_PedestrianOtherBlocker_1073,PedestrianOtherBlocker_073,Generalization,2,20073,baseline,1,Generalization_PedestrianOtherBlocker_1073__s2__baseline
64,block-0021,Generalization_PedestrianOtherBlocker_1073,PedestrianOtherBlocker_073,Generalization,2,20073,current_frame,2,Generalization_PedestrianOtherBlocker_1073__s2__current_frame
65,block-0021,Generalization_PedestrianOtherBlocker_1073,PedestrianOtherBlocker_073,Generalization,2,20073,temporal,3,Generalization_PedestrianOtherBlocker_1073__s2__temporal
66,block-0022,Generalization_Wall_1095,Wall_095,Generalization,3,30095,baseline,1,Generalization_Wall_1095__s3__baseline
67,block-0022,Generalization_Wall_1095,Wall_095,Generalization,3,30095,temporal,2,Generalization_Wall_1095__s3__temporal
68,block-0022,Generalization_Wall_1095,Wall_095,Generalization,3,30095,current_frame,3,Generalization_Wall_1095__s3__current_frame
69,block-0023,Generalization_Animals_1079,Animals_079,Generalization,1,10079,baseline,1,Generalization_Animals_1079__s1__baseline
70,block-0023,Generalization_Animals_1079,Animals_079,Generalization,1,10079,temporal,2,Generalization_Animals_1079__s1__temporal
71,block-0023,Generalization_Animals_1079,Animals_079,Generalization,1,10079,current_frame,3,Generalization_Animals_1079__s1__current_frame
72,block-0024,Base_ObscuredStop_0046,ObscuredStop_046,Base,3,30046,current_frame,1,Base_ObscuredStop_0046__s3__current_frame
73,block-0024,Base_ObscuredStop_0046,ObscuredStop_046,Base,3,30046,temporal,2,Base_ObscuredStop_0046__s3__temporal
74,block-0024,Base_ObscuredStop_0046,ObscuredStop_046,Base,3,30046,baseline,3,Base_ObscuredStop_0046__s3__baseline
75,block-0025,Generalization_OppositeConstruction_1051,OppositeConstruction_051,Generalization,3,30051,current_frame,1,Generalization_OppositeConstruction_1051__s3__current_frame
76,block-0025,Generalization_OppositeConstruction_1051,OppositeConstruction_051,Generalization,3,30051,baseline,2,Generalization_OppositeConstruction_1051__s3__baseline
77,block-0025,Generalization_OppositeConstruction_1051,OppositeConstruction_051,Generalization,3,30051,temporal,3,Generalization_OppositeConstruction_1051__s3__temporal
78,block-0026,Base_Wall_0096,Wall_096,Base,1,10096,current_frame,1,Base_Wall_0096__s1__current_frame
79,block-0026,Base_Wall_0096,Wall_096,Base,1,10096,baseline,2,Base_Wall_0096__s1__baseline
80,block-0026,Base_Wall_0096,Wall_096,Base,1,10096,temporal,3,Base_Wall_0096__s1__temporal
81,block-0027,Generalization_HardBrake_1035,HardBrake_035,Generalization,3,30035,baseline,1,Generalization_HardBrake_1035__s3__baseline
82,block-0027,Generalization_HardBrake_1035,HardBrake_035,Generalization,3,30035,current_frame,2,Generalization_HardBrake_1035__s3__current_frame
83,block-0027,Generalization_HardBrake_1035,HardBrake_035,Generalization,3,30035,temporal,3,Generalization_HardBrake_1035__s3__temporal
84,block-0028,Generalization_Wall_1095,Wall_095,Generalization,2,20095,baseline,1,Generalization_Wall_1095__s2__baseline
85,block-0028,Generalization_Wall_1095,Wall_095,Generalization,2,20095,temporal,2,Generalization_Wall_1095__s2__temporal
86,block-0028,Generalization_Wall_1095,Wall_095,Generalization,2,20095,current_frame,3,Generalization_Wall_1095__s2__current_frame
87,block-0029,Generalization_BadParking_1007,BadParking_007,Generalization,3,30007,current_frame,1,Generalization_BadParking_1007__s3__current_frame
88,block-0029,Generalization_BadParking_1007,BadParking_007,Generalization,3,30007,temporal,2,Generalization_BadParking_1007__s3__temporal
89,block-0029,Generalization_BadParking_1007,BadParking_007,Generalization,3,30007,baseline,3,Generalization_BadParking_1007__s3__baseline
90,block-0030,Generalization_CustomObstacles_1026,CustomObstacles_026,Generalization,2,20026,current_frame,1,Generalization_CustomObstacles_1026__s2__current_frame
91,block-0030,Generalization_CustomObstacles_1026,CustomObstacles_026,Generalization,2,20026,temporal,2,Generalization_CustomObstacles_1026__s2__temporal
92,block-0030,Generalization_CustomObstacles_1026,CustomObstacles_026,Generalization,2,20026,baseline,3,Generalization_CustomObstacles_1026__s2__baseline
93,block-0031,Base_PedestriansOnRoad_0089,PedestriansOnRoad_089,Base,3,30089,current_frame,1,Base_PedestriansOnRoad_0089__s3__current_frame
94,block-0031,Base_PedestriansOnRoad_0089,PedestriansOnRoad_089,Base,3,30089,baseline,2,Base_PedestriansOnRoad_0089__s3__baseline
95,block-0031,Base_PedestriansOnRoad_0089,PedestriansOnRoad_089,Base,3,30089,temporal,3,Base_PedestriansOnRoad_0089__s3__temporal
96,block-0032,Base_BadParking_0003,BadParking_003,Base,3,30003,temporal,1,Base_BadParking_0003__s3__temporal
97,block-0032,Base_BadParking_0003,BadParking_003,Base,3,30003,baseline,2,Base_BadParking_0003__s3__baseline
98,block-0032,Base_BadParking_0003,BadParking_003,Base,3,30003,current_frame,3,Base_BadParking_0003__s3__current_frame
99,block-0033,Generalization_PedestrianOtherBlocker_1074,PedestrianOtherBlocker_074,Generalization,2,20074,temporal,1,Generalization_PedestrianOtherBlocker_1074__s2__temporal
100,block-0033,Generalization_PedestrianOtherBlocker_1074,PedestrianOtherBlocker_074,Generalization,2,20074,current_frame,2,Generalization_PedestrianOtherBlocker_1074__s2__current_frame
101,block-0033,Generalization_PedestrianOtherBlocker_1074,PedestrianOtherBlocker_074,Generalization,2,20074,baseline,3,Generalization_PedestrianOtherBlocker_1074__s2__baseline
102,block-0034,Generalization_ConstructionPedestrian_1010,ConstructionPedestrian_010,Generalization,3,30010,temporal,1,Generalization_ConstructionPedestrian_1010__s3__temporal
103,block-0034,Generalization_ConstructionPedestrian_1010,ConstructionPedestrian_010,Generalization,3,30010,current_frame,2,Generalization_ConstructionPedestrian_1010__s3__current_frame
104,block-0034,Generalization_ConstructionPedestrian_1010,ConstructionPedestrian_010,Generalization,3,30010,baseline,3,Generalization_ConstructionPedestrian_1010__s3__baseline
105,block-0035,Generalization_Animals_1084,Animals_084,Generalization,3,30084,baseline,1,Generalization_Animals_1084__s3__baseline
106,block-0035,Generalization_Animals_1084,Animals_084,Generalization,3,30084,current_frame,2,Generalization_Animals_1084__s3__current_frame
107,block-0035,Generalization_Animals_1084,Animals_084,Generalization,3,30084,temporal,3,Generalization_Animals_1084__s3__temporal
108,block-0036,Generalization_RightConstruction_1091,RightConstruction_091,Generalization,1,10091,baseline,1,Generalization_RightConstruction_1091__s1__baseline
109,block-0036,Generalization_RightConstruction_1091,RightConstruction_091,Generalization,1,10091,temporal,2,Generalization_RightConstruction_1091__s1__temporal
110,block-0036,Generalization_RightConstruction_1091,RightConstruction_091,Generalization,1,10091,current_frame,3,Generalization_RightConstruction_1091__s1__current_frame
111,block-0037,Base_ImageOnObject_0043,ImageOnObject_043,Base,2,20043,baseline,1,Base_ImageOnObject_0043__s2__baseline
112,block-0037,Base_ImageOnObject_0043,ImageOnObject_043,Base,2,20043,temporal,2,Base_ImageOnObject_0043__s2__temporal
113,block-0037,Base_ImageOnObject_0043,ImageOnObject_043,Base,2,20043,current_frame,3,Base_ImageOnObject_0043__s2__current_frame
114,block-0038,Base_ConstructionPedestrian_0011,ConstructionPedestrian_011,Base,3,30011,temporal,1,Base_ConstructionPedestrian_0011__s3__temporal
115,block-0038,Base_ConstructionPedestrian_0011,ConstructionPedestrian_011,Base,3,30011,baseline,2,Base_ConstructionPedestrian_0011__s3__baseline
116,block-0038,Base_ConstructionPedestrian_0011,ConstructionPedestrian_011,Base,3,30011,current_frame,3,Base_ConstructionPedestrian_0011__s3__current_frame
117,block-0039,Generalization_Animals_1084,Animals_084,Generalization,1,10084,temporal,1,Generalization_Animals_1084__s1__temporal
118,block-0039,Generalization_Animals_1084,Animals_084,Generalization,1,10084,baseline,2,Generalization_Animals_1084__s1__baseline
119,block-0039,Generalization_Animals_1084,Animals_084,Generalization,1,10084,current_frame,3,Generalization_Animals_1084__s1__current_frame
120,block-0040,Generalization_RightConstruction_1093,RightConstruction_093,Generalization,1,10093,baseline,1,Generalization_RightConstruction_1093__s1__baseline
121,block-0040,Generalization_RightConstruction_1093,RightConstruction_093,Generalization,1,10093,current_frame,2,Generalization_RightConstruction_1093__s1__current_frame
122,block-0040,Generalization_RightConstruction_1093,RightConstruction_093,Generalization,1,10093,temporal,3,Generalization_RightConstruction_1093__s1__temporal
123,block-0041,Base_FullyBlocked_0031,FullyBlocked_031,Base,1,10031,current_frame,1,Base_FullyBlocked_0031__s1__current_frame
124,block-0041,Base_FullyBlocked_0031,FullyBlocked_031,Base,1,10031,temporal,2,Base_FullyBlocked_0031__s1__temporal
125,block-0041,Base_FullyBlocked_0031,FullyBlocked_031,Base,1,10031,baseline,3,Base_FullyBlocked_0031__s1__baseline
126,block-0042,Base_ConstructionPedestrian_0013,ConstructionPedestrian_013,Base,3,30013,baseline,1,Base_ConstructionPedestrian_0013__s3__baseline
127,block-0042,Base_ConstructionPedestrian_0013,ConstructionPedestrian_013,Base,3,30013,current_frame,2,Base_ConstructionPedestrian_0013__s3__current_frame
128,block-0042,Base_ConstructionPedestrian_0013,ConstructionPedestrian_013,Base,3,30013,temporal,3,Base_ConstructionPedestrian_0013__s3__temporal
129,block-0043,Generalization_BadParking_1006,BadParking_006,Generalization,2,20006,current_frame,1,Generalization_BadParking_1006__s2__current_frame
130,block-0043,Generalization_BadParking_1006,BadParking_006,Generalization,2,20006,temporal,2,Generalization_BadParking_1006__s2__temporal
131,block-0043,Generalization_BadParking_1006,BadParking_006,Generalization,2,20006,baseline,3,Generalization_BadParking_1006__s2__baseline
132,block-0044,Generalization_ImageOnObject_1042,ImageOnObject_042,Generalization,3,30042,current_frame,1,Generalization_ImageOnObject_1042__s3__current_frame
133,block-0044,Generalization_ImageOnObject_1042,ImageOnObject_042,Generalization,3,30042,baseline,2,Generalization_ImageOnObject_1042__s3__baseline
134,block-0044,Generalization_ImageOnObject_1042,ImageOnObject_042,Generalization,3,30042,temporal,3,Generalization_ImageOnObject_1042__s3__temporal
135,block-0045,Base_ConstructionPermutations_0018,ConstructionPermutations_018,Base,2,20018,temporal,1,Base_ConstructionPermutations_0018__s2__temporal
136,block-0045,Base_ConstructionPermutations_0018,ConstructionPermutations_018,Base,2,20018,baseline,2,Base_ConstructionPermutations_0018__s2__baseline
137,block-0045,Base_ConstructionPermutations_0018,ConstructionPermutations_018,Base,2,20018,current_frame,3,Base_ConstructionPermutations_0018__s2__current_frame
138,block-0046,Base_BadParking_0002,BadParking_002,Base,1,10002,temporal,1,Base_BadParking_0002__s1__temporal
139,block-0046,Base_BadParking_0002,BadParking_002,Base,1,10002,baseline,2,Base_BadParking_0002__s1__baseline
140,block-0046,Base_BadParking_0002,BadParking_002,Base,1,10002,current_frame,3,Base_BadParking_0002__s1__current_frame
141,block-0047,Generalization_RightOfWay_1056,RightOfWay_056,Generalization,2,20056,baseline,1,Generalization_RightOfWay_1056__s2__baseline
142,block-0047,Generalization_RightOfWay_1056,RightOfWay_056,Generalization,2,20056,current_frame,2,Generalization_RightOfWay_1056__s2__current_frame
143,block-0047,Generalization_RightOfWay_1056,RightOfWay_056,Generalization,2,20056,temporal,3,Generalization_RightOfWay_1056__s2__temporal
144,block-0048,Base_ConstructionPermutations_0019,ConstructionPermutations_019,Base,3,30019,temporal,1,Base_ConstructionPermutations_0019__s3__temporal
145,block-0048,Base_ConstructionPermutations_0019,ConstructionPermutations_019,Base,3,30019,current_frame,2,Base_ConstructionPermutations_0019__s3__current_frame
146,block-0048,Base_ConstructionPermutations_0019,ConstructionPermutations_019,Base,3,30019,baseline,3,Base_ConstructionPermutations_0019__s3__baseline
147,block-0049,Base_Animals_0081,Animals_081,Base,3,30081,baseline,1,Base_Animals_0081__s3__baseline
148,block-0049,Base_Animals_0081,Animals_081,Base,3,30081,temporal,2,Base_Animals_0081__s3__temporal
149,block-0049,Base_Animals_0081,Animals_081,Base,3,30081,current_frame,3,Base_Animals_0081__s3__current_frame
150,block-0050,Base_RightOfWay_0059,RightOfWay_059,Base,1,10059,temporal,1,Base_RightOfWay_0059__s1__temporal
151,block-0050,Base_RightOfWay_0059,RightOfWay_059,Base,1,10059,current_frame,2,Base_RightOfWay_0059__s1__current_frame
152,block-0050,Base_RightOfWay_0059,RightOfWay_059,Base,1,10059,baseline,3,Base_RightOfWay_0059__s1__baseline
153,block-0051,Base_BadParking_0009,BadParking_009,Base,1,10009,baseline,1,Base_BadParking_0009__s1__baseline
154,block-0051,Base_BadParking_0009,BadParking_009,Base,1,10009,temporal,2,Base_BadParking_0009__s1__temporal
155,block-0051,Base_BadParking_0009,BadParking_009,Base,1,10009,current_frame,3,Base_BadParking_0009__s1__current_frame
156,block-0052,Base_ObscuredStop_0046,ObscuredStop_046,Base,1,10046,temporal,1,Base_ObscuredStop_0046__s1__temporal
157,block-0052,Base_ObscuredStop_0046,ObscuredStop_046,Base,1,10046,baseline,2,Base_ObscuredStop_0046__s1__baseline
158,block-0052,Base_ObscuredStop_0046,ObscuredStop_046,Base,1,10046,current_frame,3,Base_ObscuredStop_0046__s1__current_frame
159,block-0053,Base_FullyBlocked_0032,FullyBlocked_032,Base,3,30032,temporal,1,Base_FullyBlocked_0032__s3__temporal
160,block-0053,Base_FullyBlocked_0032,FullyBlocked_032,Base,3,30032,baseline,2,Base_FullyBlocked_0032__s3__baseline
161,block-0053,Base_FullyBlocked_0032,FullyBlocked_032,Base,3,30032,current_frame,3,Base_FullyBlocked_0032__s3__current_frame
162,block-0054,Generalization_RightConstruction_1093,RightConstruction_093,Generalization,2,20093,baseline,1,Generalization_RightConstruction_1093__s2__baseline
163,block-0054,Generalization_RightConstruction_1093,RightConstruction_093,Generalization,2,20093,temporal,2,Generalization_RightConstruction_1093__s2__temporal
164,block-0054,Generalization_RightConstruction_1093,RightConstruction_093,Generalization,2,20093,current_frame,3,Generalization_RightConstruction_1093__s2__current_frame
165,block-0055,Generalization_BadParking_1002,BadParking_002,Generalization,3,30002,current_frame,1,Generalization_BadParking_1002__s3__current_frame
166,block-0055,Generalization_BadParking_1002,BadParking_002,Generalization,3,30002,temporal,2,Generalization_BadParking_1002__s3__temporal
167,block-0055,Generalization_BadParking_1002,BadParking_002,Generalization,3,30002,baseline,3,Generalization_BadParking_1002__s3__baseline
168,block-0056,Base_PedestrianOtherBlocker_0071,PedestrianOtherBlocker_071,Base,1,10071,baseline,1,Base_PedestrianOtherBlocker_0071__s1__baseline
169,block-0056,Base_PedestrianOtherBlocker_0071,PedestrianOtherBlocker_071,Base,1,10071,temporal,2,Base_PedestrianOtherBlocker_0071__s1__temporal
170,block-0056,Base_PedestrianOtherBlocker_0071,PedestrianOtherBlocker_071,Base,1,10071,current_frame,3,Base_PedestrianOtherBlocker_0071__s1__current_frame
171,block-0057,Base_CustomObstacles_0025,CustomObstacles_025,Base,3,30025,baseline,1,Base_CustomObstacles_0025__s3__baseline
172,block-0057,Base_CustomObstacles_0025,CustomObstacles_025,Base,3,30025,current_frame,2,Base_CustomObstacles_0025__s3__current_frame
173,block-0057,Base_CustomObstacles_0025,CustomObstacles_025,Base,3,30025,temporal,3,Base_CustomObstacles_0025__s3__temporal
174,block-0058,Generalization_RightOfWay_1059,RightOfWay_059,Generalization,1,10059,current_frame,1,Generalization_RightOfWay_1059__s1__current_frame
175,block-0058,Generalization_RightOfWay_1059,RightOfWay_059,Generalization,1,10059,baseline,2,Generalization_RightOfWay_1059__s1__baseline
176,block-0058,Generalization_RightOfWay_1059,RightOfWay_059,Generalization,1,10059,temporal,3,Generalization_RightOfWay_1059__s1__temporal
177,block-0059,Generalization_ConstructionPedestrian_1014,ConstructionPedestrian_014,Generalization,1,10014,current_frame,1,Generalization_ConstructionPedestrian_1014__s1__current_frame
178,block-0059,Generalization_ConstructionPedestrian_1014,ConstructionPedestrian_014,Generalization,1,10014,temporal,2,Generalization_ConstructionPedestrian_1014__s1__temporal
179,block-0059,Generalization_ConstructionPedestrian_1014,ConstructionPedestrian_014,Generalization,1,10014,baseline,3,Generalization_ConstructionPedestrian_1014__s1__baseline
180,block-0060,Generalization_PedestrianOtherBlocker_1072,PedestrianOtherBlocker_072,Generalization,2,20072,baseline,1,Generalization_PedestrianOtherBlocker_1072__s2__baseline
181,block-0060,Generalization_PedestrianOtherBlocker_1072,PedestrianOtherBlocker_072,Generalization,2,20072,temporal,2,Generalization_PedestrianOtherBlocker_1072__s2__temporal
182,block-0060,Generalization_PedestrianOtherBlocker_1072,PedestrianOtherBlocker_072,Generalization,2,20072,current_frame,3,Generalization_PedestrianOtherBlocker_1072__s2__current_frame
183,block-0061,Generalization_BadParking_1007,BadParking_007,Generalization,1,10007,temporal,1,Generalization_BadParking_1007__s1__temporal
184,block-0061,Generalization_BadParking_1007,BadParking_007,Generalization,1,10007,baseline,2,Generalization_BadParking_1007__s1__baseline
185,block-0061,Generalization_BadParking_1007,BadParking_007,Generalization,1,10007,current_frame,3,Generalization_BadParking_1007__s1__current_frame
186,block-0062,Generalization_OppositeConstruction_1054,OppositeConstruction_054,Generalization,1,10054,baseline,1,Generalization_OppositeConstruction_1054__s1__baseline
187,block-0062,Generalization_OppositeConstruction_1054,OppositeConstruction_054,Generalization,1,10054,current_frame,2,Generalization_OppositeConstruction_1054__s1__current_frame
188,block-0062,Generalization_OppositeConstruction_1054,OppositeConstruction_054,Generalization,1,10054,temporal,3,Generalization_OppositeConstruction_1054__s1__temporal
189,block-0063,Base_Wall_0097,Wall_097,Base,1,10097,temporal,1,Base_Wall_0097__s1__temporal
190,block-0063,Base_Wall_0097,Wall_097,Base,1,10097,current_frame,2,Base_Wall_0097__s1__current_frame
191,block-0063,Base_Wall_0097,Wall_097,Base,1,10097,baseline,3,Base_Wall_0097__s1__baseline
192,block-0064,Generalization_BadParking_1008,BadParking_008,Generalization,1,10008,temporal,1,Generalization_BadParking_1008__s1__temporal
193,block-0064,Generalization_BadParking_1008,BadParking_008,Generalization,1,10008,baseline,2,Generalization_BadParking_1008__s1__baseline
194,block-0064,Generalization_BadParking_1008,BadParking_008,Generalization,1,10008,current_frame,3,Generalization_BadParking_1008__s1__current_frame
195,block-0065,Base_ConstructionPedestrian_0014,ConstructionPedestrian_014,Base,2,20014,baseline,1,Base_ConstructionPedestrian_0014__s2__baseline
196,block-0065,Base_ConstructionPedestrian_0014,ConstructionPedestrian_014,Base,2,20014,temporal,2,Base_ConstructionPedestrian_0014__s2__temporal
197,block-0065,Base_ConstructionPedestrian_0014,ConstructionPedestrian_014,Base,2,20014,current_frame,3,Base_ConstructionPedestrian_0014__s2__current_frame
198,block-0066,Generalization_PedestrianCrowd_1065,PedestrianCrowd_065,Generalization,3,30065,temporal,1,Generalization_PedestrianCrowd_1065__s3__temporal
199,block-0066,Generalization_PedestrianCrowd_1065,PedestrianCrowd_065,Generalization,3,30065,baseline,2,Generalization_PedestrianCrowd_1065__s3__baseline
200,block-0066,Generalization_PedestrianCrowd_1065,PedestrianCrowd_065,Generalization,3,30065,current_frame,3,Generalization_PedestrianCrowd_1065__s3__current_frame
201,block-0067,Generalization_CustomObstacles_1025,CustomObstacles_025,Generalization,1,10025,baseline,1,Generalization_CustomObstacles_1025__s1__baseline
202,block-0067,Generalization_CustomObstacles_1025,CustomObstacles_025,Generalization,1,10025,current_frame,2,Generalization_CustomObstacles_1025__s1__current_frame
203,block-0067,Generalization_CustomObstacles_1025,CustomObstacles_025,Generalization,1,10025,temporal,3,Generalization_CustomObstacles_1025__s1__temporal
204,block-0068,Generalization_PedestrianOtherBlocker_1074,PedestrianOtherBlocker_074,Generalization,3,30074,temporal,1,Generalization_PedestrianOtherBlocker_1074__s3__temporal
205,block-0068,Generalization_PedestrianOtherBlocker_1074,PedestrianOtherBlocker_074,Generalization,3,30074,current_frame,2,Generalization_PedestrianOtherBlocker_1074__s3__current_frame
206,block-0068,Generalization_PedestrianOtherBlocker_1074,PedestrianOtherBlocker_074,Generalization,3,30074,baseline,3,Generalization_PedestrianOtherBlocker_1074__s3__baseline
207,block-0069,Base_ImageOnObject_0044,ImageOnObject_044,Base,2,20044,baseline,1,Base_ImageOnObject_0044__s2__baseline
208,block-0069,Base_ImageOnObject_0044,ImageOnObject_044,Base,2,20044,temporal,2,Base_ImageOnObject_0044__s2__temporal
209,block-0069,Base_ImageOnObject_0044,ImageOnObject_044,Base,2,20044,current_frame,3,Base_ImageOnObject_0044__s2__current_frame
210,block-0070,Base_RightOfWay_0056,RightOfWay_056,Base,2,20056,baseline,1,Base_RightOfWay_0056__s2__baseline
211,block-0070,Base_RightOfWay_0056,RightOfWay_056,Base,2,20056,temporal,2,Base_RightOfWay_0056__s2__temporal
212,block-0070,Base_RightOfWay_0056,RightOfWay_056,Base,2,20056,current_frame,3,Base_RightOfWay_0056__s2__current_frame
213,block-0071,Base_PedestriansOnRoad_0089,PedestriansOnRoad_089,Base,2,20089,baseline,1,Base_PedestriansOnRoad_0089__s2__baseline
214,block-0071,Base_PedestriansOnRoad_0089,PedestriansOnRoad_089,Base,2,20089,temporal,2,Base_PedestriansOnRoad_0089__s2__temporal
215,block-0071,Base_PedestriansOnRoad_0089,PedestriansOnRoad_089,Base,2,20089,current_frame,3,Base_PedestriansOnRoad_0089__s2__current_frame
216,block-0072,Base_CustomObstacles_0027,CustomObstacles_027,Base,3,30027,baseline,1,Base_CustomObstacles_0027__s3__baseline
217,block-0072,Base_CustomObstacles_0027,CustomObstacles_027,Base,3,30027,temporal,2,Base_CustomObstacles_0027__s3__temporal
218,block-0072,Base_CustomObstacles_0027,CustomObstacles_027,Base,3,30027,current_frame,3,Base_CustomObstacles_0027__s3__current_frame
219,block-0073,Base_HardBrake_0038,HardBrake_038,Base,3,30038,baseline,1,Base_HardBrake_0038__s3__baseline
220,block-0073,Base_HardBrake_0038,HardBrake_038,Base,3,30038,temporal,2,Base_HardBrake_0038__s3__temporal
221,block-0073,Base_HardBrake_0038,HardBrake_038,Base,3,30038,current_frame,3,Base_HardBrake_0038__s3__current_frame
222,block-0074,Generalization_Wall_1097,Wall_097,Generalization,2,20097,baseline,1,Generalization_Wall_1097__s2__baseline
223,block-0074,Generalization_Wall_1097,Wall_097,Generalization,2,20097,current_frame,2,Generalization_Wall_1097__s2__current_frame
224,block-0074,Generalization_Wall_1097,Wall_097,Generalization,2,20097,temporal,3,Generalization_Wall_1097__s2__temporal
225,block-0075,Base_CustomObstacles_0027,CustomObstacles_027,Base,2,20027,temporal,1,Base_CustomObstacles_0027__s2__temporal
226,block-0075,Base_CustomObstacles_0027,CustomObstacles_027,Base,2,20027,baseline,2,Base_CustomObstacles_0027__s2__baseline
227,block-0075,Base_CustomObstacles_0027,CustomObstacles_027,Base,2,20027,current_frame,3,Base_CustomObstacles_0027__s2__current_frame
228,block-0076,Generalization_ObscuredStop_1045,ObscuredStop_045,Generalization,1,10045,temporal,1,Generalization_ObscuredStop_1045__s1__temporal
229,block-0076,Generalization_ObscuredStop_1045,ObscuredStop_045,Generalization,1,10045,baseline,2,Generalization_ObscuredStop_1045__s1__baseline
230,block-0076,Generalization_ObscuredStop_1045,ObscuredStop_045,Generalization,1,10045,current_frame,3,Generalization_ObscuredStop_1045__s1__current_frame
231,block-0077,Generalization_Animals_1081,Animals_081,Generalization,2,20081,current_frame,1,Generalization_Animals_1081__s2__current_frame
232,block-0077,Generalization_Animals_1081,Animals_081,Generalization,2,20081,baseline,2,Generalization_Animals_1081__s2__baseline
233,block-0077,Generalization_Animals_1081,Animals_081,Generalization,2,20081,temporal,3,Generalization_Animals_1081__s2__temporal
234,block-0078,Base_Animals_0078,Animals_078,Base,2,20078,current_frame,1,Base_Animals_0078__s2__current_frame
235,block-0078,Base_Animals_0078,Animals_078,Base,2,20078,baseline,2,Base_Animals_0078__s2__baseline
236,block-0078,Base_Animals_0078,Animals_078,Base,2,20078,temporal,3,Base_Animals_0078__s2__temporal
237,block-0079,Base_ConstructionPermutations_0016,ConstructionPermutations_016,Base,1,10016,baseline,1,Base_ConstructionPermutations_0016__s1__baseline
238,block-0079,Base_ConstructionPermutations_0016,ConstructionPermutations_016,Base,1,10016,current_frame,2,Base_ConstructionPermutations_0016__s1__current_frame
239,block-0079,Base_ConstructionPermutations_0016,ConstructionPermutations_016,Base,1,10016,temporal,3,Base_ConstructionPermutations_0016__s1__temporal
240,block-0080,Generalization_PedestrianCrowd_1066,PedestrianCrowd_066,Generalization,1,10066,temporal,1,Generalization_PedestrianCrowd_1066__s1__temporal
241,block-0080,Generalization_PedestrianCrowd_1066,PedestrianCrowd_066,Generalization,1,10066,current_frame,2,Generalization_PedestrianCrowd_1066__s1__current_frame
242,block-0080,Generalization_PedestrianCrowd_1066,PedestrianCrowd_066,Generalization,1,10066,baseline,3,Generalization_PedestrianCrowd_1066__s1__baseline
243,block-0081,Base_CustomObstacles_0021,CustomObstacles_021,Base,3,30021,current_frame,1,Base_CustomObstacles_0021__s3__current_frame
244,block-0081,Base_CustomObstacles_0021,CustomObstacles_021,Base,3,30021,temporal,2,Base_CustomObstacles_0021__s3__temporal
245,block-0081,Base_CustomObstacles_0021,CustomObstacles_021,Base,3,30021,baseline,3,Base_CustomObstacles_0021__s3__baseline
246,block-0082,Base_RightConstruction_0092,RightConstruction_092,Base,2,20092,baseline,1,Base_RightConstruction_0092__s2__baseline
247,block-0082,Base_RightConstruction_0092,RightConstruction_092,Base,2,20092,temporal,2,Base_RightConstruction_0092__s2__temporal
248,block-0082,Base_RightConstruction_0092,RightConstruction_092,Base,2,20092,current_frame,3,Base_RightConstruction_0092__s2__current_frame
249,block-0083,Base_RightOfWay_0058,RightOfWay_058,Base,2,20058,current_frame,1,Base_RightOfWay_0058__s2__current_frame
250,block-0083,Base_RightOfWay_0058,RightOfWay_058,Base,2,20058,baseline,2,Base_RightOfWay_0058__s2__baseline
251,block-0083,Base_RightOfWay_0058,RightOfWay_058,Base,2,20058,temporal,3,Base_RightOfWay_0058__s2__temporal
252,block-0084,Base_PedestrianOtherBlocker_0073,PedestrianOtherBlocker_073,Base,2,20073,baseline,1,Base_PedestrianOtherBlocker_0073__s2__baseline
253,block-0084,Base_PedestrianOtherBlocker_0073,PedestrianOtherBlocker_073,Base,2,20073,current_frame,2,Base_PedestrianOtherBlocker_0073__s2__current_frame
254,block-0084,Base_PedestrianOtherBlocker_0073,PedestrianOtherBlocker_073,Base,2,20073,temporal,3,Base_PedestrianOtherBlocker_0073__s2__temporal
255,block-0085,Generalization_PedestrianOtherBlocker_1071,PedestrianOtherBlocker_071,Generalization,3,30071,current_frame,1,Generalization_PedestrianOtherBlocker_1071__s3__current_frame
256,block-0085,Generalization_PedestrianOtherBlocker_1071,PedestrianOtherBlocker_071,Generalization,3,30071,baseline,2,Generalization_PedestrianOtherBlocker_1071__s3__baseline
257,block-0085,Generalization_PedestrianOtherBlocker_1071,PedestrianOtherBlocker_071,Generalization,3,30071,temporal,3,Generalization_PedestrianOtherBlocker_1071__s3__temporal
258,block-0086,Base_OppositeConstruction_0054,OppositeConstruction_054,Base,2,20054,current_frame,1,Base_OppositeConstruction_0054__s2__current_frame
259,block-0086,Base_OppositeConstruction_0054,OppositeConstruction_054,Base,2,20054,temporal,2,Base_OppositeConstruction_0054__s2__temporal
260,block-0086,Base_OppositeConstruction_0054,OppositeConstruction_054,Base,2,20054,baseline,3,Base_OppositeConstruction_0054__s2__baseline
261,block-0087,Generalization_CustomObstacles_1022,CustomObstacles_022,Generalization,3,30022,temporal,1,Generalization_CustomObstacles_1022__s3__temporal
262,block-0087,Generalization_CustomObstacles_1022,CustomObstacles_022,Generalization,3,30022,baseline,2,Generalization_CustomObstacles_1022__s3__baseline
263,block-0087,Generalization_CustomObstacles_1022,CustomObstacles_022,Generalization,3,30022,current_frame,3,Generalization_CustomObstacles_1022__s3__current_frame
264,block-0088,Generalization_RightConstruction_1092,RightConstruction_092,Generalization,1,10092,temporal,1,Generalization_RightConstruction_1092__s1__temporal
265,block-0088,Generalization_RightConstruction_1092,RightConstruction_092,Generalization,1,10092,baseline,2,Generalization_RightConstruction_1092__s1__baseline
266,block-0088,Generalization_RightConstruction_1092,RightConstruction_092,Generalization,1,10092,current_frame,3,Generalization_RightConstruction_1092__s1__current_frame
267,block-0089,Generalization_CustomObstacles_1029,CustomObstacles_029,Generalization,3,30029,temporal,1,Generalization_CustomObstacles_1029__s3__temporal
268,block-0089,Generalization_CustomObstacles_1029,CustomObstacles_029,Generalization,3,30029,baseline,2,Generalization_CustomObstacles_1029__s3__baseline
269,block-0089,Generalization_CustomObstacles_1029,CustomObstacles_029,Generalization,3,30029,current_frame,3,Generalization_CustomObstacles_1029__s3__current_frame
270,block-0090,Base_Animals_0080,Animals_080,Base,2,20080,current_frame,1,Base_Animals_0080__s2__current_frame
271,block-0090,Base_Animals_0080,Animals_080,Base,2,20080,temporal,2,Base_Animals_0080__s2__temporal
272,block-0090,Base_Animals_0080,Animals_080,Base,2,20080,baseline,3,Base_Animals_0080__s2__baseline
273,block-0091,Generalization_RightOfWay_1055,RightOfWay_055,Generalization,3,30055,current_frame,1,Generalization_RightOfWay_1055__s3__current_frame
274,block-0091,Generalization_RightOfWay_1055,RightOfWay_055,Generalization,3,30055,temporal,2,Generalization_RightOfWay_1055__s3__temporal
275,block-0091,Generalization_RightOfWay_1055,RightOfWay_055,Generalization,3,30055,baseline,3,Generalization_RightOfWay_1055__s3__baseline
276,block-0092,Base_BadParking_0009,BadParking_009,Base,2,20009,current_frame,1,Base_BadParking_0009__s2__current_frame
277,block-0092,Base_BadParking_0009,BadParking_009,Base,2,20009,temporal,2,Base_BadParking_0009__s2__temporal
278,block-0092,Base_BadParking_0009,BadParking_009,Base,2,20009,baseline,3,Base_BadParking_0009__s2__baseline
279,block-0093,Generalization_PassableObstacles_1062,PassableObstacles_062,Generalization,3,30062,baseline,1,Generalization_PassableObstacles_1062__s3__baseline
280,block-0093,Generalization_PassableObstacles_1062,PassableObstacles_062,Generalization,3,30062,current_frame,2,Generalization_PassableObstacles_1062__s3__current_frame
281,block-0093,Generalization_PassableObstacles_1062,PassableObstacles_062,Generalization,3,30062,temporal,3,Generalization_PassableObstacles_1062__s3__temporal
282,block-0094,Generalization_Animals_1076,Animals_076,Generalization,3,30076,current_frame,1,Generalization_Animals_1076__s3__current_frame
283,block-0094,Generalization_Animals_1076,Animals_076,Generalization,3,30076,temporal,2,Generalization_Animals_1076__s3__temporal
284,block-0094,Generalization_Animals_1076,Animals_076,Generalization,3,30076,baseline,3,Generalization_Animals_1076__s3__baseline
285,block-0095,Generalization_BadParking_1006,BadParking_006,Generalization,3,30006,baseline,1,Generalization_BadParking_1006__s3__baseline
286,block-0095,Generalization_BadParking_1006,BadParking_006,Generalization,3,30006,current_frame,2,Generalization_BadParking_1006__s3__current_frame
287,block-0095,Generalization_BadParking_1006,BadParking_006,Generalization,3,30006,temporal,3,Generalization_BadParking_1006__s3__temporal
288,block-0096,Generalization_RightOfWay_1055,RightOfWay_055,Generalization,1,10055,baseline,1,Generalization_RightOfWay_1055__s1__baseline
289,block-0096,Generalization_RightOfWay_1055,RightOfWay_055,Generalization,1,10055,temporal,2,Generalization_RightOfWay_1055__s1__temporal
290,block-0096,Generalization_RightOfWay_1055,RightOfWay_055,Generalization,1,10055,current_frame,3,Generalization_RightOfWay_1055__s1__current_frame
291,block-0097,Generalization_PedestriansOnRoad_1085,PedestriansOnRoad_085,Generalization,3,30085,current_frame,1,Generalization_PedestriansOnRoad_1085__s3__current_frame
292,block-0097,Generalization_PedestriansOnRoad_1085,PedestriansOnRoad_085,Generalization,3,30085,baseline,2,Generalization_PedestriansOnRoad_1085__s3__baseline
293,block-0097,Generalization_PedestriansOnRoad_1085,PedestriansOnRoad_085,Generalization,3,30085,temporal,3,Generalization_PedestriansOnRoad_1085__s3__temporal
294,block-0098,Generalization_PedestriansOnRoad_1086,PedestriansOnRoad_086,Generalization,2,20086,current_frame,1,Generalization_PedestriansOnRoad_1086__s2__current_frame
295,block-0098,Generalization_PedestriansOnRoad_1086,PedestriansOnRoad_086,Generalization,2,20086,baseline,2,Generalization_PedestriansOnRoad_1086__s2__baseline
296,block-0098,Generalization_PedestriansOnRoad_1086,PedestriansOnRoad_086,Generalization,2,20086,temporal,3,Generalization_PedestriansOnRoad_1086__s2__temporal
297,block-0099,Generalization_BadParking_1001,BadParking_001,Generalization,3,30001,temporal,1,Generalization_BadParking_1001__s3__temporal
298,block-0099,Generalization_BadParking_1001,BadParking_001,Generalization,3,30001,baseline,2,Generalization_BadParking_1001__s3__baseline
299,block-0099,Generalization_BadParking_1001,BadParking_001,Generalization,3,30001,current_frame,3,Generalization_BadParking_1001__s3__current_frame
300,block-0100,Base_PedestrianOtherBlocker_0074,PedestrianOtherBlocker_074,Base,3,30074,temporal,1,Base_PedestrianOtherBlocker_0074__s3__temporal
301,block-0100,Base_PedestrianOtherBlocker_0074,PedestrianOtherBlocker_074,Base,3,30074,baseline,2,Base_PedestrianOtherBlocker_0074__s3__baseline
302,block-0100,Base_PedestrianOtherBlocker_0074,PedestrianOtherBlocker_074,Base,3,30074,current_frame,3,Base_PedestrianOtherBlocker_0074__s3__current_frame
303,block-0101,Base_PedestrianOtherBlocker_0072,PedestrianOtherBlocker_072,Base,1,10072,baseline,1,Base_PedestrianOtherBlocker_0072__s1__baseline
304,block-0101,Base_PedestrianOtherBlocker_0072,PedestrianOtherBlocker_072,Base,1,10072,current_frame,2,Base_PedestrianOtherBlocker_0072__s1__current_frame
305,block-0101,Base_PedestrianOtherBlocker_0072,PedestrianOtherBlocker_072,Base,1,10072,temporal,3,Base_PedestrianOtherBlocker_0072__s1__temporal
306,block-0102,Generalization_ObscuredStop_1047,ObscuredStop_047,Generalization,3,30047,baseline,1,Generalization_ObscuredStop_1047__s3__baseline
307,block-0102,Generalization_ObscuredStop_1047,ObscuredStop_047,Generalization,3,30047,temporal,2,Generalization_ObscuredStop_1047__s3__temporal
308,block-0102,Generalization_ObscuredStop_1047,ObscuredStop_047,Generalization,3,30047,current_frame,3,Generalization_ObscuredStop_1047__s3__current_frame
309,block-0103,Base_RightOfWay_0055,RightOfWay_055,Base,3,30055,current_frame,1,Base_RightOfWay_0055__s3__current_frame
310,block-0103,Base_RightOfWay_0055,RightOfWay_055,Base,3,30055,temporal,2,Base_RightOfWay_0055__s3__temporal
311,block-0103,Base_RightOfWay_0055,RightOfWay_055,Base,3,30055,baseline,3,Base_RightOfWay_0055__s3__baseline
312,block-0104,Generalization_ImageOnObject_1044,ImageOnObject_044,Generalization,1,10044,current_frame,1,Generalization_ImageOnObject_1044__s1__current_frame
313,block-0104,Generalization_ImageOnObject_1044,ImageOnObject_044,Generalization,1,10044,baseline,2,Generalization_ImageOnObject_1044__s1__baseline
314,block-0104,Generalization_ImageOnObject_1044,ImageOnObject_044,Generalization,1,10044,temporal,3,Generalization_ImageOnObject_1044__s1__temporal
315,block-0105,Generalization_PassableObstacles_1063,PassableObstacles_063,Generalization,2,20063,temporal,1,Generalization_PassableObstacles_1063__s2__temporal
316,block-0105,Generalization_PassableObstacles_1063,PassableObstacles_063,Generalization,2,20063,baseline,2,Generalization_PassableObstacles_1063__s2__baseline
317,block-0105,Generalization_PassableObstacles_1063,PassableObstacles_063,Generalization,2,20063,current_frame,3,Generalization_PassableObstacles_1063__s2__current_frame
318,block-0106,Generalization_ObscuredStop_1046,ObscuredStop_046,Generalization,3,30046,baseline,1,Generalization_ObscuredStop_1046__s3__baseline
319,block-0106,Generalization_ObscuredStop_1046,ObscuredStop_046,Generalization,3,30046,current_frame,2,Generalization_ObscuredStop_1046__s3__current_frame
320,block-0106,Generalization_ObscuredStop_1046,ObscuredStop_046,Generalization,3,30046,temporal,3,Generalization_ObscuredStop_1046__s3__temporal
321,block-0107,Base_PedestrianOtherBlocker_0070,PedestrianOtherBlocker_070,Base,2,20070,baseline,1,Base_PedestrianOtherBlocker_0070__s2__baseline
322,block-0107,Base_PedestrianOtherBlocker_0070,PedestrianOtherBlocker_070,Base,2,20070,current_frame,2,Base_PedestrianOtherBlocker_0070__s2__current_frame
323,block-0107,Base_PedestrianOtherBlocker_0070,PedestrianOtherBlocker_070,Base,2,20070,temporal,3,Base_PedestrianOtherBlocker_0070__s2__temporal
324,block-0108,Generalization_ObscuredStop_1047,ObscuredStop_047,Generalization,2,20047,baseline,1,Generalization_ObscuredStop_1047__s2__baseline
325,block-0108,Generalization_ObscuredStop_1047,ObscuredStop_047,Generalization,2,20047,current_frame,2,Generalization_ObscuredStop_1047__s2__current_frame
326,block-0108,Generalization_ObscuredStop_1047,ObscuredStop_047,Generalization,2,20047,temporal,3,Generalization_ObscuredStop_1047__s2__temporal
327,block-0109,Base_BadParking_0006,BadParking_006,Base,2,20006,temporal,1,Base_BadParking_0006__s2__temporal
328,block-0109,Base_BadParking_0006,BadParking_006,Base,2,20006,baseline,2,Base_BadParking_0006__s2__baseline
329,block-0109,Base_BadParking_0006,BadParking_006,Base,2,20006,current_frame,3,Base_BadParking_0006__s2__current_frame
330,block-0110,Base_ConstructionPedestrian_0014,ConstructionPedestrian_014,Base,1,10014,temporal,1,Base_ConstructionPedestrian_0014__s1__temporal
331,block-0110,Base_ConstructionPedestrian_0014,ConstructionPedestrian_014,Base,1,10014,baseline,2,Base_ConstructionPedestrian_0014__s1__baseline
332,block-0110,Base_ConstructionPedestrian_0014,ConstructionPedestrian_014,Base,1,10014,current_frame,3,Base_ConstructionPedestrian_0014__s1__current_frame
333,block-0111,Base_ConstructionPermutations_0018,ConstructionPermutations_018,Base,3,30018,current_frame,1,Base_ConstructionPermutations_0018__s3__current_frame
334,block-0111,Base_ConstructionPermutations_0018,ConstructionPermutations_018,Base,3,30018,baseline,2,Base_ConstructionPermutations_0018__s3__baseline
335,block-0111,Base_ConstructionPermutations_0018,ConstructionPermutations_018,Base,3,30018,temporal,3,Base_ConstructionPermutations_0018__s3__temporal
336,block-0112,Generalization_ImageOnObject_1040,ImageOnObject_040,Generalization,1,10040,current_frame,1,Generalization_ImageOnObject_1040__s1__current_frame
337,block-0112,Generalization_ImageOnObject_1040,ImageOnObject_040,Generalization,1,10040,temporal,2,Generalization_ImageOnObject_1040__s1__temporal
338,block-0112,Generalization_ImageOnObject_1040,ImageOnObject_040,Generalization,1,10040,baseline,3,Generalization_ImageOnObject_1040__s1__baseline
339,block-0113,Generalization_HardBrake_1036,HardBrake_036,Generalization,2,20036,temporal,1,Generalization_HardBrake_1036__s2__temporal
340,block-0113,Generalization_HardBrake_1036,HardBrake_036,Generalization,2,20036,baseline,2,Generalization_HardBrake_1036__s2__baseline
341,block-0113,Generalization_HardBrake_1036,HardBrake_036,Generalization,2,20036,current_frame,3,Generalization_HardBrake_1036__s2__current_frame
342,block-0114,Generalization_BadParking_1004,BadParking_004,Generalization,2,20004,baseline,1,Generalization_BadParking_1004__s2__baseline
343,block-0114,Generalization_BadParking_1004,BadParking_004,Generalization,2,20004,temporal,2,Generalization_BadParking_1004__s2__temporal
344,block-0114,Generalization_BadParking_1004,BadParking_004,Generalization,2,20004,current_frame,3,Generalization_BadParking_1004__s2__current_frame
345,block-0115,Base_PedestrianOtherBlocker_0072,PedestrianOtherBlocker_072,Base,2,20072,baseline,1,Base_PedestrianOtherBlocker_0072__s2__baseline
346,block-0115,Base_PedestrianOtherBlocker_0072,PedestrianOtherBlocker_072,Base,2,20072,current_frame,2,Base_PedestrianOtherBlocker_0072__s2__current_frame
347,block-0115,Base_PedestrianOtherBlocker_0072,PedestrianOtherBlocker_072,Base,2,20072,temporal,3,Base_PedestrianOtherBlocker_0072__s2__temporal
348,block-0116,Base_PedestrianCrowd_0068,PedestrianCrowd_068,Base,3,30068,temporal,1,Base_PedestrianCrowd_0068__s3__temporal
349,block-0116,Base_PedestrianCrowd_0068,PedestrianCrowd_068,Base,3,30068,current_frame,2,Base_PedestrianCrowd_0068__s3__current_frame
350,block-0116,Base_PedestrianCrowd_0068,PedestrianCrowd_068,Base,3,30068,baseline,3,Base_PedestrianCrowd_0068__s3__baseline
351,block-0117,Generalization_Animals_1083,Animals_083,Generalization,2,20083,temporal,1,Generalization_Animals_1083__s2__temporal
352,block-0117,Generalization_Animals_1083,Animals_083,Generalization,2,20083,current_frame,2,Generalization_Animals_1083__s2__current_frame
353,block-0117,Generalization_Animals_1083,Animals_083,Generalization,2,20083,baseline,3,Generalization_Animals_1083__s2__baseline
354,block-0118,Base_ObscuredStop_0049,ObscuredStop_049,Base,1,10049,temporal,1,Base_ObscuredStop_0049__s1__temporal
355,block-0118,Base_ObscuredStop_0049,ObscuredStop_049,Base,1,10049,baseline,2,Base_ObscuredStop_0049__s1__baseline
356,block-0118,Base_ObscuredStop_0049,ObscuredStop_049,Base,1,10049,current_frame,3,Base_ObscuredStop_0049__s1__current_frame
357,block-0119,Base_Animals_0076,Animals_076,Base,3,30076,baseline,1,Base_Animals_0076__s3__baseline
358,block-0119,Base_Animals_0076,Animals_076,Base,3,30076,temporal,2,Base_Animals_0076__s3__temporal
359,block-0119,Base_Animals_0076,Animals_076,Base,3,30076,current_frame,3,Base_Animals_0076__s3__current_frame
360,block-0120,Base_BadParking_0003,BadParking_003,Base,2,20003,temporal,1,Base_BadParking_0003__s2__temporal
361,block-0120,Base_BadParking_0003,BadParking_003,Base,2,20003,current_frame,2,Base_BadParking_0003__s2__current_frame
362,block-0120,Base_BadParking_0003,BadParking_003,Base,2,20003,baseline,3,Base_BadParking_0003__s2__baseline
363,block-0121,Base_OppositeConstruction_0051,OppositeConstruction_051,Base,3,30051,baseline,1,Base_OppositeConstruction_0051__s3__baseline
364,block-0121,Base_OppositeConstruction_0051,OppositeConstruction_051,Base,3,30051,temporal,2,Base_OppositeConstruction_0051__s3__temporal
365,block-0121,Base_OppositeConstruction_0051,OppositeConstruction_051,Base,3,30051,current_frame,3,Base_OppositeConstruction_0051__s3__current_frame
366,block-0122,Base_Wall_0096,Wall_096,Base,3,30096,current_frame,1,Base_Wall_0096__s3__current_frame
367,block-0122,Base_Wall_0096,Wall_096,Base,3,30096,baseline,2,Base_Wall_0096__s3__baseline
368,block-0122,Base_Wall_0096,Wall_096,Base,3,30096,temporal,3,Base_Wall_0096__s3__temporal
369,block-0123,Base_PedestriansOnRoad_0086,PedestriansOnRoad_086,Base,2,20086,temporal,1,Base_PedestriansOnRoad_0086__s2__temporal
370,block-0123,Base_PedestriansOnRoad_0086,PedestriansOnRoad_086,Base,2,20086,current_frame,2,Base_PedestriansOnRoad_0086__s2__current_frame
371,block-0123,Base_PedestriansOnRoad_0086,PedestriansOnRoad_086,Base,2,20086,baseline,3,Base_PedestriansOnRoad_0086__s2__baseline
372,block-0124,Base_FullyBlocked_0032,FullyBlocked_032,Base,1,10032,temporal,1,Base_FullyBlocked_0032__s1__temporal
373,block-0124,Base_FullyBlocked_0032,FullyBlocked_032,Base,1,10032,current_frame,2,Base_FullyBlocked_0032__s1__current_frame
374,block-0124,Base_FullyBlocked_0032,FullyBlocked_032,Base,1,10032,baseline,3,Base_FullyBlocked_0032__s1__baseline
375,block-0125,Base_PedestriansOnRoad_0086,PedestriansOnRoad_086,Base,3,30086,temporal,1,Base_PedestriansOnRoad_0086__s3__temporal
376,block-0125,Base_PedestriansOnRoad_0086,PedestriansOnRoad_086,Base,3,30086,current_frame,2,Base_PedestriansOnRoad_0086__s3__current_frame
377,block-0125,Base_PedestriansOnRoad_0086,PedestriansOnRoad_086,Base,3,30086,baseline,3,Base_PedestriansOnRoad_0086__s3__baseline
378,block-0126,Generalization_PedestrianOtherBlocker_1071,PedestrianOtherBlocker_071,Generalization,1,10071,baseline,1,Generalization_PedestrianOtherBlocker_1071__s1__baseline
379,block-0126,Generalization_PedestrianOtherBlocker_1071,PedestrianOtherBlocker_071,Generalization,1,10071,temporal,2,Generalization_PedestrianOtherBlocker_1071__s1__temporal
380,block-0126,Generalization_PedestrianOtherBlocker_1071,PedestrianOtherBlocker_071,Generalization,1,10071,current_frame,3,Generalization_PedestrianOtherBlocker_1071__s1__current_frame
381,block-0127,Base_Wall_0095,Wall_095,Base,3,30095,temporal,1,Base_Wall_0095__s3__temporal
382,block-0127,Base_Wall_0095,Wall_095,Base,3,30095,current_frame,2,Base_Wall_0095__s3__current_frame
383,block-0127,Base_Wall_0095,Wall_095,Base,3,30095,baseline,3,Base_Wall_0095__s3__baseline
384,block-0128,Base_ConstructionPermutations_0017,ConstructionPermutations_017,Base,2,20017,baseline,1,Base_ConstructionPermutations_0017__s2__baseline
385,block-0128,Base_ConstructionPermutations_0017,ConstructionPermutations_017,Base,2,20017,temporal,2,Base_ConstructionPermutations_0017__s2__temporal
386,block-0128,Base_ConstructionPermutations_0017,ConstructionPermutations_017,Base,2,20017,current_frame,3,Base_ConstructionPermutations_0017__s2__current_frame
387,block-0129,Generalization_FullyBlocked_1032,FullyBlocked_032,Generalization,1,10032,baseline,1,Generalization_FullyBlocked_1032__s1__baseline
388,block-0129,Generalization_FullyBlocked_1032,FullyBlocked_032,Generalization,1,10032,current_frame,2,Generalization_FullyBlocked_1032__s1__current_frame
389,block-0129,Generalization_FullyBlocked_1032,FullyBlocked_032,Generalization,1,10032,temporal,3,Generalization_FullyBlocked_1032__s1__temporal
390,block-0130,Generalization_BadParking_1009,BadParking_009,Generalization,2,20009,current_frame,1,Generalization_BadParking_1009__s2__current_frame
391,block-0130,Generalization_BadParking_1009,BadParking_009,Generalization,2,20009,temporal,2,Generalization_BadParking_1009__s2__temporal
392,block-0130,Generalization_BadParking_1009,BadParking_009,Generalization,2,20009,baseline,3,Generalization_BadParking_1009__s2__baseline
393,block-0131,Generalization_ConstructionPermutations_1016,ConstructionPermutations_016,Generalization,2,20016,temporal,1,Generalization_ConstructionPermutations_1016__s2__temporal
394,block-0131,Generalization_ConstructionPermutations_1016,ConstructionPermutations_016,Generalization,2,20016,baseline,2,Generalization_ConstructionPermutations_1016__s2__baseline
395,block-0131,Generalization_ConstructionPermutations_1016,ConstructionPermutations_016,Generalization,2,20016,current_frame,3,Generalization_ConstructionPermutations_1016__s2__current_frame
396,block-0132,Generalization_Animals_1080,Animals_080,Generalization,3,30080,baseline,1,Generalization_Animals_1080__s3__baseline
397,block-0132,Generalization_Animals_1080,Animals_080,Generalization,3,30080,current_frame,2,Generalization_Animals_1080__s3__current_frame
398,block-0132,Generalization_Animals_1080,Animals_080,Generalization,3,30080,temporal,3,Generalization_Animals_1080__s3__temporal
399,block-0133,Generalization_Animals_1082,Animals_082,Generalization,1,10082,baseline,1,Generalization_Animals_1082__s1__baseline
400,block-0133,Generalization_Animals_1082,Animals_082,Generalization,1,10082,current_frame,2,Generalization_Animals_1082__s1__current_frame
401,block-0133,Generalization_Animals_1082,Animals_082,Generalization,1,10082,temporal,3,Generalization_Animals_1082__s1__temporal
402,block-0134,Base_ConstructionPedestrian_0013,ConstructionPedestrian_013,Base,1,10013,baseline,1,Base_ConstructionPedestrian_0013__s1__baseline
403,block-0134,Base_ConstructionPedestrian_0013,ConstructionPedestrian_013,Base,1,10013,temporal,2,Base_ConstructionPedestrian_0013__s1__temporal
404,block-0134,Base_ConstructionPedestrian_0013,ConstructionPedestrian_013,Base,1,10013,current_frame,3,Base_ConstructionPedestrian_0013__s1__current_frame
405,block-0135,Base_PedestriansOnRoad_0088,PedestriansOnRoad_088,Base,1,10088,current_frame,1,Base_PedestriansOnRoad_0088__s1__current_frame
406,block-0135,Base_PedestriansOnRoad_0088,PedestriansOnRoad_088,Base,1,10088,baseline,2,Base_PedestriansOnRoad_0088__s1__baseline
407,block-0135,Base_PedestriansOnRoad_0088,PedestriansOnRoad_088,Base,1,10088,temporal,3,Base_PedestriansOnRoad_0088__s1__temporal
408,block-0136,Generalization_PedestriansOnRoad_1089,PedestriansOnRoad_089,Generalization,1,10089,current_frame,1,Generalization_PedestriansOnRoad_1089__s1__current_frame
409,block-0136,Generalization_PedestriansOnRoad_1089,PedestriansOnRoad_089,Generalization,1,10089,temporal,2,Generalization_PedestriansOnRoad_1089__s1__temporal
410,block-0136,Generalization_PedestriansOnRoad_1089,PedestriansOnRoad_089,Generalization,1,10089,baseline,3,Generalization_PedestriansOnRoad_1089__s1__baseline
411,block-0137,Base_FullyBlocked_0033,FullyBlocked_033,Base,1,10033,current_frame,1,Base_FullyBlocked_0033__s1__current_frame
412,block-0137,Base_FullyBlocked_0033,FullyBlocked_033,Base,1,10033,baseline,2,Base_FullyBlocked_0033__s1__baseline
413,block-0137,Base_FullyBlocked_0033,FullyBlocked_033,Base,1,10033,temporal,3,Base_FullyBlocked_0033__s1__temporal
414,block-0138,Base_PedestrianOtherBlocker_0073,PedestrianOtherBlocker_073,Base,3,30073,current_frame,1,Base_PedestrianOtherBlocker_0073__s3__current_frame
415,block-0138,Base_PedestrianOtherBlocker_0073,PedestrianOtherBlocker_073,Base,3,30073,temporal,2,Base_PedestrianOtherBlocker_0073__s3__temporal
416,block-0138,Base_PedestrianOtherBlocker_0073,PedestrianOtherBlocker_073,Base,3,30073,baseline,3,Base_PedestrianOtherBlocker_0073__s3__baseline
417,block-0139,Generalization_RightOfWay_1059,RightOfWay_059,Generalization,2,20059,baseline,1,Generalization_RightOfWay_1059__s2__baseline
418,block-0139,Generalization_RightOfWay_1059,RightOfWay_059,Generalization,2,20059,current_frame,2,Generalization_RightOfWay_1059__s2__current_frame
419,block-0139,Generalization_RightOfWay_1059,RightOfWay_059,Generalization,2,20059,temporal,3,Generalization_RightOfWay_1059__s2__temporal
420,block-0140,Generalization_CustomObstacles_1029,CustomObstacles_029,Generalization,1,10029,temporal,1,Generalization_CustomObstacles_1029__s1__temporal
421,block-0140,Generalization_CustomObstacles_1029,CustomObstacles_029,Generalization,1,10029,current_frame,2,Generalization_CustomObstacles_1029__s1__current_frame
422,block-0140,Generalization_CustomObstacles_1029,CustomObstacles_029,Generalization,1,10029,baseline,3,Generalization_CustomObstacles_1029__s1__baseline
423,block-0141,Generalization_HardBrake_1036,HardBrake_036,Generalization,1,10036,temporal,1,Generalization_HardBrake_1036__s1__temporal
424,block-0141,Generalization_HardBrake_1036,HardBrake_036,Generalization,1,10036,current_frame,2,Generalization_HardBrake_1036__s1__current_frame
425,block-0141,Generalization_HardBrake_1036,HardBrake_036,Generalization,1,10036,baseline,3,Generalization_HardBrake_1036__s1__baseline
426,block-0142,Base_ObscuredStop_0049,ObscuredStop_049,Base,2,20049,temporal,1,Base_ObscuredStop_0049__s2__temporal
427,block-0142,Base_ObscuredStop_0049,ObscuredStop_049,Base,2,20049,baseline,2,Base_ObscuredStop_0049__s2__baseline
428,block-0142,Base_ObscuredStop_0049,ObscuredStop_049,Base,2,20049,current_frame,3,Base_ObscuredStop_0049__s2__current_frame
429,block-0143,Base_ImageOnObject_0044,ImageOnObject_044,Base,3,30044,baseline,1,Base_ImageOnObject_0044__s3__baseline
430,block-0143,Base_ImageOnObject_0044,ImageOnObject_044,Base,3,30044,temporal,2,Base_ImageOnObject_0044__s3__temporal
431,block-0143,Base_ImageOnObject_0044,ImageOnObject_044,Base,3,30044,current_frame,3,Base_ImageOnObject_0044__s3__current_frame
432,block-0144,Base_ObscuredStop_0047,ObscuredStop_047,Base,2,20047,current_frame,1,Base_ObscuredStop_0047__s2__current_frame
433,block-0144,Base_ObscuredStop_0047,ObscuredStop_047,Base,2,20047,baseline,2,Base_ObscuredStop_0047__s2__baseline
434,block-0144,Base_ObscuredStop_0047,ObscuredStop_047,Base,2,20047,temporal,3,Base_ObscuredStop_0047__s2__temporal
435,block-0145,Base_ObscuredStop_0047,ObscuredStop_047,Base,3,30047,baseline,1,Base_ObscuredStop_0047__s3__baseline
436,block-0145,Base_ObscuredStop_0047,ObscuredStop_047,Base,3,30047,current_frame,2,Base_ObscuredStop_0047__s3__current_frame
437,block-0145,Base_ObscuredStop_0047,ObscuredStop_047,Base,3,30047,temporal,3,Base_ObscuredStop_0047__s3__temporal
438,block-0146,Generalization_PedestriansOnRoad_1087,PedestriansOnRoad_087,Generalization,3,30087,baseline,1,Generalization_PedestriansOnRoad_1087__s3__baseline
439,block-0146,Generalization_PedestriansOnRoad_1087,PedestriansOnRoad_087,Generalization,3,30087,temporal,2,Generalization_PedestriansOnRoad_1087__s3__temporal
440,block-0146,Generalization_PedestriansOnRoad_1087,PedestriansOnRoad_087,Generalization,3,30087,current_frame,3,Generalization_PedestriansOnRoad_1087__s3__current_frame
441,block-0147,Generalization_HardBrake_1035,HardBrake_035,Generalization,2,20035,temporal,1,Generalization_HardBrake_1035__s2__temporal
442,block-0147,Generalization_HardBrake_1035,HardBrake_035,Generalization,2,20035,current_frame,2,Generalization_HardBrake_1035__s2__current_frame
443,block-0147,Generalization_HardBrake_1035,HardBrake_035,Generalization,2,20035,baseline,3,Generalization_HardBrake_1035__s2__baseline
444,block-0148,Generalization_RightConstruction_1090,RightConstruction_090,Generalization,3,30090,temporal,1,Generalization_RightConstruction_1090__s3__temporal
445,block-0148,Generalization_RightConstruction_1090,RightConstruction_090,Generalization,3,30090,baseline,2,Generalization_RightConstruction_1090__s3__baseline
446,block-0148,Generalization_RightConstruction_1090,RightConstruction_090,Generalization,3,30090,current_frame,3,Generalization_RightConstruction_1090__s3__current_frame
447,block-0149,Generalization_RightConstruction_1090,RightConstruction_090,Generalization,1,10090,temporal,1,Generalization_RightConstruction_1090__s1__temporal
448,block-0149,Generalization_RightConstruction_1090,RightConstruction_090,Generalization,1,10090,current_frame,2,Generalization_RightConstruction_1090__s1__current_frame
449,block-0149,Generalization_RightConstruction_1090,RightConstruction_090,Generalization,1,10090,baseline,3,Generalization_RightConstruction_1090__s1__baseline
450,block-0150,Base_PedestriansOnRoad_0085,PedestriansOnRoad_085,Base,3,30085,current_frame,1,Base_PedestriansOnRoad_0085__s3__current_frame
451,block-0150,Base_PedestriansOnRoad_0085,PedestriansOnRoad_085,Base,3,30085,temporal,2,Base_PedestriansOnRoad_0085__s3__temporal
452,block-0150,Base_PedestriansOnRoad_0085,PedestriansOnRoad_085,Base,3,30085,baseline,3,Base_PedestriansOnRoad_0085__s3__baseline
453,block-0151,Generalization_PedestriansOnRoad_1087,PedestriansOnRoad_087,Generalization,1,10087,current_frame,1,Generalization_PedestriansOnRoad_1087__s1__current_frame
454,block-0151,Generalization_PedestriansOnRoad_1087,PedestriansOnRoad_087,Generalization,1,10087,baseline,2,Generalization_PedestriansOnRoad_1087__s1__baseline
455,block-0151,Generalization_PedestriansOnRoad_1087,PedestriansOnRoad_087,Generalization,1,10087,temporal,3,Generalization_PedestriansOnRoad_1087__s1__temporal
456,block-0152,Base_BadParking_0008,BadParking_008,Base,3,30008,temporal,1,Base_BadParking_0008__s3__temporal
457,block-0152,Base_BadParking_0008,BadParking_008,Base,3,30008,current_frame,2,Base_BadParking_0008__s3__current_frame
458,block-0152,Base_BadParking_0008,BadParking_008,Base,3,30008,baseline,3,Base_BadParking_0008__s3__baseline
459,block-0153,Generalization_ConstructionPermutations_1018,ConstructionPermutations_018,Generalization,1,10018,current_frame,1,Generalization_ConstructionPermutations_1018__s1__current_frame
460,block-0153,Generalization_ConstructionPermutations_1018,ConstructionPermutations_018,Generalization,1,10018,baseline,2,Generalization_ConstructionPermutations_1018__s1__baseline
461,block-0153,Generalization_ConstructionPermutations_1018,ConstructionPermutations_018,Generalization,1,10018,temporal,3,Generalization_ConstructionPermutations_1018__s1__temporal
462,block-0154,Generalization_ConstructionPedestrian_1011,ConstructionPedestrian_011,Generalization,1,10011,temporal,1,Generalization_ConstructionPedestrian_1011__s1__temporal
463,block-0154,Generalization_ConstructionPedestrian_1011,ConstructionPedestrian_011,Generalization,1,10011,current_frame,2,Generalization_ConstructionPedestrian_1011__s1__current_frame
464,block-0154,Generalization_ConstructionPedestrian_1011,ConstructionPedestrian_011,Generalization,1,10011,baseline,3,Generalization_ConstructionPedestrian_1011__s1__baseline
465,block-0155,Base_Wall_0097,Wall_097,Base,2,20097,current_frame,1,Base_Wall_0097__s2__current_frame
466,block-0155,Base_Wall_0097,Wall_097,Base,2,20097,temporal,2,Base_Wall_0097__s2__temporal
467,block-0155,Base_Wall_0097,Wall_097,Base,2,20097,baseline,3,Base_Wall_0097__s2__baseline
468,block-0156,Generalization_ImageOnObject_1041,ImageOnObject_041,Generalization,2,20041,temporal,1,Generalization_ImageOnObject_1041__s2__temporal
469,block-0156,Generalization_ImageOnObject_1041,ImageOnObject_041,Generalization,2,20041,current_frame,2,Generalization_ImageOnObject_1041__s2__current_frame
470,block-0156,Generalization_ImageOnObject_1041,ImageOnObject_041,Generalization,2,20041,baseline,3,Generalization_ImageOnObject_1041__s2__baseline
471,block-0157,Generalization_Animals_1077,Animals_077,Generalization,3,30077,current_frame,1,Generalization_Animals_1077__s3__current_frame
472,block-0157,Generalization_Animals_1077,Animals_077,Generalization,3,30077,baseline,2,Generalization_Animals_1077__s3__baseline
473,block-0157,Generalization_Animals_1077,Animals_077,Generalization,3,30077,temporal,3,Generalization_Animals_1077__s3__temporal
474,block-0158,Base_Animals_0084,Animals_084,Base,2,20084,baseline,1,Base_Animals_0084__s2__baseline
475,block-0158,Base_Animals_0084,Animals_084,Base,2,20084,current_frame,2,Base_Animals_0084__s2__current_frame
476,block-0158,Base_Animals_0084,Animals_084,Base,2,20084,temporal,3,Base_Animals_0084__s2__temporal
477,block-0159,Base_PedestrianCrowd_0066,PedestrianCrowd_066,Base,1,10066,baseline,1,Base_PedestrianCrowd_0066__s1__baseline
478,block-0159,Base_PedestrianCrowd_0066,PedestrianCrowd_066,Base,1,10066,current_frame,2,Base_PedestrianCrowd_0066__s1__current_frame
479,block-0159,Base_PedestrianCrowd_0066,PedestrianCrowd_066,Base,1,10066,temporal,3,Base_PedestrianCrowd_0066__s1__temporal
480,block-0160,Base_CustomObstacles_0021,CustomObstacles_021,Base,1,10021,baseline,1,Base_CustomObstacles_0021__s1__baseline
481,block-0160,Base_CustomObstacles_0021,CustomObstacles_021,Base,1,10021,current_frame,2,Base_CustomObstacles_0021__s1__current_frame
482,block-0160,Base_CustomObstacles_0021,CustomObstacles_021,Base,1,10021,temporal,3,Base_CustomObstacles_0021__s1__temporal
483,block-0161,Base_PedestriansOnRoad_0088,PedestriansOnRoad_088,Base,2,20088,baseline,1,Base_PedestriansOnRoad_0088__s2__baseline
484,block-0161,Base_PedestriansOnRoad_0088,PedestriansOnRoad_088,Base,2,20088,current_frame,2,Base_PedestriansOnRoad_0088__s2__current_frame
485,block-0161,Base_PedestriansOnRoad_0088,PedestriansOnRoad_088,Base,2,20088,temporal,3,Base_PedestriansOnRoad_0088__s2__temporal
486,block-0162,Base_RightConstruction_0090,RightConstruction_090,Base,2,20090,temporal,1,Base_RightConstruction_0090__s2__temporal
487,block-0162,Base_RightConstruction_0090,RightConstruction_090,Base,2,20090,baseline,2,Base_RightConstruction_0090__s2__baseline
488,block-0162,Base_RightConstruction_0090,RightConstruction_090,Base,2,20090,current_frame,3,Base_RightConstruction_0090__s2__current_frame
489,block-0163,Base_CustomObstacles_0023,CustomObstacles_023,Base,1,10023,baseline,1,Base_CustomObstacles_0023__s1__baseline
490,block-0163,Base_CustomObstacles_0023,CustomObstacles_023,Base,1,10023,current_frame,2,Base_CustomObstacles_0023__s1__current_frame
491,block-0163,Base_CustomObstacles_0023,CustomObstacles_023,Base,1,10023,temporal,3,Base_CustomObstacles_0023__s1__temporal
492,block-0164,Generalization_Animals_1078,Animals_078,Generalization,2,20078,current_frame,1,Generalization_Animals_1078__s2__current_frame
493,block-0164,Generalization_Animals_1078,Animals_078,Generalization,2,20078,baseline,2,Generalization_Animals_1078__s2__baseline
494,block-0164,Generalization_Animals_1078,Animals_078,Generalization,2,20078,temporal,3,Generalization_Animals_1078__s2__temporal
495,block-0165,Base_PedestrianCrowd_0068,PedestrianCrowd_068,Base,2,20068,current_frame,1,Base_PedestrianCrowd_0068__s2__current_frame
496,block-0165,Base_PedestrianCrowd_0068,PedestrianCrowd_068,Base,2,20068,baseline,2,Base_PedestrianCrowd_0068__s2__baseline
497,block-0165,Base_PedestrianCrowd_0068,PedestrianCrowd_068,Base,2,20068,temporal,3,Base_PedestrianCrowd_0068__s2__temporal
498,block-0166,Base_HardBrake_0039,HardBrake_039,Base,1,10039,baseline,1,Base_HardBrake_0039__s1__baseline
499,block-0166,Base_HardBrake_0039,HardBrake_039,Base,1,10039,current_frame,2,Base_HardBrake_0039__s1__current_frame
500,block-0166,Base_HardBrake_0039,HardBrake_039,Base,1,10039,temporal,3,Base_HardBrake_0039__s1__temporal
501,block-0167,Generalization_Wall_1096,Wall_096,Generalization,1,10096,baseline,1,Generalization_Wall_1096__s1__baseline
502,block-0167,Generalization_Wall_1096,Wall_096,Generalization,1,10096,current_frame,2,Generalization_Wall_1096__s1__current_frame
503,block-0167,Generalization_Wall_1096,Wall_096,Generalization,1,10096,temporal,3,Generalization_Wall_1096__s1__temporal
504,block-0168,Base_ConstructionPedestrian_0012,ConstructionPedestrian_012,Base,2,20012,current_frame,1,Base_ConstructionPedestrian_0012__s2__current_frame
505,block-0168,Base_ConstructionPedestrian_0012,ConstructionPedestrian_012,Base,2,20012,baseline,2,Base_ConstructionPedestrian_0012__s2__baseline
506,block-0168,Base_ConstructionPedestrian_0012,ConstructionPedestrian_012,Base,2,20012,temporal,3,Base_ConstructionPedestrian_0012__s2__temporal
507,block-0169,Generalization_ConstructionPermutations_1017,ConstructionPermutations_017,Generalization,3,30017,temporal,1,Generalization_ConstructionPermutations_1017__s3__temporal
508,block-0169,Generalization_ConstructionPermutations_1017,ConstructionPermutations_017,Generalization,3,30017,current_frame,2,Generalization_ConstructionPermutations_1017__s3__current_frame
509,block-0169,Generalization_ConstructionPermutations_1017,ConstructionPermutations_017,Generalization,3,30017,baseline,3,Generalization_ConstructionPermutations_1017__s3__baseline
510,block-0170,Base_Animals_0079,Animals_079,Base,3,30079,baseline,1,Base_Animals_0079__s3__baseline
511,block-0170,Base_Animals_0079,Animals_079,Base,3,30079,temporal,2,Base_Animals_0079__s3__temporal
512,block-0170,Base_Animals_0079,Animals_079,Base,3,30079,current_frame,3,Base_Animals_0079__s3__current_frame
513,block-0171,Generalization_HardBrake_1039,HardBrake_039,Generalization,2,20039,current_frame,1,Generalization_HardBrake_1039__s2__current_frame
514,block-0171,Generalization_HardBrake_1039,HardBrake_039,Generalization,2,20039,baseline,2,Generalization_HardBrake_1039__s2__baseline
515,block-0171,Generalization_HardBrake_1039,HardBrake_039,Generalization,2,20039,temporal,3,Generalization_HardBrake_1039__s2__temporal
516,block-0172,Generalization_HardBrake_1037,HardBrake_037,Generalization,3,30037,baseline,1,Generalization_HardBrake_1037__s3__baseline
517,block-0172,Generalization_HardBrake_1037,HardBrake_037,Generalization,3,30037,temporal,2,Generalization_HardBrake_1037__s3__temporal
518,block-0172,Generalization_HardBrake_1037,HardBrake_037,Generalization,3,30037,current_frame,3,Generalization_HardBrake_1037__s3__current_frame
519,block-0173,Base_PedestrianOtherBlocker_0073,PedestrianOtherBlocker_073,Base,1,10073,temporal,1,Base_PedestrianOtherBlocker_0073__s1__temporal
520,block-0173,Base_PedestrianOtherBlocker_0073,PedestrianOtherBlocker_073,Base,1,10073,baseline,2,Base_PedestrianOtherBlocker_0073__s1__baseline
521,block-0173,Base_PedestrianOtherBlocker_0073,PedestrianOtherBlocker_073,Base,1,10073,current_frame,3,Base_PedestrianOtherBlocker_0073__s1__current_frame
522,block-0174,Base_PedestrianCrowd_0068,PedestrianCrowd_068,Base,1,10068,current_frame,1,Base_PedestrianCrowd_0068__s1__current_frame
523,block-0174,Base_PedestrianCrowd_0068,PedestrianCrowd_068,Base,1,10068,temporal,2,Base_PedestrianCrowd_0068__s1__temporal
524,block-0174,Base_PedestrianCrowd_0068,PedestrianCrowd_068,Base,1,10068,baseline,3,Base_PedestrianCrowd_0068__s1__baseline
525,block-0175,Generalization_PedestrianCrowd_1066,PedestrianCrowd_066,Generalization,3,30066,temporal,1,Generalization_PedestrianCrowd_1066__s3__temporal
526,block-0175,Generalization_PedestrianCrowd_1066,PedestrianCrowd_066,Generalization,3,30066,current_frame,2,Generalization_PedestrianCrowd_1066__s3__current_frame
527,block-0175,Generalization_PedestrianCrowd_1066,PedestrianCrowd_066,Generalization,3,30066,baseline,3,Generalization_PedestrianCrowd_1066__s3__baseline
528,block-0176,Generalization_ConstructionPedestrian_1011,ConstructionPedestrian_011,Generalization,2,20011,current_frame,1,Generalization_ConstructionPedestrian_1011__s2__current_frame
529,block-0176,Generalization_ConstructionPedestrian_1011,ConstructionPedestrian_011,Generalization,2,20011,baseline,2,Generalization_ConstructionPedestrian_1011__s2__baseline
530,block-0176,Generalization_ConstructionPedestrian_1011,ConstructionPedestrian_011,Generalization,2,20011,temporal,3,Generalization_ConstructionPedestrian_1011__s2__temporal
531,block-0177,Generalization_Wall_1098,Wall_098,Generalization,1,10098,current_frame,1,Generalization_Wall_1098__s1__current_frame
532,block-0177,Generalization_Wall_1098,Wall_098,Generalization,1,10098,baseline,2,Generalization_Wall_1098__s1__baseline
533,block-0177,Generalization_Wall_1098,Wall_098,Generalization,1,10098,temporal,3,Generalization_Wall_1098__s1__temporal
534,block-0178,Generalization_PedestrianOtherBlocker_1073,PedestrianOtherBlocker_073,Generalization,3,30073,current_frame,1,Generalization_PedestrianOtherBlocker_1073__s3__current_frame
535,block-0178,Generalization_PedestrianOtherBlocker_1073,PedestrianOtherBlocker_073,Generalization,3,30073,temporal,2,Generalization_PedestrianOtherBlocker_1073__s3__temporal
536,block-0178,Generalization_PedestrianOtherBlocker_1073,PedestrianOtherBlocker_073,Generalization,3,30073,baseline,3,Generalization_PedestrianOtherBlocker_1073__s3__baseline
537,block-0179,Generalization_ObscuredStop_1048,ObscuredStop_048,Generalization,1,10048,baseline,1,Generalization_ObscuredStop_1048__s1__baseline
538,block-0179,Generalization_ObscuredStop_1048,ObscuredStop_048,Generalization,1,10048,current_frame,2,Generalization_ObscuredStop_1048__s1__current_frame
539,block-0179,Generalization_ObscuredStop_1048,ObscuredStop_048,Generalization,1,10048,temporal,3,Generalization_ObscuredStop_1048__s1__temporal
540,block-0180,Base_CustomObstacles_0029,CustomObstacles_029,Base,3,30029,current_frame,1,Base_CustomObstacles_0029__s3__current_frame
541,block-0180,Base_CustomObstacles_0029,CustomObstacles_029,Base,3,30029,temporal,2,Base_CustomObstacles_0029__s3__temporal
542,block-0180,Base_CustomObstacles_0029,CustomObstacles_029,Base,3,30029,baseline,3,Base_CustomObstacles_0029__s3__baseline
543,block-0181,Generalization_CustomObstacles_1024,CustomObstacles_024,Generalization,1,10024,baseline,1,Generalization_CustomObstacles_1024__s1__baseline
544,block-0181,Generalization_CustomObstacles_1024,CustomObstacles_024,Generalization,1,10024,temporal,2,Generalization_CustomObstacles_1024__s1__temporal
545,block-0181,Generalization_CustomObstacles_1024,CustomObstacles_024,Generalization,1,10024,current_frame,3,Generalization_CustomObstacles_1024__s1__current_frame
546,block-0182,Base_ObscuredStop_0046,ObscuredStop_046,Base,2,20046,temporal,1,Base_ObscuredStop_0046__s2__temporal
547,block-0182,Base_ObscuredStop_0046,ObscuredStop_046,Base,2,20046,baseline,2,Base_ObscuredStop_0046__s2__baseline
548,block-0182,Base_ObscuredStop_0046,ObscuredStop_046,Base,2,20046,current_frame,3,Base_ObscuredStop_0046__s2__current_frame
549,block-0183,Generalization_RightConstruction_1094,RightConstruction_094,Generalization,2,20094,temporal,1,Generalization_RightConstruction_1094__s2__temporal
550,block-0183,Generalization_RightConstruction_1094,RightConstruction_094,Generalization,2,20094,current_frame,2,Generalization_RightConstruction_1094__s2__current_frame
551,block-0183,Generalization_RightConstruction_1094,RightConstruction_094,Generalization,2,20094,baseline,3,Generalization_RightConstruction_1094__s2__baseline
552,block-0184,Base_BadParking_0001,BadParking_001,Base,2,20001,baseline,1,Base_BadParking_0001__s2__baseline
553,block-0184,Base_BadParking_0001,BadParking_001,Base,2,20001,current_frame,2,Base_BadParking_0001__s2__current_frame
554,block-0184,Base_BadParking_0001,BadParking_001,Base,2,20001,temporal,3,Base_BadParking_0001__s2__temporal
555,block-0185,Base_Animals_0082,Animals_082,Base,1,10082,baseline,1,Base_Animals_0082__s1__baseline
556,block-0185,Base_Animals_0082,Animals_082,Base,1,10082,current_frame,2,Base_Animals_0082__s1__current_frame
557,block-0185,Base_Animals_0082,Animals_082,Base,1,10082,temporal,3,Base_Animals_0082__s1__temporal
558,block-0186,Generalization_Wall_1098,Wall_098,Generalization,3,30098,current_frame,1,Generalization_Wall_1098__s3__current_frame
559,block-0186,Generalization_Wall_1098,Wall_098,Generalization,3,30098,temporal,2,Generalization_Wall_1098__s3__temporal
560,block-0186,Generalization_Wall_1098,Wall_098,Generalization,3,30098,baseline,3,Generalization_Wall_1098__s3__baseline
561,block-0187,Generalization_Animals_1081,Animals_081,Generalization,3,30081,current_frame,1,Generalization_Animals_1081__s3__current_frame
562,block-0187,Generalization_Animals_1081,Animals_081,Generalization,3,30081,temporal,2,Generalization_Animals_1081__s3__temporal
563,block-0187,Generalization_Animals_1081,Animals_081,Generalization,3,30081,baseline,3,Generalization_Animals_1081__s3__baseline
564,block-0188,Base_PedestriansOnRoad_0087,PedestriansOnRoad_087,Base,1,10087,current_frame,1,Base_PedestriansOnRoad_0087__s1__current_frame
565,block-0188,Base_PedestriansOnRoad_0087,PedestriansOnRoad_087,Base,1,10087,baseline,2,Base_PedestriansOnRoad_0087__s1__baseline
566,block-0188,Base_PedestriansOnRoad_0087,PedestriansOnRoad_087,Base,1,10087,temporal,3,Base_PedestriansOnRoad_0087__s1__temporal
567,block-0189,Base_BadParking_0004,BadParking_004,Base,3,30004,temporal,1,Base_BadParking_0004__s3__temporal
568,block-0189,Base_BadParking_0004,BadParking_004,Base,3,30004,current_frame,2,Base_BadParking_0004__s3__current_frame
569,block-0189,Base_BadParking_0004,BadParking_004,Base,3,30004,baseline,3,Base_BadParking_0004__s3__baseline
570,block-0190,Generalization_ConstructionPedestrian_1010,ConstructionPedestrian_010,Generalization,1,10010,current_frame,1,Generalization_ConstructionPedestrian_1010__s1__current_frame
571,block-0190,Generalization_ConstructionPedestrian_1010,ConstructionPedestrian_010,Generalization,1,10010,temporal,2,Generalization_ConstructionPedestrian_1010__s1__temporal
572,block-0190,Generalization_ConstructionPedestrian_1010,ConstructionPedestrian_010,Generalization,1,10010,baseline,3,Generalization_ConstructionPedestrian_1010__s1__baseline
573,block-0191,Generalization_Wall_1099,Wall_099,Generalization,2,20099,temporal,1,Generalization_Wall_1099__s2__temporal
574,block-0191,Generalization_Wall_1099,Wall_099,Generalization,2,20099,baseline,2,Generalization_Wall_1099__s2__baseline
575,block-0191,Generalization_Wall_1099,Wall_099,Generalization,2,20099,current_frame,3,Generalization_Wall_1099__s2__current_frame
576,block-0192,Base_RightConstruction_0093,RightConstruction_093,Base,2,20093,baseline,1,Base_RightConstruction_0093__s2__baseline
577,block-0192,Base_RightConstruction_0093,RightConstruction_093,Base,2,20093,current_frame,2,Base_RightConstruction_0093__s2__current_frame
578,block-0192,Base_RightConstruction_0093,RightConstruction_093,Base,2,20093,temporal,3,Base_RightConstruction_0093__s2__temporal
579,block-0193,Base_HardBrake_0039,HardBrake_039,Base,2,20039,temporal,1,Base_HardBrake_0039__s2__temporal
580,block-0193,Base_HardBrake_0039,HardBrake_039,Base,2,20039,current_frame,2,Base_HardBrake_0039__s2__current_frame
581,block-0193,Base_HardBrake_0039,HardBrake_039,Base,2,20039,baseline,3,Base_HardBrake_0039__s2__baseline
582,block-0194,Generalization_OppositeConstruction_1051,OppositeConstruction_051,Generalization,2,20051,temporal,1,Generalization_OppositeConstruction_1051__s2__temporal
583,block-0194,Generalization_OppositeConstruction_1051,OppositeConstruction_051,Generalization,2,20051,baseline,2,Generalization_OppositeConstruction_1051__s2__baseline
584,block-0194,Generalization_OppositeConstruction_1051,OppositeConstruction_051,Generalization,2,20051,current_frame,3,Generalization_OppositeConstruction_1051__s2__current_frame
585,block-0195,Generalization_PedestrianCrowd_1067,PedestrianCrowd_067,Generalization,2,20067,baseline,1,Generalization_PedestrianCrowd_1067__s2__baseline
586,block-0195,Generalization_PedestrianCrowd_1067,PedestrianCrowd_067,Generalization,2,20067,temporal,2,Generalization_PedestrianCrowd_1067__s2__temporal
587,block-0195,Generalization_PedestrianCrowd_1067,PedestrianCrowd_067,Generalization,2,20067,current_frame,3,Generalization_PedestrianCrowd_1067__s2__current_frame
588,block-0196,Generalization_OppositeConstruction_1050,OppositeConstruction_050,Generalization,1,10050,temporal,1,Generalization_OppositeConstruction_1050__s1__temporal
589,block-0196,Generalization_OppositeConstruction_1050,OppositeConstruction_050,Generalization,1,10050,baseline,2,Generalization_OppositeConstruction_1050__s1__baseline
590,block-0196,Generalization_OppositeConstruction_1050,OppositeConstruction_050,Generalization,1,10050,current_frame,3,Generalization_OppositeConstruction_1050__s1__current_frame
591,block-0197,Generalization_HardBrake_1037,HardBrake_037,Generalization,1,10037,temporal,1,Generalization_HardBrake_1037__s1__temporal
592,block-0197,Generalization_HardBrake_1037,HardBrake_037,Generalization,1,10037,current_frame,2,Generalization_HardBrake_1037__s1__current_frame
593,block-0197,Generalization_HardBrake_1037,HardBrake_037,Generalization,1,10037,baseline,3,Generalization_HardBrake_1037__s1__baseline
594,block-0198,Base_RightConstruction_0094,RightConstruction_094,Base,1,10094,baseline,1,Base_RightConstruction_0094__s1__baseline
595,block-0198,Base_RightConstruction_0094,RightConstruction_094,Base,1,10094,current_frame,2,Base_RightConstruction_0094__s1__current_frame
596,block-0198,Base_RightConstruction_0094,RightConstruction_094,Base,1,10094,temporal,3,Base_RightConstruction_0094__s1__temporal
597,block-0199,Generalization_Animals_1076,Animals_076,Generalization,2,20076,current_frame,1,Generalization_Animals_1076__s2__current_frame
598,block-0199,Generalization_Animals_1076,Animals_076,Generalization,2,20076,temporal,2,Generalization_Animals_1076__s2__temporal
599,block-0199,Generalization_Animals_1076,Animals_076,Generalization,2,20076,baseline,3,Generalization_Animals_1076__s2__baseline
600,block-0200,Base_CustomObstacles_0029,CustomObstacles_029,Base,1,10029,current_frame,1,Base_CustomObstacles_0029__s1__current_frame
601,block-0200,Base_CustomObstacles_0029,CustomObstacles_029,Base,1,10029,temporal,2,Base_CustomObstacles_0029__s1__temporal
602,block-0200,Base_CustomObstacles_0029,CustomObstacles_029,Base,1,10029,baseline,3,Base_CustomObstacles_0029__s1__baseline
603,block-0201,Generalization_HardBrake_1037,HardBrake_037,Generalization,2,20037,current_frame,1,Generalization_HardBrake_1037__s2__current_frame
604,block-0201,Generalization_HardBrake_1037,HardBrake_037,Generalization,2,20037,temporal,2,Generalization_HardBrake_1037__s2__temporal
605,block-0201,Generalization_HardBrake_1037,HardBrake_037,Generalization,2,20037,baseline,3,Generalization_HardBrake_1037__s2__baseline
606,block-0202,Base_CustomObstacles_0026,CustomObstacles_026,Base,1,10026,temporal,1,Base_CustomObstacles_0026__s1__temporal
607,block-0202,Base_CustomObstacles_0026,CustomObstacles_026,Base,1,10026,current_frame,2,Base_CustomObstacles_0026__s1__current_frame
608,block-0202,Base_CustomObstacles_0026,CustomObstacles_026,Base,1,10026,baseline,3,Base_CustomObstacles_0026__s1__baseline
609,block-0203,Generalization_PedestriansOnRoad_1088,PedestriansOnRoad_088,Generalization,1,10088,baseline,1,Generalization_PedestriansOnRoad_1088__s1__baseline
610,block-0203,Generalization_PedestriansOnRoad_1088,PedestriansOnRoad_088,Generalization,1,10088,current_frame,2,Generalization_PedestriansOnRoad_1088__s1__current_frame
611,block-0203,Generalization_PedestriansOnRoad_1088,PedestriansOnRoad_088,Generalization,1,10088,temporal,3,Generalization_PedestriansOnRoad_1088__s1__temporal
612,block-0204,Base_Animals_0083,Animals_083,Base,2,20083,baseline,1,Base_Animals_0083__s2__baseline
613,block-0204,Base_Animals_0083,Animals_083,Base,2,20083,current_frame,2,Base_Animals_0083__s2__current_frame
614,block-0204,Base_Animals_0083,Animals_083,Base,2,20083,temporal,3,Base_Animals_0083__s2__temporal
615,block-0205,Generalization_HardBrake_1038,HardBrake_038,Generalization,3,30038,baseline,1,Generalization_HardBrake_1038__s3__baseline
616,block-0205,Generalization_HardBrake_1038,HardBrake_038,Generalization,3,30038,temporal,2,Generalization_HardBrake_1038__s3__temporal
617,block-0205,Generalization_HardBrake_1038,HardBrake_038,Generalization,3,30038,current_frame,3,Generalization_HardBrake_1038__s3__current_frame
618,block-0206,Base_PedestriansOnRoad_0085,PedestriansOnRoad_085,Base,1,10085,baseline,1,Base_PedestriansOnRoad_0085__s1__baseline
619,block-0206,Base_PedestriansOnRoad_0085,PedestriansOnRoad_085,Base,1,10085,current_frame,2,Base_PedestriansOnRoad_0085__s1__current_frame
620,block-0206,Base_PedestriansOnRoad_0085,PedestriansOnRoad_085,Base,1,10085,temporal,3,Base_PedestriansOnRoad_0085__s1__temporal
621,block-0207,Generalization_ConstructionPedestrian_1013,ConstructionPedestrian_013,Generalization,3,30013,current_frame,1,Generalization_ConstructionPedestrian_1013__s3__current_frame
622,block-0207,Generalization_ConstructionPedestrian_1013,ConstructionPedestrian_013,Generalization,3,30013,temporal,2,Generalization_ConstructionPedestrian_1013__s3__temporal
623,block-0207,Generalization_ConstructionPedestrian_1013,ConstructionPedestrian_013,Generalization,3,30013,baseline,3,Generalization_ConstructionPedestrian_1013__s3__baseline
624,block-0208,Base_ObscuredStop_0048,ObscuredStop_048,Base,1,10048,temporal,1,Base_ObscuredStop_0048__s1__temporal
625,block-0208,Base_ObscuredStop_0048,ObscuredStop_048,Base,1,10048,current_frame,2,Base_ObscuredStop_0048__s1__current_frame
626,block-0208,Base_ObscuredStop_0048,ObscuredStop_048,Base,1,10048,baseline,3,Base_ObscuredStop_0048__s1__baseline
627,block-0209,Generalization_CustomObstacles_1023,CustomObstacles_023,Generalization,3,30023,current_frame,1,Generalization_CustomObstacles_1023__s3__current_frame
628,block-0209,Generalization_CustomObstacles_1023,CustomObstacles_023,Generalization,3,30023,temporal,2,Generalization_CustomObstacles_1023__s3__temporal
629,block-0209,Generalization_CustomObstacles_1023,CustomObstacles_023,Generalization,3,30023,baseline,3,Generalization_CustomObstacles_1023__s3__baseline
630,block-0210,Generalization_CustomObstacles_1027,CustomObstacles_027,Generalization,1,10027,baseline,1,Generalization_CustomObstacles_1027__s1__baseline
631,block-0210,Generalization_CustomObstacles_1027,CustomObstacles_027,Generalization,1,10027,temporal,2,Generalization_CustomObstacles_1027__s1__temporal
632,block-0210,Generalization_CustomObstacles_1027,CustomObstacles_027,Generalization,1,10027,current_frame,3,Generalization_CustomObstacles_1027__s1__current_frame
633,block-0211,Base_RightConstruction_0093,RightConstruction_093,Base,1,10093,temporal,1,Base_RightConstruction_0093__s1__temporal
634,block-0211,Base_RightConstruction_0093,RightConstruction_093,Base,1,10093,current_frame,2,Base_RightConstruction_0093__s1__current_frame
635,block-0211,Base_RightConstruction_0093,RightConstruction_093,Base,1,10093,baseline,3,Base_RightConstruction_0093__s1__baseline
636,block-0212,Base_PassableObstacles_0064,PassableObstacles_064,Base,3,30064,baseline,1,Base_PassableObstacles_0064__s3__baseline
637,block-0212,Base_PassableObstacles_0064,PassableObstacles_064,Base,3,30064,current_frame,2,Base_PassableObstacles_0064__s3__current_frame
638,block-0212,Base_PassableObstacles_0064,PassableObstacles_064,Base,3,30064,temporal,3,Base_PassableObstacles_0064__s3__temporal
639,block-0213,Base_CustomObstacles_0027,CustomObstacles_027,Base,1,10027,baseline,1,Base_CustomObstacles_0027__s1__baseline
640,block-0213,Base_CustomObstacles_0027,CustomObstacles_027,Base,1,10027,current_frame,2,Base_CustomObstacles_0027__s1__current_frame
641,block-0213,Base_CustomObstacles_0027,CustomObstacles_027,Base,1,10027,temporal,3,Base_CustomObstacles_0027__s1__temporal
642,block-0214,Base_Wall_0098,Wall_098,Base,3,30098,baseline,1,Base_Wall_0098__s3__baseline
643,block-0214,Base_Wall_0098,Wall_098,Base,3,30098,current_frame,2,Base_Wall_0098__s3__current_frame
644,block-0214,Base_Wall_0098,Wall_098,Base,3,30098,temporal,3,Base_Wall_0098__s3__temporal
645,block-0215,Generalization_PedestrianOtherBlocker_1073,PedestrianOtherBlocker_073,Generalization,1,10073,current_frame,1,Generalization_PedestrianOtherBlocker_1073__s1__current_frame
646,block-0215,Generalization_PedestrianOtherBlocker_1073,PedestrianOtherBlocker_073,Generalization,1,10073,temporal,2,Generalization_PedestrianOtherBlocker_1073__s1__temporal
647,block-0215,Generalization_PedestrianOtherBlocker_1073,PedestrianOtherBlocker_073,Generalization,1,10073,baseline,3,Generalization_PedestrianOtherBlocker_1073__s1__baseline
648,block-0216,Base_CustomObstacles_0024,CustomObstacles_024,Base,3,30024,temporal,1,Base_CustomObstacles_0024__s3__temporal
649,block-0216,Base_CustomObstacles_0024,CustomObstacles_024,Base,3,30024,current_frame,2,Base_CustomObstacles_0024__s3__current_frame
650,block-0216,Base_CustomObstacles_0024,CustomObstacles_024,Base,3,30024,baseline,3,Base_CustomObstacles_0024__s3__baseline
651,block-0217,Generalization_Wall_1099,Wall_099,Generalization,3,30099,baseline,1,Generalization_Wall_1099__s3__baseline
652,block-0217,Generalization_Wall_1099,Wall_099,Generalization,3,30099,temporal,2,Generalization_Wall_1099__s3__temporal
653,block-0217,Generalization_Wall_1099,Wall_099,Generalization,3,30099,current_frame,3,Generalization_Wall_1099__s3__current_frame
654,block-0218,Generalization_ObscuredStop_1049,ObscuredStop_049,Generalization,2,20049,temporal,1,Generalization_ObscuredStop_1049__s2__temporal
655,block-0218,Generalization_ObscuredStop_1049,ObscuredStop_049,Generalization,2,20049,baseline,2,Generalization_ObscuredStop_1049__s2__baseline
656,block-0218,Generalization_ObscuredStop_1049,ObscuredStop_049,Generalization,2,20049,current_frame,3,Generalization_ObscuredStop_1049__s2__current_frame
657,block-0219,Generalization_BadParking_1004,BadParking_004,Generalization,3,30004,temporal,1,Generalization_BadParking_1004__s3__temporal
658,block-0219,Generalization_BadParking_1004,BadParking_004,Generalization,3,30004,baseline,2,Generalization_BadParking_1004__s3__baseline
659,block-0219,Generalization_BadParking_1004,BadParking_004,Generalization,3,30004,current_frame,3,Generalization_BadParking_1004__s3__current_frame
660,block-0220,Base_FullyBlocked_0034,FullyBlocked_034,Base,3,30034,current_frame,1,Base_FullyBlocked_0034__s3__current_frame
661,block-0220,Base_FullyBlocked_0034,FullyBlocked_034,Base,3,30034,baseline,2,Base_FullyBlocked_0034__s3__baseline
662,block-0220,Base_FullyBlocked_0034,FullyBlocked_034,Base,3,30034,temporal,3,Base_FullyBlocked_0034__s3__temporal
663,block-0221,Generalization_OppositeConstruction_1053,OppositeConstruction_053,Generalization,1,10053,temporal,1,Generalization_OppositeConstruction_1053__s1__temporal
664,block-0221,Generalization_OppositeConstruction_1053,OppositeConstruction_053,Generalization,1,10053,baseline,2,Generalization_OppositeConstruction_1053__s1__baseline
665,block-0221,Generalization_OppositeConstruction_1053,OppositeConstruction_053,Generalization,1,10053,current_frame,3,Generalization_OppositeConstruction_1053__s1__current_frame
666,block-0222,Generalization_BadParking_1002,BadParking_002,Generalization,1,10002,current_frame,1,Generalization_BadParking_1002__s1__current_frame
667,block-0222,Generalization_BadParking_1002,BadParking_002,Generalization,1,10002,temporal,2,Generalization_BadParking_1002__s1__temporal
668,block-0222,Generalization_BadParking_1002,BadParking_002,Generalization,1,10002,baseline,3,Generalization_BadParking_1002__s1__baseline
669,block-0223,Generalization_PedestrianOtherBlocker_1074,PedestrianOtherBlocker_074,Generalization,1,10074,current_frame,1,Generalization_PedestrianOtherBlocker_1074__s1__current_frame
670,block-0223,Generalization_PedestrianOtherBlocker_1074,PedestrianOtherBlocker_074,Generalization,1,10074,baseline,2,Generalization_PedestrianOtherBlocker_1074__s1__baseline
671,block-0223,Generalization_PedestrianOtherBlocker_1074,PedestrianOtherBlocker_074,Generalization,1,10074,temporal,3,Generalization_PedestrianOtherBlocker_1074__s1__temporal
672,block-0224,Base_Wall_0099,Wall_099,Base,1,10099,temporal,1,Base_Wall_0099__s1__temporal
673,block-0224,Base_Wall_0099,Wall_099,Base,1,10099,current_frame,2,Base_Wall_0099__s1__current_frame
674,block-0224,Base_Wall_0099,Wall_099,Base,1,10099,baseline,3,Base_Wall_0099__s1__baseline
675,block-0225,Base_ConstructionPermutations_0016,ConstructionPermutations_016,Base,3,30016,current_frame,1,Base_ConstructionPermutations_0016__s3__current_frame
676,block-0225,Base_ConstructionPermutations_0016,ConstructionPermutations_016,Base,3,30016,baseline,2,Base_ConstructionPermutations_0016__s3__baseline
677,block-0225,Base_ConstructionPermutations_0016,ConstructionPermutations_016,Base,3,30016,temporal,3,Base_ConstructionPermutations_0016__s3__temporal
678,block-0226,Base_Animals_0077,Animals_077,Base,1,10077,baseline,1,Base_Animals_0077__s1__baseline
679,block-0226,Base_Animals_0077,Animals_077,Base,1,10077,temporal,2,Base_Animals_0077__s1__temporal
680,block-0226,Base_Animals_0077,Animals_077,Base,1,10077,current_frame,3,Base_Animals_0077__s1__current_frame
681,block-0227,Base_ConstructionPermutations_0019,ConstructionPermutations_019,Base,2,20019,baseline,1,Base_ConstructionPermutations_0019__s2__baseline
682,block-0227,Base_ConstructionPermutations_0019,ConstructionPermutations_019,Base,2,20019,current_frame,2,Base_ConstructionPermutations_0019__s2__current_frame
683,block-0227,Base_ConstructionPermutations_0019,ConstructionPermutations_019,Base,2,20019,temporal,3,Base_ConstructionPermutations_0019__s2__temporal
684,block-0228,Generalization_OppositeConstruction_1052,OppositeConstruction_052,Generalization,1,10052,baseline,1,Generalization_OppositeConstruction_1052__s1__baseline
685,block-0228,Generalization_OppositeConstruction_1052,OppositeConstruction_052,Generalization,1,10052,temporal,2,Generalization_OppositeConstruction_1052__s1__temporal
686,block-0228,Generalization_OppositeConstruction_1052,OppositeConstruction_052,Generalization,1,10052,current_frame,3,Generalization_OppositeConstruction_1052__s1__current_frame
687,block-0229,Base_ConstructionPermutations_0017,ConstructionPermutations_017,Base,1,10017,current_frame,1,Base_ConstructionPermutations_0017__s1__current_frame
688,block-0229,Base_ConstructionPermutations_0017,ConstructionPermutations_017,Base,1,10017,baseline,2,Base_ConstructionPermutations_0017__s1__baseline
689,block-0229,Base_ConstructionPermutations_0017,ConstructionPermutations_017,Base,1,10017,temporal,3,Base_ConstructionPermutations_0017__s1__temporal
690,block-0230,Generalization_FullyBlocked_1031,FullyBlocked_031,Generalization,2,20031,temporal,1,Generalization_FullyBlocked_1031__s2__temporal
691,block-0230,Generalization_FullyBlocked_1031,FullyBlocked_031,Generalization,2,20031,current_frame,2,Generalization_FullyBlocked_1031__s2__current_frame
692,block-0230,Generalization_FullyBlocked_1031,FullyBlocked_031,Generalization,2,20031,baseline,3,Generalization_FullyBlocked_1031__s2__baseline
693,block-0231,Generalization_ConstructionPedestrian_1012,ConstructionPedestrian_012,Generalization,3,30012,temporal,1,Generalization_ConstructionPedestrian_1012__s3__temporal
694,block-0231,Generalization_ConstructionPedestrian_1012,ConstructionPedestrian_012,Generalization,3,30012,current_frame,2,Generalization_ConstructionPedestrian_1012__s3__current_frame
695,block-0231,Generalization_ConstructionPedestrian_1012,ConstructionPedestrian_012,Generalization,3,30012,baseline,3,Generalization_ConstructionPedestrian_1012__s3__baseline
696,block-0232,Generalization_ObscuredStop_1047,ObscuredStop_047,Generalization,1,10047,baseline,1,Generalization_ObscuredStop_1047__s1__baseline
697,block-0232,Generalization_ObscuredStop_1047,ObscuredStop_047,Generalization,1,10047,current_frame,2,Generalization_ObscuredStop_1047__s1__current_frame
698,block-0232,Generalization_ObscuredStop_1047,ObscuredStop_047,Generalization,1,10047,temporal,3,Generalization_ObscuredStop_1047__s1__temporal
699,block-0233,Generalization_ImageOnObject_1040,ImageOnObject_040,Generalization,2,20040,current_frame,1,Generalization_ImageOnObject_1040__s2__current_frame
700,block-0233,Generalization_ImageOnObject_1040,ImageOnObject_040,Generalization,2,20040,temporal,2,Generalization_ImageOnObject_1040__s2__temporal
701,block-0233,Generalization_ImageOnObject_1040,ImageOnObject_040,Generalization,2,20040,baseline,3,Generalization_ImageOnObject_1040__s2__baseline
702,block-0234,Base_CustomObstacles_0028,CustomObstacles_028,Base,2,20028,current_frame,1,Base_CustomObstacles_0028__s2__current_frame
703,block-0234,Base_CustomObstacles_0028,CustomObstacles_028,Base,2,20028,temporal,2,Base_CustomObstacles_0028__s2__temporal
704,block-0234,Base_CustomObstacles_0028,CustomObstacles_028,Base,2,20028,baseline,3,Base_CustomObstacles_0028__s2__baseline
705,block-0235,Generalization_Wall_1097,Wall_097,Generalization,3,30097,current_frame,1,Generalization_Wall_1097__s3__current_frame
706,block-0235,Generalization_Wall_1097,Wall_097,Generalization,3,30097,temporal,2,Generalization_Wall_1097__s3__temporal
707,block-0235,Generalization_Wall_1097,Wall_097,Generalization,3,30097,baseline,3,Generalization_Wall_1097__s3__baseline
708,block-0236,Base_CustomObstacles_0022,CustomObstacles_022,Base,1,10022,temporal,1,Base_CustomObstacles_0022__s1__temporal
709,block-0236,Base_CustomObstacles_0022,CustomObstacles_022,Base,1,10022,baseline,2,Base_CustomObstacles_0022__s1__baseline
710,block-0236,Base_CustomObstacles_0022,CustomObstacles_022,Base,1,10022,current_frame,3,Base_CustomObstacles_0022__s1__current_frame
711,block-0237,Generalization_RightConstruction_1094,RightConstruction_094,Generalization,1,10094,current_frame,1,Generalization_RightConstruction_1094__s1__current_frame
712,block-0237,Generalization_RightConstruction_1094,RightConstruction_094,Generalization,1,10094,baseline,2,Generalization_RightConstruction_1094__s1__baseline
713,block-0237,Generalization_RightConstruction_1094,RightConstruction_094,Generalization,1,10094,temporal,3,Generalization_RightConstruction_1094__s1__temporal
714,block-0238,Generalization_RightOfWay_1055,RightOfWay_055,Generalization,2,20055,temporal,1,Generalization_RightOfWay_1055__s2__temporal
715,block-0238,Generalization_RightOfWay_1055,RightOfWay_055,Generalization,2,20055,current_frame,2,Generalization_RightOfWay_1055__s2__current_frame
716,block-0238,Generalization_RightOfWay_1055,RightOfWay_055,Generalization,2,20055,baseline,3,Generalization_RightOfWay_1055__s2__baseline
717,block-0239,Generalization_RightOfWay_1058,RightOfWay_058,Generalization,3,30058,current_frame,1,Generalization_RightOfWay_1058__s3__current_frame
718,block-0239,Generalization_RightOfWay_1058,RightOfWay_058,Generalization,3,30058,baseline,2,Generalization_RightOfWay_1058__s3__baseline
719,block-0239,Generalization_RightOfWay_1058,RightOfWay_058,Generalization,3,30058,temporal,3,Generalization_RightOfWay_1058__s3__temporal
720,block-0240,Generalization_CustomObstacles_1029,CustomObstacles_029,Generalization,2,20029,baseline,1,Generalization_CustomObstacles_1029__s2__baseline
721,block-0240,Generalization_CustomObstacles_1029,CustomObstacles_029,Generalization,2,20029,temporal,2,Generalization_CustomObstacles_1029__s2__temporal
722,block-0240,Generalization_CustomObstacles_1029,CustomObstacles_029,Generalization,2,20029,current_frame,3,Generalization_CustomObstacles_1029__s2__current_frame
723,block-0241,Generalization_CustomObstacles_1025,CustomObstacles_025,Generalization,3,30025,temporal,1,Generalization_CustomObstacles_1025__s3__temporal
724,block-0241,Generalization_CustomObstacles_1025,CustomObstacles_025,Generalization,3,30025,current_frame,2,Generalization_CustomObstacles_1025__s3__current_frame
725,block-0241,Generalization_CustomObstacles_1025,CustomObstacles_025,Generalization,3,30025,baseline,3,Generalization_CustomObstacles_1025__s3__baseline
726,block-0242,Generalization_PassableObstacles_1060,PassableObstacles_060,Generalization,1,10060,baseline,1,Generalization_PassableObstacles_1060__s1__baseline
727,block-0242,Generalization_PassableObstacles_1060,PassableObstacles_060,Generalization,1,10060,current_frame,2,Generalization_PassableObstacles_1060__s1__current_frame
728,block-0242,Generalization_PassableObstacles_1060,PassableObstacles_060,Generalization,1,10060,temporal,3,Generalization_PassableObstacles_1060__s1__temporal
729,block-0243,Generalization_ObscuredStop_1049,ObscuredStop_049,Generalization,1,10049,current_frame,1,Generalization_ObscuredStop_1049__s1__current_frame
730,block-0243,Generalization_ObscuredStop_1049,ObscuredStop_049,Generalization,1,10049,temporal,2,Generalization_ObscuredStop_1049__s1__temporal
731,block-0243,Generalization_ObscuredStop_1049,ObscuredStop_049,Generalization,1,10049,baseline,3,Generalization_ObscuredStop_1049__s1__baseline
732,block-0244,Base_ConstructionPermutations_0018,ConstructionPermutations_018,Base,1,10018,temporal,1,Base_ConstructionPermutations_0018__s1__temporal
733,block-0244,Base_ConstructionPermutations_0018,ConstructionPermutations_018,Base,1,10018,baseline,2,Base_ConstructionPermutations_0018__s1__baseline
734,block-0244,Base_ConstructionPermutations_0018,ConstructionPermutations_018,Base,1,10018,current_frame,3,Base_ConstructionPermutations_0018__s1__current_frame
735,block-0245,Generalization_ImageOnObject_1043,ImageOnObject_043,Generalization,1,10043,temporal,1,Generalization_ImageOnObject_1043__s1__temporal
736,block-0245,Generalization_ImageOnObject_1043,ImageOnObject_043,Generalization,1,10043,current_frame,2,Generalization_ImageOnObject_1043__s1__current_frame
737,block-0245,Generalization_ImageOnObject_1043,ImageOnObject_043,Generalization,1,10043,baseline,3,Generalization_ImageOnObject_1043__s1__baseline
738,block-0246,Base_HardBrake_0039,HardBrake_039,Base,3,30039,temporal,1,Base_HardBrake_0039__s3__temporal
739,block-0246,Base_HardBrake_0039,HardBrake_039,Base,3,30039,current_frame,2,Base_HardBrake_0039__s3__current_frame
740,block-0246,Base_HardBrake_0039,HardBrake_039,Base,3,30039,baseline,3,Base_HardBrake_0039__s3__baseline
741,block-0247,Generalization_Animals_1078,Animals_078,Generalization,1,10078,temporal,1,Generalization_Animals_1078__s1__temporal
742,block-0247,Generalization_Animals_1078,Animals_078,Generalization,1,10078,current_frame,2,Generalization_Animals_1078__s1__current_frame
743,block-0247,Generalization_Animals_1078,Animals_078,Generalization,1,10078,baseline,3,Generalization_Animals_1078__s1__baseline
744,block-0248,Base_ObscuredStop_0048,ObscuredStop_048,Base,3,30048,current_frame,1,Base_ObscuredStop_0048__s3__current_frame
745,block-0248,Base_ObscuredStop_0048,ObscuredStop_048,Base,3,30048,baseline,2,Base_ObscuredStop_0048__s3__baseline
746,block-0248,Base_ObscuredStop_0048,ObscuredStop_048,Base,3,30048,temporal,3,Base_ObscuredStop_0048__s3__temporal
747,block-0249,Base_FullyBlocked_0032,FullyBlocked_032,Base,2,20032,baseline,1,Base_FullyBlocked_0032__s2__baseline
748,block-0249,Base_FullyBlocked_0032,FullyBlocked_032,Base,2,20032,current_frame,2,Base_FullyBlocked_0032__s2__current_frame
749,block-0249,Base_FullyBlocked_0032,FullyBlocked_032,Base,2,20032,temporal,3,Base_FullyBlocked_0032__s2__temporal
750,block-0250,Generalization_ConstructionPermutations_1019,ConstructionPermutations_019,Generalization,1,10019,temporal,1,Generalization_ConstructionPermutations_1019__s1__temporal
751,block-0250,Generalization_ConstructionPermutations_1019,ConstructionPermutations_019,Generalization,1,10019,baseline,2,Generalization_ConstructionPermutations_1019__s1__baseline
752,block-0250,Generalization_ConstructionPermutations_1019,ConstructionPermutations_019,Generalization,1,10019,current_frame,3,Generalization_ConstructionPermutations_1019__s1__current_frame
753,block-0251,Base_RightConstruction_0093,RightConstruction_093,Base,3,30093,current_frame,1,Base_RightConstruction_0093__s3__current_frame
754,block-0251,Base_RightConstruction_0093,RightConstruction_093,Base,3,30093,temporal,2,Base_RightConstruction_0093__s3__temporal
755,block-0251,Base_RightConstruction_0093,RightConstruction_093,Base,3,30093,baseline,3,Base_RightConstruction_0093__s3__baseline
756,block-0252,Generalization_BadParking_1007,BadParking_007,Generalization,2,20007,current_frame,1,Generalization_BadParking_1007__s2__current_frame
757,block-0252,Generalization_BadParking_1007,BadParking_007,Generalization,2,20007,baseline,2,Generalization_BadParking_1007__s2__baseline
758,block-0252,Generalization_BadParking_1007,BadParking_007,Generalization,2,20007,temporal,3,Generalization_BadParking_1007__s2__temporal
759,block-0253,Generalization_ConstructionPermutations_1017,ConstructionPermutations_017,Generalization,2,20017,current_frame,1,Generalization_ConstructionPermutations_1017__s2__current_frame
760,block-0253,Generalization_ConstructionPermutations_1017,ConstructionPermutations_017,Generalization,2,20017,baseline,2,Generalization_ConstructionPermutations_1017__s2__baseline
761,block-0253,Generalization_ConstructionPermutations_1017,ConstructionPermutations_017,Generalization,2,20017,temporal,3,Generalization_ConstructionPermutations_1017__s2__temporal
762,block-0254,Base_CustomObstacles_0023,CustomObstacles_023,Base,2,20023,temporal,1,Base_CustomObstacles_0023__s2__temporal
763,block-0254,Base_CustomObstacles_0023,CustomObstacles_023,Base,2,20023,current_frame,2,Base_CustomObstacles_0023__s2__current_frame
764,block-0254,Base_CustomObstacles_0023,CustomObstacles_023,Base,2,20023,baseline,3,Base_CustomObstacles_0023__s2__baseline
765,block-0255,Generalization_BadParking_1005,BadParking_005,Generalization,1,10005,temporal,1,Generalization_BadParking_1005__s1__temporal
766,block-0255,Generalization_BadParking_1005,BadParking_005,Generalization,1,10005,baseline,2,Generalization_BadParking_1005__s1__baseline
767,block-0255,Generalization_BadParking_1005,BadParking_005,Generalization,1,10005,current_frame,3,Generalization_BadParking_1005__s1__current_frame
768,block-0256,Generalization_OppositeConstruction_1053,OppositeConstruction_053,Generalization,2,20053,current_frame,1,Generalization_OppositeConstruction_1053__s2__current_frame
769,block-0256,Generalization_OppositeConstruction_1053,OppositeConstruction_053,Generalization,2,20053,baseline,2,Generalization_OppositeConstruction_1053__s2__baseline
770,block-0256,Generalization_OppositeConstruction_1053,OppositeConstruction_053,Generalization,2,20053,temporal,3,Generalization_OppositeConstruction_1053__s2__temporal
771,block-0257,Generalization_ConstructionPedestrian_1010,ConstructionPedestrian_010,Generalization,2,20010,temporal,1,Generalization_ConstructionPedestrian_1010__s2__temporal
772,block-0257,Generalization_ConstructionPedestrian_1010,ConstructionPedestrian_010,Generalization,2,20010,baseline,2,Generalization_ConstructionPedestrian_1010__s2__baseline
773,block-0257,Generalization_ConstructionPedestrian_1010,ConstructionPedestrian_010,Generalization,2,20010,current_frame,3,Generalization_ConstructionPedestrian_1010__s2__current_frame
774,block-0258,Base_PedestrianOtherBlocker_0072,PedestrianOtherBlocker_072,Base,3,30072,temporal,1,Base_PedestrianOtherBlocker_0072__s3__temporal
775,block-0258,Base_PedestrianOtherBlocker_0072,PedestrianOtherBlocker_072,Base,3,30072,current_frame,2,Base_PedestrianOtherBlocker_0072__s3__current_frame
776,block-0258,Base_PedestrianOtherBlocker_0072,PedestrianOtherBlocker_072,Base,3,30072,baseline,3,Base_PedestrianOtherBlocker_0072__s3__baseline
777,block-0259,Generalization_BadParking_1005,BadParking_005,Generalization,2,20005,temporal,1,Generalization_BadParking_1005__s2__temporal
778,block-0259,Generalization_BadParking_1005,BadParking_005,Generalization,2,20005,baseline,2,Generalization_BadParking_1005__s2__baseline
779,block-0259,Generalization_BadParking_1005,BadParking_005,Generalization,2,20005,current_frame,3,Generalization_BadParking_1005__s2__current_frame
780,block-0260,Base_BadParking_0003,BadParking_003,Base,1,10003,temporal,1,Base_BadParking_0003__s1__temporal
781,block-0260,Base_BadParking_0003,BadParking_003,Base,1,10003,current_frame,2,Base_BadParking_0003__s1__current_frame
782,block-0260,Base_BadParking_0003,BadParking_003,Base,1,10003,baseline,3,Base_BadParking_0003__s1__baseline
783,block-0261,Base_Animals_0080,Animals_080,Base,3,30080,temporal,1,Base_Animals_0080__s3__temporal
784,block-0261,Base_Animals_0080,Animals_080,Base,3,30080,baseline,2,Base_Animals_0080__s3__baseline
785,block-0261,Base_Animals_0080,Animals_080,Base,3,30080,current_frame,3,Base_Animals_0080__s3__current_frame
786,block-0262,Generalization_ConstructionPermutations_1019,ConstructionPermutations_019,Generalization,2,20019,temporal,1,Generalization_ConstructionPermutations_1019__s2__temporal
787,block-0262,Generalization_ConstructionPermutations_1019,ConstructionPermutations_019,Generalization,2,20019,baseline,2,Generalization_ConstructionPermutations_1019__s2__baseline
788,block-0262,Generalization_ConstructionPermutations_1019,ConstructionPermutations_019,Generalization,2,20019,current_frame,3,Generalization_ConstructionPermutations_1019__s2__current_frame
789,block-0263,Base_PedestrianCrowd_0069,PedestrianCrowd_069,Base,2,20069,current_frame,1,Base_PedestrianCrowd_0069__s2__current_frame
790,block-0263,Base_PedestrianCrowd_0069,PedestrianCrowd_069,Base,2,20069,baseline,2,Base_PedestrianCrowd_0069__s2__baseline
791,block-0263,Base_PedestrianCrowd_0069,PedestrianCrowd_069,Base,2,20069,temporal,3,Base_PedestrianCrowd_0069__s2__temporal
792,block-0264,Base_PedestrianCrowd_0069,PedestrianCrowd_069,Base,3,30069,temporal,1,Base_PedestrianCrowd_0069__s3__temporal
793,block-0264,Base_PedestrianCrowd_0069,PedestrianCrowd_069,Base,3,30069,baseline,2,Base_PedestrianCrowd_0069__s3__baseline
794,block-0264,Base_PedestrianCrowd_0069,PedestrianCrowd_069,Base,3,30069,current_frame,3,Base_PedestrianCrowd_0069__s3__current_frame
795,block-0265,Base_FullyBlocked_0034,FullyBlocked_034,Base,1,10034,temporal,1,Base_FullyBlocked_0034__s1__temporal
796,block-0265,Base_FullyBlocked_0034,FullyBlocked_034,Base,1,10034,baseline,2,Base_FullyBlocked_0034__s1__baseline
797,block-0265,Base_FullyBlocked_0034,FullyBlocked_034,Base,1,10034,current_frame,3,Base_FullyBlocked_0034__s1__current_frame
798,block-0266,Generalization_ImageOnObject_1041,ImageOnObject_041,Generalization,3,30041,temporal,1,Generalization_ImageOnObject_1041__s3__temporal
799,block-0266,Generalization_ImageOnObject_1041,ImageOnObject_041,Generalization,3,30041,current_frame,2,Generalization_ImageOnObject_1041__s3__current_frame
800,block-0266,Generalization_ImageOnObject_1041,ImageOnObject_041,Generalization,3,30041,baseline,3,Generalization_ImageOnObject_1041__s3__baseline
801,block-0267,Base_FullyBlocked_0031,FullyBlocked_031,Base,2,20031,baseline,1,Base_FullyBlocked_0031__s2__baseline
802,block-0267,Base_FullyBlocked_0031,FullyBlocked_031,Base,2,20031,current_frame,2,Base_FullyBlocked_0031__s2__current_frame
803,block-0267,Base_FullyBlocked_0031,FullyBlocked_031,Base,2,20031,temporal,3,Base_FullyBlocked_0031__s2__temporal
804,block-0268,Base_OppositeConstruction_0052,OppositeConstruction_052,Base,1,10052,baseline,1,Base_OppositeConstruction_0052__s1__baseline
805,block-0268,Base_OppositeConstruction_0052,OppositeConstruction_052,Base,1,10052,temporal,2,Base_OppositeConstruction_0052__s1__temporal
806,block-0268,Base_OppositeConstruction_0052,OppositeConstruction_052,Base,1,10052,current_frame,3,Base_OppositeConstruction_0052__s1__current_frame
807,block-0269,Generalization_FullyBlocked_1031,FullyBlocked_031,Generalization,3,30031,current_frame,1,Generalization_FullyBlocked_1031__s3__current_frame
808,block-0269,Generalization_FullyBlocked_1031,FullyBlocked_031,Generalization,3,30031,temporal,2,Generalization_FullyBlocked_1031__s3__temporal
809,block-0269,Generalization_FullyBlocked_1031,FullyBlocked_031,Generalization,3,30031,baseline,3,Generalization_FullyBlocked_1031__s3__baseline
810,block-0270,Generalization_Animals_1077,Animals_077,Generalization,1,10077,current_frame,1,Generalization_Animals_1077__s1__current_frame
811,block-0270,Generalization_Animals_1077,Animals_077,Generalization,1,10077,temporal,2,Generalization_Animals_1077__s1__temporal
812,block-0270,Generalization_Animals_1077,Animals_077,Generalization,1,10077,baseline,3,Generalization_Animals_1077__s1__baseline
813,block-0271,Generalization_RightConstruction_1094,RightConstruction_094,Generalization,3,30094,current_frame,1,Generalization_RightConstruction_1094__s3__current_frame
814,block-0271,Generalization_RightConstruction_1094,RightConstruction_094,Generalization,3,30094,temporal,2,Generalization_RightConstruction_1094__s3__temporal
815,block-0271,Generalization_RightConstruction_1094,RightConstruction_094,Generalization,3,30094,baseline,3,Generalization_RightConstruction_1094__s3__baseline
816,block-0272,Base_RightConstruction_0090,RightConstruction_090,Base,1,10090,baseline,1,Base_RightConstruction_0090__s1__baseline
817,block-0272,Base_RightConstruction_0090,RightConstruction_090,Base,1,10090,current_frame,2,Base_RightConstruction_0090__s1__current_frame
818,block-0272,Base_RightConstruction_0090,RightConstruction_090,Base,1,10090,temporal,3,Base_RightConstruction_0090__s1__temporal
819,block-0273,Generalization_Wall_1095,Wall_095,Generalization,1,10095,temporal,1,Generalization_Wall_1095__s1__temporal
820,block-0273,Generalization_Wall_1095,Wall_095,Generalization,1,10095,baseline,2,Generalization_Wall_1095__s1__baseline
821,block-0273,Generalization_Wall_1095,Wall_095,Generalization,1,10095,current_frame,3,Generalization_Wall_1095__s1__current_frame
822,block-0274,Base_Wall_0096,Wall_096,Base,2,20096,baseline,1,Base_Wall_0096__s2__baseline
823,block-0274,Base_Wall_0096,Wall_096,Base,2,20096,temporal,2,Base_Wall_0096__s2__temporal
824,block-0274,Base_Wall_0096,Wall_096,Base,2,20096,current_frame,3,Base_Wall_0096__s2__current_frame
825,block-0275,Generalization_PassableObstacles_1063,PassableObstacles_063,Generalization,3,30063,current_frame,1,Generalization_PassableObstacles_1063__s3__current_frame
826,block-0275,Generalization_PassableObstacles_1063,PassableObstacles_063,Generalization,3,30063,temporal,2,Generalization_PassableObstacles_1063__s3__temporal
827,block-0275,Generalization_PassableObstacles_1063,PassableObstacles_063,Generalization,3,30063,baseline,3,Generalization_PassableObstacles_1063__s3__baseline
828,block-0276,Generalization_FullyBlocked_1033,FullyBlocked_033,Generalization,2,20033,current_frame,1,Generalization_FullyBlocked_1033__s2__current_frame
829,block-0276,Generalization_FullyBlocked_1033,FullyBlocked_033,Generalization,2,20033,baseline,2,Generalization_FullyBlocked_1033__s2__baseline
830,block-0276,Generalization_FullyBlocked_1033,FullyBlocked_033,Generalization,2,20033,temporal,3,Generalization_FullyBlocked_1033__s2__temporal
831,block-0277,Generalization_BadParking_1009,BadParking_009,Generalization,1,10009,temporal,1,Generalization_BadParking_1009__s1__temporal
832,block-0277,Generalization_BadParking_1009,BadParking_009,Generalization,1,10009,current_frame,2,Generalization_BadParking_1009__s1__current_frame
833,block-0277,Generalization_BadParking_1009,BadParking_009,Generalization,1,10009,baseline,3,Generalization_BadParking_1009__s1__baseline
834,block-0278,Base_PassableObstacles_0064,PassableObstacles_064,Base,1,10064,temporal,1,Base_PassableObstacles_0064__s1__temporal
835,block-0278,Base_PassableObstacles_0064,PassableObstacles_064,Base,1,10064,current_frame,2,Base_PassableObstacles_0064__s1__current_frame
836,block-0278,Base_PassableObstacles_0064,PassableObstacles_064,Base,1,10064,baseline,3,Base_PassableObstacles_0064__s1__baseline
837,block-0279,Base_Wall_0098,Wall_098,Base,1,10098,current_frame,1,Base_Wall_0098__s1__current_frame
838,block-0279,Base_Wall_0098,Wall_098,Base,1,10098,temporal,2,Base_Wall_0098__s1__temporal
839,block-0279,Base_Wall_0098,Wall_098,Base,1,10098,baseline,3,Base_Wall_0098__s1__baseline
840,block-0280,Generalization_PedestriansOnRoad_1085,PedestriansOnRoad_085,Generalization,2,20085,baseline,1,Generalization_PedestriansOnRoad_1085__s2__baseline
841,block-0280,Generalization_PedestriansOnRoad_1085,PedestriansOnRoad_085,Generalization,2,20085,temporal,2,Generalization_PedestriansOnRoad_1085__s2__temporal
842,block-0280,Generalization_PedestriansOnRoad_1085,PedestriansOnRoad_085,Generalization,2,20085,current_frame,3,Generalization_PedestriansOnRoad_1085__s2__current_frame
843,block-0281,Generalization_RightConstruction_1092,RightConstruction_092,Generalization,2,20092,current_frame,1,Generalization_RightConstruction_1092__s2__current_frame
844,block-0281,Generalization_RightConstruction_1092,RightConstruction_092,Generalization,2,20092,temporal,2,Generalization_RightConstruction_1092__s2__temporal
845,block-0281,Generalization_RightConstruction_1092,RightConstruction_092,Generalization,2,20092,baseline,3,Generalization_RightConstruction_1092__s2__baseline
846,block-0282,Base_BadParking_0006,BadParking_006,Base,1,10006,current_frame,1,Base_BadParking_0006__s1__current_frame
847,block-0282,Base_BadParking_0006,BadParking_006,Base,1,10006,temporal,2,Base_BadParking_0006__s1__temporal
848,block-0282,Base_BadParking_0006,BadParking_006,Base,1,10006,baseline,3,Base_BadParking_0006__s1__baseline
849,block-0283,Generalization_ConstructionPedestrian_1013,ConstructionPedestrian_013,Generalization,2,20013,baseline,1,Generalization_ConstructionPedestrian_1013__s2__baseline
850,block-0283,Generalization_ConstructionPedestrian_1013,ConstructionPedestrian_013,Generalization,2,20013,temporal,2,Generalization_ConstructionPedestrian_1013__s2__temporal
851,block-0283,Generalization_ConstructionPedestrian_1013,ConstructionPedestrian_013,Generalization,2,20013,current_frame,3,Generalization_ConstructionPedestrian_1013__s2__current_frame
852,block-0284,Base_ImageOnObject_0043,ImageOnObject_043,Base,1,10043,current_frame,1,Base_ImageOnObject_0043__s1__current_frame
853,block-0284,Base_ImageOnObject_0043,ImageOnObject_043,Base,1,10043,temporal,2,Base_ImageOnObject_0043__s1__temporal
854,block-0284,Base_ImageOnObject_0043,ImageOnObject_043,Base,1,10043,baseline,3,Base_ImageOnObject_0043__s1__baseline
855,block-0285,Generalization_OppositeConstruction_1051,OppositeConstruction_051,Generalization,1,10051,temporal,1,Generalization_OppositeConstruction_1051__s1__temporal
856,block-0285,Generalization_OppositeConstruction_1051,OppositeConstruction_051,Generalization,1,10051,baseline,2,Generalization_OppositeConstruction_1051__s1__baseline
857,block-0285,Generalization_OppositeConstruction_1051,OppositeConstruction_051,Generalization,1,10051,current_frame,3,Generalization_OppositeConstruction_1051__s1__current_frame
858,block-0286,Generalization_RightOfWay_1058,RightOfWay_058,Generalization,1,10058,temporal,1,Generalization_RightOfWay_1058__s1__temporal
859,block-0286,Generalization_RightOfWay_1058,RightOfWay_058,Generalization,1,10058,current_frame,2,Generalization_RightOfWay_1058__s1__current_frame
860,block-0286,Generalization_RightOfWay_1058,RightOfWay_058,Generalization,1,10058,baseline,3,Generalization_RightOfWay_1058__s1__baseline
861,block-0287,Generalization_FullyBlocked_1034,FullyBlocked_034,Generalization,3,30034,current_frame,1,Generalization_FullyBlocked_1034__s3__current_frame
862,block-0287,Generalization_FullyBlocked_1034,FullyBlocked_034,Generalization,3,30034,temporal,2,Generalization_FullyBlocked_1034__s3__temporal
863,block-0287,Generalization_FullyBlocked_1034,FullyBlocked_034,Generalization,3,30034,baseline,3,Generalization_FullyBlocked_1034__s3__baseline
864,block-0288,Base_BadParking_0007,BadParking_007,Base,3,30007,temporal,1,Base_BadParking_0007__s3__temporal
865,block-0288,Base_BadParking_0007,BadParking_007,Base,3,30007,baseline,2,Base_BadParking_0007__s3__baseline
866,block-0288,Base_BadParking_0007,BadParking_007,Base,3,30007,current_frame,3,Base_BadParking_0007__s3__current_frame
867,block-0289,Generalization_FullyBlocked_1033,FullyBlocked_033,Generalization,1,10033,temporal,1,Generalization_FullyBlocked_1033__s1__temporal
868,block-0289,Generalization_FullyBlocked_1033,FullyBlocked_033,Generalization,1,10033,current_frame,2,Generalization_FullyBlocked_1033__s1__current_frame
869,block-0289,Generalization_FullyBlocked_1033,FullyBlocked_033,Generalization,1,10033,baseline,3,Generalization_FullyBlocked_1033__s1__baseline
870,block-0290,Generalization_CustomObstacles_1023,CustomObstacles_023,Generalization,2,20023,baseline,1,Generalization_CustomObstacles_1023__s2__baseline
871,block-0290,Generalization_CustomObstacles_1023,CustomObstacles_023,Generalization,2,20023,current_frame,2,Generalization_CustomObstacles_1023__s2__current_frame
872,block-0290,Generalization_CustomObstacles_1023,CustomObstacles_023,Generalization,2,20023,temporal,3,Generalization_CustomObstacles_1023__s2__temporal
873,block-0291,Generalization_Animals_1082,Animals_082,Generalization,2,20082,current_frame,1,Generalization_Animals_1082__s2__current_frame
874,block-0291,Generalization_Animals_1082,Animals_082,Generalization,2,20082,baseline,2,Generalization_Animals_1082__s2__baseline
875,block-0291,Generalization_Animals_1082,Animals_082,Generalization,2,20082,temporal,3,Generalization_Animals_1082__s2__temporal
876,block-0292,Base_CustomObstacles_0025,CustomObstacles_025,Base,2,20025,current_frame,1,Base_CustomObstacles_0025__s2__current_frame
877,block-0292,Base_CustomObstacles_0025,CustomObstacles_025,Base,2,20025,baseline,2,Base_CustomObstacles_0025__s2__baseline
878,block-0292,Base_CustomObstacles_0025,CustomObstacles_025,Base,2,20025,temporal,3,Base_CustomObstacles_0025__s2__temporal
879,block-0293,Generalization_ConstructionPermutations_1018,ConstructionPermutations_018,Generalization,3,30018,temporal,1,Generalization_ConstructionPermutations_1018__s3__temporal
880,block-0293,Generalization_ConstructionPermutations_1018,ConstructionPermutations_018,Generalization,3,30018,baseline,2,Generalization_ConstructionPermutations_1018__s3__baseline
881,block-0293,Generalization_ConstructionPermutations_1018,ConstructionPermutations_018,Generalization,3,30018,current_frame,3,Generalization_ConstructionPermutations_1018__s3__current_frame
882,block-0294,Base_BadParking_0008,BadParking_008,Base,1,10008,current_frame,1,Base_BadParking_0008__s1__current_frame
883,block-0294,Base_BadParking_0008,BadParking_008,Base,1,10008,baseline,2,Base_BadParking_0008__s1__baseline
884,block-0294,Base_BadParking_0008,BadParking_008,Base,1,10008,temporal,3,Base_BadParking_0008__s1__temporal
885,block-0295,Generalization_ObscuredStop_1048,ObscuredStop_048,Generalization,2,20048,temporal,1,Generalization_ObscuredStop_1048__s2__temporal
886,block-0295,Generalization_ObscuredStop_1048,ObscuredStop_048,Generalization,2,20048,baseline,2,Generalization_ObscuredStop_1048__s2__baseline
887,block-0295,Generalization_ObscuredStop_1048,ObscuredStop_048,Generalization,2,20048,current_frame,3,Generalization_ObscuredStop_1048__s2__current_frame
888,block-0296,Base_ImageOnObject_0042,ImageOnObject_042,Base,2,20042,baseline,1,Base_ImageOnObject_0042__s2__baseline
889,block-0296,Base_ImageOnObject_0042,ImageOnObject_042,Base,2,20042,current_frame,2,Base_ImageOnObject_0042__s2__current_frame
890,block-0296,Base_ImageOnObject_0042,ImageOnObject_042,Base,2,20042,temporal,3,Base_ImageOnObject_0042__s2__temporal
891,block-0297,Generalization_Animals_1081,Animals_081,Generalization,1,10081,current_frame,1,Generalization_Animals_1081__s1__current_frame
892,block-0297,Generalization_Animals_1081,Animals_081,Generalization,1,10081,temporal,2,Generalization_Animals_1081__s1__temporal
893,block-0297,Generalization_Animals_1081,Animals_081,Generalization,1,10081,baseline,3,Generalization_Animals_1081__s1__baseline
894,block-0298,Generalization_FullyBlocked_1031,FullyBlocked_031,Generalization,1,10031,temporal,1,Generalization_FullyBlocked_1031__s1__temporal
895,block-0298,Generalization_FullyBlocked_1031,FullyBlocked_031,Generalization,1,10031,baseline,2,Generalization_FullyBlocked_1031__s1__baseline
896,block-0298,Generalization_FullyBlocked_1031,FullyBlocked_031,Generalization,1,10031,current_frame,3,Generalization_FullyBlocked_1031__s1__current_frame
897,block-0299,Generalization_ObscuredStop_1046,ObscuredStop_046,Generalization,1,10046,current_frame,1,Generalization_ObscuredStop_1046__s1__current_frame
898,block-0299,Generalization_ObscuredStop_1046,ObscuredStop_046,Generalization,1,10046,temporal,2,Generalization_ObscuredStop_1046__s1__temporal
899,block-0299,Generalization_ObscuredStop_1046,ObscuredStop_046,Generalization,1,10046,baseline,3,Generalization_ObscuredStop_1046__s1__baseline
900,block-0300,Base_Animals_0077,Animals_077,Base,3,30077,baseline,1,Base_Animals_0077__s3__baseline
901,block-0300,Base_Animals_0077,Animals_077,Base,3,30077,current_frame,2,Base_Animals_0077__s3__current_frame
902,block-0300,Base_Animals_0077,Animals_077,Base,3,30077,temporal,3,Base_Animals_0077__s3__temporal
903,block-0301,Base_BadParking_0001,BadParking_001,Base,1,10001,baseline,1,Base_BadParking_0001__s1__baseline
904,block-0301,Base_BadParking_0001,BadParking_001,Base,1,10001,current_frame,2,Base_BadParking_0001__s1__current_frame
905,block-0301,Base_BadParking_0001,BadParking_001,Base,1,10001,temporal,3,Base_BadParking_0001__s1__temporal
906,block-0302,Generalization_PassableObstacles_1064,PassableObstacles_064,Generalization,2,20064,temporal,1,Generalization_PassableObstacles_1064__s2__temporal
907,block-0302,Generalization_PassableObstacles_1064,PassableObstacles_064,Generalization,2,20064,current_frame,2,Generalization_PassableObstacles_1064__s2__current_frame
908,block-0302,Generalization_PassableObstacles_1064,PassableObstacles_064,Generalization,2,20064,baseline,3,Generalization_PassableObstacles_1064__s2__baseline
909,block-0303,Base_Animals_0080,Animals_080,Base,1,10080,current_frame,1,Base_Animals_0080__s1__current_frame
910,block-0303,Base_Animals_0080,Animals_080,Base,1,10080,temporal,2,Base_Animals_0080__s1__temporal
911,block-0303,Base_Animals_0080,Animals_080,Base,1,10080,baseline,3,Base_Animals_0080__s1__baseline
912,block-0304,Base_Animals_0083,Animals_083,Base,3,30083,baseline,1,Base_Animals_0083__s3__baseline
913,block-0304,Base_Animals_0083,Animals_083,Base,3,30083,temporal,2,Base_Animals_0083__s3__temporal
914,block-0304,Base_Animals_0083,Animals_083,Base,3,30083,current_frame,3,Base_Animals_0083__s3__current_frame
915,block-0305,Generalization_ImageOnObject_1044,ImageOnObject_044,Generalization,2,20044,baseline,1,Generalization_ImageOnObject_1044__s2__baseline
916,block-0305,Generalization_ImageOnObject_1044,ImageOnObject_044,Generalization,2,20044,current_frame,2,Generalization_ImageOnObject_1044__s2__current_frame
917,block-0305,Generalization_ImageOnObject_1044,ImageOnObject_044,Generalization,2,20044,temporal,3,Generalization_ImageOnObject_1044__s2__temporal
918,block-0306,Base_ImageOnObject_0041,ImageOnObject_041,Base,2,20041,temporal,1,Base_ImageOnObject_0041__s2__temporal
919,block-0306,Base_ImageOnObject_0041,ImageOnObject_041,Base,2,20041,current_frame,2,Base_ImageOnObject_0041__s2__current_frame
920,block-0306,Base_ImageOnObject_0041,ImageOnObject_041,Base,2,20041,baseline,3,Base_ImageOnObject_0041__s2__baseline
921,block-0307,Base_ImageOnObject_0041,ImageOnObject_041,Base,3,30041,current_frame,1,Base_ImageOnObject_0041__s3__current_frame
922,block-0307,Base_ImageOnObject_0041,ImageOnObject_041,Base,3,30041,baseline,2,Base_ImageOnObject_0041__s3__baseline
923,block-0307,Base_ImageOnObject_0041,ImageOnObject_041,Base,3,30041,temporal,3,Base_ImageOnObject_0041__s3__temporal
924,block-0308,Base_RightConstruction_0094,RightConstruction_094,Base,2,20094,temporal,1,Base_RightConstruction_0094__s2__temporal
925,block-0308,Base_RightConstruction_0094,RightConstruction_094,Base,2,20094,baseline,2,Base_RightConstruction_0094__s2__baseline
926,block-0308,Base_RightConstruction_0094,RightConstruction_094,Base,2,20094,current_frame,3,Base_RightConstruction_0094__s2__current_frame
927,block-0309,Generalization_OppositeConstruction_1050,OppositeConstruction_050,Generalization,3,30050,baseline,1,Generalization_OppositeConstruction_1050__s3__baseline
928,block-0309,Generalization_OppositeConstruction_1050,OppositeConstruction_050,Generalization,3,30050,current_frame,2,Generalization_OppositeConstruction_1050__s3__current_frame
929,block-0309,Generalization_OppositeConstruction_1050,OppositeConstruction_050,Generalization,3,30050,temporal,3,Generalization_OppositeConstruction_1050__s3__temporal
930,block-0310,Base_HardBrake_0037,HardBrake_037,Base,1,10037,current_frame,1,Base_HardBrake_0037__s1__current_frame
931,block-0310,Base_HardBrake_0037,HardBrake_037,Base,1,10037,temporal,2,Base_HardBrake_0037__s1__temporal
932,block-0310,Base_HardBrake_0037,HardBrake_037,Base,1,10037,baseline,3,Base_HardBrake_0037__s1__baseline
933,block-0311,Generalization_BadParking_1003,BadParking_003,Generalization,3,30003,baseline,1,Generalization_BadParking_1003__s3__baseline
934,block-0311,Generalization_BadParking_1003,BadParking_003,Generalization,3,30003,current_frame,2,Generalization_BadParking_1003__s3__current_frame
935,block-0311,Generalization_BadParking_1003,BadParking_003,Generalization,3,30003,temporal,3,Generalization_BadParking_1003__s3__temporal
936,block-0312,Generalization_PassableObstacles_1062,PassableObstacles_062,Generalization,1,10062,temporal,1,Generalization_PassableObstacles_1062__s1__temporal
937,block-0312,Generalization_PassableObstacles_1062,PassableObstacles_062,Generalization,1,10062,baseline,2,Generalization_PassableObstacles_1062__s1__baseline
938,block-0312,Generalization_PassableObstacles_1062,PassableObstacles_062,Generalization,1,10062,current_frame,3,Generalization_PassableObstacles_1062__s1__current_frame
939,block-0313,Generalization_PedestrianCrowd_1068,PedestrianCrowd_068,Generalization,2,20068,temporal,1,Generalization_PedestrianCrowd_1068__s2__temporal
940,block-0313,Generalization_PedestrianCrowd_1068,PedestrianCrowd_068,Generalization,2,20068,current_frame,2,Generalization_PedestrianCrowd_1068__s2__current_frame
941,block-0313,Generalization_PedestrianCrowd_1068,PedestrianCrowd_068,Generalization,2,20068,baseline,3,Generalization_PedestrianCrowd_1068__s2__baseline
942,block-0314,Base_PedestrianOtherBlocker_0070,PedestrianOtherBlocker_070,Base,3,30070,baseline,1,Base_PedestrianOtherBlocker_0070__s3__baseline
943,block-0314,Base_PedestrianOtherBlocker_0070,PedestrianOtherBlocker_070,Base,3,30070,temporal,2,Base_PedestrianOtherBlocker_0070__s3__temporal
944,block-0314,Base_PedestrianOtherBlocker_0070,PedestrianOtherBlocker_070,Base,3,30070,current_frame,3,Base_PedestrianOtherBlocker_0070__s3__current_frame
945,block-0315,Base_PedestriansOnRoad_0087,PedestriansOnRoad_087,Base,2,20087,baseline,1,Base_PedestriansOnRoad_0087__s2__baseline
946,block-0315,Base_PedestriansOnRoad_0087,PedestriansOnRoad_087,Base,2,20087,temporal,2,Base_PedestriansOnRoad_0087__s2__temporal
947,block-0315,Base_PedestriansOnRoad_0087,PedestriansOnRoad_087,Base,2,20087,current_frame,3,Base_PedestriansOnRoad_0087__s2__current_frame
948,block-0316,Base_Animals_0084,Animals_084,Base,1,10084,current_frame,1,Base_Animals_0084__s1__current_frame
949,block-0316,Base_Animals_0084,Animals_084,Base,1,10084,temporal,2,Base_Animals_0084__s1__temporal
950,block-0316,Base_Animals_0084,Animals_084,Base,1,10084,baseline,3,Base_Animals_0084__s1__baseline
951,block-0317,Base_OppositeConstruction_0053,OppositeConstruction_053,Base,3,30053,current_frame,1,Base_OppositeConstruction_0053__s3__current_frame
952,block-0317,Base_OppositeConstruction_0053,OppositeConstruction_053,Base,3,30053,temporal,2,Base_OppositeConstruction_0053__s3__temporal
953,block-0317,Base_OppositeConstruction_0053,OppositeConstruction_053,Base,3,30053,baseline,3,Base_OppositeConstruction_0053__s3__baseline
954,block-0318,Base_Wall_0098,Wall_098,Base,2,20098,temporal,1,Base_Wall_0098__s2__temporal
955,block-0318,Base_Wall_0098,Wall_098,Base,2,20098,current_frame,2,Base_Wall_0098__s2__current_frame
956,block-0318,Base_Wall_0098,Wall_098,Base,2,20098,baseline,3,Base_Wall_0098__s2__baseline
957,block-0319,Base_PedestriansOnRoad_0086,PedestriansOnRoad_086,Base,1,10086,current_frame,1,Base_PedestriansOnRoad_0086__s1__current_frame
958,block-0319,Base_PedestriansOnRoad_0086,PedestriansOnRoad_086,Base,1,10086,baseline,2,Base_PedestriansOnRoad_0086__s1__baseline
959,block-0319,Base_PedestriansOnRoad_0086,PedestriansOnRoad_086,Base,1,10086,temporal,3,Base_PedestriansOnRoad_0086__s1__temporal
960,block-0320,Base_PassableObstacles_0061,PassableObstacles_061,Base,2,20061,temporal,1,Base_PassableObstacles_0061__s2__temporal
961,block-0320,Base_PassableObstacles_0061,PassableObstacles_061,Base,2,20061,current_frame,2,Base_PassableObstacles_0061__s2__current_frame
962,block-0320,Base_PassableObstacles_0061,PassableObstacles_061,Base,2,20061,baseline,3,Base_PassableObstacles_0061__s2__baseline
963,block-0321,Generalization_BadParking_1001,BadParking_001,Generalization,1,10001,current_frame,1,Generalization_BadParking_1001__s1__current_frame
964,block-0321,Generalization_BadParking_1001,BadParking_001,Generalization,1,10001,temporal,2,Generalization_BadParking_1001__s1__temporal
965,block-0321,Generalization_BadParking_1001,BadParking_001,Generalization,1,10001,baseline,3,Generalization_BadParking_1001__s1__baseline
966,block-0322,Base_PassableObstacles_0062,PassableObstacles_062,Base,2,20062,temporal,1,Base_PassableObstacles_0062__s2__temporal
967,block-0322,Base_PassableObstacles_0062,PassableObstacles_062,Base,2,20062,current_frame,2,Base_PassableObstacles_0062__s2__current_frame
968,block-0322,Base_PassableObstacles_0062,PassableObstacles_062,Base,2,20062,baseline,3,Base_PassableObstacles_0062__s2__baseline
969,block-0323,Base_HardBrake_0036,HardBrake_036,Base,3,30036,baseline,1,Base_HardBrake_0036__s3__baseline
970,block-0323,Base_HardBrake_0036,HardBrake_036,Base,3,30036,current_frame,2,Base_HardBrake_0036__s3__current_frame
971,block-0323,Base_HardBrake_0036,HardBrake_036,Base,3,30036,temporal,3,Base_HardBrake_0036__s3__temporal
972,block-0324,Base_Animals_0079,Animals_079,Base,1,10079,baseline,1,Base_Animals_0079__s1__baseline
973,block-0324,Base_Animals_0079,Animals_079,Base,1,10079,temporal,2,Base_Animals_0079__s1__temporal
974,block-0324,Base_Animals_0079,Animals_079,Base,1,10079,current_frame,3,Base_Animals_0079__s1__current_frame
975,block-0325,Generalization_PedestriansOnRoad_1085,PedestriansOnRoad_085,Generalization,1,10085,temporal,1,Generalization_PedestriansOnRoad_1085__s1__temporal
976,block-0325,Generalization_PedestriansOnRoad_1085,PedestriansOnRoad_085,Generalization,1,10085,current_frame,2,Generalization_PedestriansOnRoad_1085__s1__current_frame
977,block-0325,Generalization_PedestriansOnRoad_1085,PedestriansOnRoad_085,Generalization,1,10085,baseline,3,Generalization_PedestriansOnRoad_1085__s1__baseline
978,block-0326,Base_CustomObstacles_0026,CustomObstacles_026,Base,3,30026,temporal,1,Base_CustomObstacles_0026__s3__temporal
979,block-0326,Base_CustomObstacles_0026,CustomObstacles_026,Base,3,30026,current_frame,2,Base_CustomObstacles_0026__s3__current_frame
980,block-0326,Base_CustomObstacles_0026,CustomObstacles_026,Base,3,30026,baseline,3,Base_CustomObstacles_0026__s3__baseline
981,block-0327,Base_PedestrianCrowd_0067,PedestrianCrowd_067,Base,3,30067,baseline,1,Base_PedestrianCrowd_0067__s3__baseline
982,block-0327,Base_PedestrianCrowd_0067,PedestrianCrowd_067,Base,3,30067,current_frame,2,Base_PedestrianCrowd_0067__s3__current_frame
983,block-0327,Base_PedestrianCrowd_0067,PedestrianCrowd_067,Base,3,30067,temporal,3,Base_PedestrianCrowd_0067__s3__temporal
984,block-0328,Generalization_ConstructionPermutations_1016,ConstructionPermutations_016,Generalization,3,30016,baseline,1,Generalization_ConstructionPermutations_1016__s3__baseline
985,block-0328,Generalization_ConstructionPermutations_1016,ConstructionPermutations_016,Generalization,3,30016,temporal,2,Generalization_ConstructionPermutations_1016__s3__temporal
986,block-0328,Generalization_ConstructionPermutations_1016,ConstructionPermutations_016,Generalization,3,30016,current_frame,3,Generalization_ConstructionPermutations_1016__s3__current_frame
987,block-0329,Generalization_BadParking_1008,BadParking_008,Generalization,3,30008,baseline,1,Generalization_BadParking_1008__s3__baseline
988,block-0329,Generalization_BadParking_1008,BadParking_008,Generalization,3,30008,temporal,2,Generalization_BadParking_1008__s3__temporal
989,block-0329,Generalization_BadParking_1008,BadParking_008,Generalization,3,30008,current_frame,3,Generalization_BadParking_1008__s3__current_frame
990,block-0330,Generalization_ImageOnObject_1042,ImageOnObject_042,Generalization,2,20042,current_frame,1,Generalization_ImageOnObject_1042__s2__current_frame
991,block-0330,Generalization_ImageOnObject_1042,ImageOnObject_042,Generalization,2,20042,baseline,2,Generalization_ImageOnObject_1042__s2__baseline
992,block-0330,Generalization_ImageOnObject_1042,ImageOnObject_042,Generalization,2,20042,temporal,3,Generalization_ImageOnObject_1042__s2__temporal
993,block-0331,Generalization_BadParking_1002,BadParking_002,Generalization,2,20002,current_frame,1,Generalization_BadParking_1002__s2__current_frame
994,block-0331,Generalization_BadParking_1002,BadParking_002,Generalization,2,20002,baseline,2,Generalization_BadParking_1002__s2__baseline
995,block-0331,Generalization_BadParking_1002,BadParking_002,Generalization,2,20002,temporal,3,Generalization_BadParking_1002__s2__temporal
996,block-0332,Generalization_PedestriansOnRoad_1087,PedestriansOnRoad_087,Generalization,2,20087,current_frame,1,Generalization_PedestriansOnRoad_1087__s2__current_frame
997,block-0332,Generalization_PedestriansOnRoad_1087,PedestriansOnRoad_087,Generalization,2,20087,temporal,2,Generalization_PedestriansOnRoad_1087__s2__temporal
998,block-0332,Generalization_PedestriansOnRoad_1087,PedestriansOnRoad_087,Generalization,2,20087,baseline,3,Generalization_PedestriansOnRoad_1087__s2__baseline
999,block-0333,Base_HardBrake_0036,HardBrake_036,Base,1,10036,current_frame,1,Base_HardBrake_0036__s1__current_frame
1000,block-0333,Base_HardBrake_0036,HardBrake_036,Base,1,10036,temporal,2,Base_HardBrake_0036__s1__temporal
1001,block-0333,Base_HardBrake_0036,HardBrake_036,Base,1,10036,baseline,3,Base_HardBrake_0036__s1__baseline
1002,block-0334,Generalization_PassableObstacles_1064,PassableObstacles_064,Generalization,3,30064,temporal,1,Generalization_PassableObstacles_1064__s3__temporal
1003,block-0334,Generalization_PassableObstacles_1064,PassableObstacles_064,Generalization,3,30064,current_frame,2,Generalization_PassableObstacles_1064__s3__current_frame
1004,block-0334,Generalization_PassableObstacles_1064,PassableObstacles_064,Generalization,3,30064,baseline,3,Generalization_PassableObstacles_1064__s3__baseline
1005,block-0335,Generalization_ObscuredStop_1046,ObscuredStop_046,Generalization,2,20046,temporal,1,Generalization_ObscuredStop_1046__s2__temporal
1006,block-0335,Generalization_ObscuredStop_1046,ObscuredStop_046,Generalization,2,20046,baseline,2,Generalization_ObscuredStop_1046__s2__baseline
1007,block-0335,Generalization_ObscuredStop_1046,ObscuredStop_046,Generalization,2,20046,current_frame,3,Generalization_ObscuredStop_1046__s2__current_frame
1008,block-0336,Generalization_CustomObstacles_1025,CustomObstacles_025,Generalization,2,20025,temporal,1,Generalization_CustomObstacles_1025__s2__temporal
1009,block-0336,Generalization_CustomObstacles_1025,CustomObstacles_025,Generalization,2,20025,current_frame,2,Generalization_CustomObstacles_1025__s2__current_frame
1010,block-0336,Generalization_CustomObstacles_1025,CustomObstacles_025,Generalization,2,20025,baseline,3,Generalization_CustomObstacles_1025__s2__baseline
1011,block-0337,Base_PedestrianCrowd_0067,PedestrianCrowd_067,Base,1,10067,baseline,1,Base_PedestrianCrowd_0067__s1__baseline
1012,block-0337,Base_PedestrianCrowd_0067,PedestrianCrowd_067,Base,1,10067,current_frame,2,Base_PedestrianCrowd_0067__s1__current_frame
1013,block-0337,Base_PedestrianCrowd_0067,PedestrianCrowd_067,Base,1,10067,temporal,3,Base_PedestrianCrowd_0067__s1__temporal
1014,block-0338,Base_CustomObstacles_0022,CustomObstacles_022,Base,3,30022,temporal,1,Base_CustomObstacles_0022__s3__temporal
1015,block-0338,Base_CustomObstacles_0022,CustomObstacles_022,Base,3,30022,current_frame,2,Base_CustomObstacles_0022__s3__current_frame
1016,block-0338,Base_CustomObstacles_0022,CustomObstacles_022,Base,3,30022,baseline,3,Base_CustomObstacles_0022__s3__baseline
1017,block-0339,Generalization_ImageOnObject_1043,ImageOnObject_043,Generalization,2,20043,baseline,1,Generalization_ImageOnObject_1043__s2__baseline
1018,block-0339,Generalization_ImageOnObject_1043,ImageOnObject_043,Generalization,2,20043,current_frame,2,Generalization_ImageOnObject_1043__s2__current_frame
1019,block-0339,Generalization_ImageOnObject_1043,ImageOnObject_043,Generalization,2,20043,temporal,3,Generalization_ImageOnObject_1043__s2__temporal
1020,block-0340,Generalization_ConstructionPedestrian_1012,ConstructionPedestrian_012,Generalization,1,10012,current_frame,1,Generalization_ConstructionPedestrian_1012__s1__current_frame
1021,block-0340,Generalization_ConstructionPedestrian_1012,ConstructionPedestrian_012,Generalization,1,10012,temporal,2,Generalization_ConstructionPedestrian_1012__s1__temporal
1022,block-0340,Generalization_ConstructionPedestrian_1012,ConstructionPedestrian_012,Generalization,1,10012,baseline,3,Generalization_ConstructionPedestrian_1012__s1__baseline
1023,block-0341,Generalization_PedestriansOnRoad_1088,PedestriansOnRoad_088,Generalization,2,20088,baseline,1,Generalization_PedestriansOnRoad_1088__s2__baseline
1024,block-0341,Generalization_PedestriansOnRoad_1088,PedestriansOnRoad_088,Generalization,2,20088,current_frame,2,Generalization_PedestriansOnRoad_1088__s2__current_frame
1025,block-0341,Generalization_PedestriansOnRoad_1088,PedestriansOnRoad_088,Generalization,2,20088,temporal,3,Generalization_PedestriansOnRoad_1088__s2__temporal
1026,block-0342,Base_PedestrianOtherBlocker_0071,PedestrianOtherBlocker_071,Base,2,20071,temporal,1,Base_PedestrianOtherBlocker_0071__s2__temporal
1027,block-0342,Base_PedestrianOtherBlocker_0071,PedestrianOtherBlocker_071,Base,2,20071,current_frame,2,Base_PedestrianOtherBlocker_0071__s2__current_frame
1028,block-0342,Base_PedestrianOtherBlocker_0071,PedestrianOtherBlocker_071,Base,2,20071,baseline,3,Base_PedestrianOtherBlocker_0071__s2__baseline
1029,block-0343,Generalization_CustomObstacles_1028,CustomObstacles_028,Generalization,1,10028,baseline,1,Generalization_CustomObstacles_1028__s1__baseline
1030,block-0343,Generalization_CustomObstacles_1028,CustomObstacles_028,Generalization,1,10028,temporal,2,Generalization_CustomObstacles_1028__s1__temporal
1031,block-0343,Generalization_CustomObstacles_1028,CustomObstacles_028,Generalization,1,10028,current_frame,3,Generalization_CustomObstacles_1028__s1__current_frame
1032,block-0344,Generalization_OppositeConstruction_1054,OppositeConstruction_054,Generalization,3,30054,baseline,1,Generalization_OppositeConstruction_1054__s3__baseline
1033,block-0344,Generalization_OppositeConstruction_1054,OppositeConstruction_054,Generalization,3,30054,temporal,2,Generalization_OppositeConstruction_1054__s3__temporal
1034,block-0344,Generalization_OppositeConstruction_1054,OppositeConstruction_054,Generalization,3,30054,current_frame,3,Generalization_OppositeConstruction_1054__s3__current_frame
1035,block-0345,Base_CustomObstacles_0022,CustomObstacles_022,Base,2,20022,temporal,1,Base_CustomObstacles_0022__s2__temporal
1036,block-0345,Base_CustomObstacles_0022,CustomObstacles_022,Base,2,20022,baseline,2,Base_CustomObstacles_0022__s2__baseline
1037,block-0345,Base_CustomObstacles_0022,CustomObstacles_022,Base,2,20022,current_frame,3,Base_CustomObstacles_0022__s2__current_frame
1038,block-0346,Base_PassableObstacles_0062,PassableObstacles_062,Base,1,10062,baseline,1,Base_PassableObstacles_0062__s1__baseline
1039,block-0346,Base_PassableObstacles_0062,PassableObstacles_062,Base,1,10062,temporal,2,Base_PassableObstacles_0062__s1__temporal
1040,block-0346,Base_PassableObstacles_0062,PassableObstacles_062,Base,1,10062,current_frame,3,Base_PassableObstacles_0062__s1__current_frame
1041,block-0347,Base_Wall_0095,Wall_095,Base,2,20095,temporal,1,Base_Wall_0095__s2__temporal
1042,block-0347,Base_Wall_0095,Wall_095,Base,2,20095,baseline,2,Base_Wall_0095__s2__baseline
1043,block-0347,Base_Wall_0095,Wall_095,Base,2,20095,current_frame,3,Base_Wall_0095__s2__current_frame
1044,block-0348,Generalization_ObscuredStop_1049,ObscuredStop_049,Generalization,3,30049,current_frame,1,Generalization_ObscuredStop_1049__s3__current_frame
1045,block-0348,Generalization_ObscuredStop_1049,ObscuredStop_049,Generalization,3,30049,baseline,2,Generalization_ObscuredStop_1049__s3__baseline
1046,block-0348,Generalization_ObscuredStop_1049,ObscuredStop_049,Generalization,3,30049,temporal,3,Generalization_ObscuredStop_1049__s3__temporal
1047,block-0349,Generalization_CustomObstacles_1022,CustomObstacles_022,Generalization,2,20022,temporal,1,Generalization_CustomObstacles_1022__s2__temporal
1048,block-0349,Generalization_CustomObstacles_1022,CustomObstacles_022,Generalization,2,20022,baseline,2,Generalization_CustomObstacles_1022__s2__baseline
1049,block-0349,Generalization_CustomObstacles_1022,CustomObstacles_022,Generalization,2,20022,current_frame,3,Generalization_CustomObstacles_1022__s2__current_frame
1050,block-0350,Generalization_FullyBlocked_1030,FullyBlocked_030,Generalization,1,10030,current_frame,1,Generalization_FullyBlocked_1030__s1__current_frame
1051,block-0350,Generalization_FullyBlocked_1030,FullyBlocked_030,Generalization,1,10030,temporal,2,Generalization_FullyBlocked_1030__s1__temporal
1052,block-0350,Generalization_FullyBlocked_1030,FullyBlocked_030,Generalization,1,10030,baseline,3,Generalization_FullyBlocked_1030__s1__baseline
1053,block-0351,Base_RightOfWay_0057,RightOfWay_057,Base,3,30057,baseline,1,Base_RightOfWay_0057__s3__baseline
1054,block-0351,Base_RightOfWay_0057,RightOfWay_057,Base,3,30057,current_frame,2,Base_RightOfWay_0057__s3__current_frame
1055,block-0351,Base_RightOfWay_0057,RightOfWay_057,Base,3,30057,temporal,3,Base_RightOfWay_0057__s3__temporal
1056,block-0352,Generalization_ConstructionPermutations_1019,ConstructionPermutations_019,Generalization,3,30019,current_frame,1,Generalization_ConstructionPermutations_1019__s3__current_frame
1057,block-0352,Generalization_ConstructionPermutations_1019,ConstructionPermutations_019,Generalization,3,30019,temporal,2,Generalization_ConstructionPermutations_1019__s3__temporal
1058,block-0352,Generalization_ConstructionPermutations_1019,ConstructionPermutations_019,Generalization,3,30019,baseline,3,Generalization_ConstructionPermutations_1019__s3__baseline
1059,block-0353,Base_ImageOnObject_0043,ImageOnObject_043,Base,3,30043,current_frame,1,Base_ImageOnObject_0043__s3__current_frame
1060,block-0353,Base_ImageOnObject_0043,ImageOnObject_043,Base,3,30043,baseline,2,Base_ImageOnObject_0043__s3__baseline
1061,block-0353,Base_ImageOnObject_0043,ImageOnObject_043,Base,3,30043,temporal,3,Base_ImageOnObject_0043__s3__temporal
1062,block-0354,Generalization_PedestriansOnRoad_1086,PedestriansOnRoad_086,Generalization,1,10086,current_frame,1,Generalization_PedestriansOnRoad_1086__s1__current_frame
1063,block-0354,Generalization_PedestriansOnRoad_1086,PedestriansOnRoad_086,Generalization,1,10086,baseline,2,Generalization_PedestriansOnRoad_1086__s1__baseline
1064,block-0354,Generalization_PedestriansOnRoad_1086,PedestriansOnRoad_086,Generalization,1,10086,temporal,3,Generalization_PedestriansOnRoad_1086__s1__temporal
1065,block-0355,Base_Animals_0082,Animals_082,Base,2,20082,current_frame,1,Base_Animals_0082__s2__current_frame
1066,block-0355,Base_Animals_0082,Animals_082,Base,2,20082,baseline,2,Base_Animals_0082__s2__baseline
1067,block-0355,Base_Animals_0082,Animals_082,Base,2,20082,temporal,3,Base_Animals_0082__s2__temporal
1068,block-0356,Generalization_ImageOnObject_1040,ImageOnObject_040,Generalization,3,30040,current_frame,1,Generalization_ImageOnObject_1040__s3__current_frame
1069,block-0356,Generalization_ImageOnObject_1040,ImageOnObject_040,Generalization,3,30040,baseline,2,Generalization_ImageOnObject_1040__s3__baseline
1070,block-0356,Generalization_ImageOnObject_1040,ImageOnObject_040,Generalization,3,30040,temporal,3,Generalization_ImageOnObject_1040__s3__temporal
1071,block-0357,Generalization_RightOfWay_1057,RightOfWay_057,Generalization,2,20057,temporal,1,Generalization_RightOfWay_1057__s2__temporal
1072,block-0357,Generalization_RightOfWay_1057,RightOfWay_057,Generalization,2,20057,baseline,2,Generalization_RightOfWay_1057__s2__baseline
1073,block-0357,Generalization_RightOfWay_1057,RightOfWay_057,Generalization,2,20057,current_frame,3,Generalization_RightOfWay_1057__s2__current_frame
1074,block-0358,Generalization_RightOfWay_1057,RightOfWay_057,Generalization,3,30057,temporal,1,Generalization_RightOfWay_1057__s3__temporal
1075,block-0358,Generalization_RightOfWay_1057,RightOfWay_057,Generalization,3,30057,baseline,2,Generalization_RightOfWay_1057__s3__baseline
1076,block-0358,Generalization_RightOfWay_1057,RightOfWay_057,Generalization,3,30057,current_frame,3,Generalization_RightOfWay_1057__s3__current_frame
1077,block-0359,Generalization_RightOfWay_1056,RightOfWay_056,Generalization,3,30056,temporal,1,Generalization_RightOfWay_1056__s3__temporal
1078,block-0359,Generalization_RightOfWay_1056,RightOfWay_056,Generalization,3,30056,baseline,2,Generalization_RightOfWay_1056__s3__baseline
1079,block-0359,Generalization_RightOfWay_1056,RightOfWay_056,Generalization,3,30056,current_frame,3,Generalization_RightOfWay_1056__s3__current_frame
1080,block-0360,Generalization_BadParking_1004,BadParking_004,Generalization,1,10004,temporal,1,Generalization_BadParking_1004__s1__temporal
1081,block-0360,Generalization_BadParking_1004,BadParking_004,Generalization,1,10004,current_frame,2,Generalization_BadParking_1004__s1__current_frame
1082,block-0360,Generalization_BadParking_1004,BadParking_004,Generalization,1,10004,baseline,3,Generalization_BadParking_1004__s1__baseline
1083,block-0361,Generalization_BadParking_1005,BadParking_005,Generalization,3,30005,baseline,1,Generalization_BadParking_1005__s3__baseline
1084,block-0361,Generalization_BadParking_1005,BadParking_005,Generalization,3,30005,current_frame,2,Generalization_BadParking_1005__s3__current_frame
1085,block-0361,Generalization_BadParking_1005,BadParking_005,Generalization,3,30005,temporal,3,Generalization_BadParking_1005__s3__temporal
1086,block-0362,Generalization_ConstructionPermutations_1016,ConstructionPermutations_016,Generalization,1,10016,current_frame,1,Generalization_ConstructionPermutations_1016__s1__current_frame
1087,block-0362,Generalization_ConstructionPermutations_1016,ConstructionPermutations_016,Generalization,1,10016,baseline,2,Generalization_ConstructionPermutations_1016__s1__baseline
1088,block-0362,Generalization_ConstructionPermutations_1016,ConstructionPermutations_016,Generalization,1,10016,temporal,3,Generalization_ConstructionPermutations_1016__s1__temporal
1089,block-0363,Generalization_OppositeConstruction_1052,OppositeConstruction_052,Generalization,3,30052,baseline,1,Generalization_OppositeConstruction_1052__s3__baseline
1090,block-0363,Generalization_OppositeConstruction_1052,OppositeConstruction_052,Generalization,3,30052,temporal,2,Generalization_OppositeConstruction_1052__s3__temporal
1091,block-0363,Generalization_OppositeConstruction_1052,OppositeConstruction_052,Generalization,3,30052,current_frame,3,Generalization_OppositeConstruction_1052__s3__current_frame
1092,block-0364,Base_ObscuredStop_0047,ObscuredStop_047,Base,1,10047,temporal,1,Base_ObscuredStop_0047__s1__temporal
1093,block-0364,Base_ObscuredStop_0047,ObscuredStop_047,Base,1,10047,current_frame,2,Base_ObscuredStop_0047__s1__current_frame
1094,block-0364,Base_ObscuredStop_0047,ObscuredStop_047,Base,1,10047,baseline,3,Base_ObscuredStop_0047__s1__baseline
1095,block-0365,Base_Wall_0099,Wall_099,Base,2,20099,baseline,1,Base_Wall_0099__s2__baseline
1096,block-0365,Base_Wall_0099,Wall_099,Base,2,20099,current_frame,2,Base_Wall_0099__s2__current_frame
1097,block-0365,Base_Wall_0099,Wall_099,Base,2,20099,temporal,3,Base_Wall_0099__s2__temporal
1098,block-0366,Generalization_RightConstruction_1092,RightConstruction_092,Generalization,3,30092,temporal,1,Generalization_RightConstruction_1092__s3__temporal
1099,block-0366,Generalization_RightConstruction_1092,RightConstruction_092,Generalization,3,30092,current_frame,2,Generalization_RightConstruction_1092__s3__current_frame
1100,block-0366,Generalization_RightConstruction_1092,RightConstruction_092,Generalization,3,30092,baseline,3,Generalization_RightConstruction_1092__s3__baseline
1101,block-0367,Generalization_Wall_1096,Wall_096,Generalization,2,20096,baseline,1,Generalization_Wall_1096__s2__baseline
1102,block-0367,Generalization_Wall_1096,Wall_096,Generalization,2,20096,current_frame,2,Generalization_Wall_1096__s2__current_frame
1103,block-0367,Generalization_Wall_1096,Wall_096,Generalization,2,20096,temporal,3,Generalization_Wall_1096__s2__temporal
1104,block-0368,Base_ImageOnObject_0041,ImageOnObject_041,Base,1,10041,baseline,1,Base_ImageOnObject_0041__s1__baseline
1105,block-0368,Base_ImageOnObject_0041,ImageOnObject_041,Base,1,10041,temporal,2,Base_ImageOnObject_0041__s1__temporal
1106,block-0368,Base_ImageOnObject_0041,ImageOnObject_041,Base,1,10041,current_frame,3,Base_ImageOnObject_0041__s1__current_frame
1107,block-0369,Base_RightOfWay_0057,RightOfWay_057,Base,2,20057,current_frame,1,Base_RightOfWay_0057__s2__current_frame
1108,block-0369,Base_RightOfWay_0057,RightOfWay_057,Base,2,20057,temporal,2,Base_RightOfWay_0057__s2__temporal
1109,block-0369,Base_RightOfWay_0057,RightOfWay_057,Base,2,20057,baseline,3,Base_RightOfWay_0057__s2__baseline
1110,block-0370,Base_PedestriansOnRoad_0087,PedestriansOnRoad_087,Base,3,30087,current_frame,1,Base_PedestriansOnRoad_0087__s3__current_frame
1111,block-0370,Base_PedestriansOnRoad_0087,PedestriansOnRoad_087,Base,3,30087,baseline,2,Base_PedestriansOnRoad_0087__s3__baseline
1112,block-0370,Base_PedestriansOnRoad_0087,PedestriansOnRoad_087,Base,3,30087,temporal,3,Base_PedestriansOnRoad_0087__s3__temporal
1113,block-0371,Base_RightOfWay_0055,RightOfWay_055,Base,2,20055,baseline,1,Base_RightOfWay_0055__s2__baseline
1114,block-0371,Base_RightOfWay_0055,RightOfWay_055,Base,2,20055,temporal,2,Base_RightOfWay_0055__s2__temporal
1115,block-0371,Base_RightOfWay_0055,RightOfWay_055,Base,2,20055,current_frame,3,Base_RightOfWay_0055__s2__current_frame
1116,block-0372,Base_OppositeConstruction_0053,OppositeConstruction_053,Base,2,20053,current_frame,1,Base_OppositeConstruction_0053__s2__current_frame
1117,block-0372,Base_OppositeConstruction_0053,OppositeConstruction_053,Base,2,20053,temporal,2,Base_OppositeConstruction_0053__s2__temporal
1118,block-0372,Base_OppositeConstruction_0053,OppositeConstruction_053,Base,2,20053,baseline,3,Base_OppositeConstruction_0053__s2__baseline
1119,block-0373,Generalization_ConstructionPermutations_1015,ConstructionPermutations_015,Generalization,2,20015,current_frame,1,Generalization_ConstructionPermutations_1015__s2__current_frame
1120,block-0373,Generalization_ConstructionPermutations_1015,ConstructionPermutations_015,Generalization,2,20015,baseline,2,Generalization_ConstructionPermutations_1015__s2__baseline
1121,block-0373,Generalization_ConstructionPermutations_1015,ConstructionPermutations_015,Generalization,2,20015,temporal,3,Generalization_ConstructionPermutations_1015__s2__temporal
1122,block-0374,Base_RightOfWay_0059,RightOfWay_059,Base,3,30059,baseline,1,Base_RightOfWay_0059__s3__baseline
1123,block-0374,Base_RightOfWay_0059,RightOfWay_059,Base,3,30059,current_frame,2,Base_RightOfWay_0059__s3__current_frame
1124,block-0374,Base_RightOfWay_0059,RightOfWay_059,Base,3,30059,temporal,3,Base_RightOfWay_0059__s3__temporal
1125,block-0375,Base_PedestrianOtherBlocker_0074,PedestrianOtherBlocker_074,Base,2,20074,temporal,1,Base_PedestrianOtherBlocker_0074__s2__temporal
1126,block-0375,Base_PedestrianOtherBlocker_0074,PedestrianOtherBlocker_074,Base,2,20074,baseline,2,Base_PedestrianOtherBlocker_0074__s2__baseline
1127,block-0375,Base_PedestrianOtherBlocker_0074,PedestrianOtherBlocker_074,Base,2,20074,current_frame,3,Base_PedestrianOtherBlocker_0074__s2__current_frame
1128,block-0376,Base_BadParking_0005,BadParking_005,Base,3,30005,baseline,1,Base_BadParking_0005__s3__baseline
1129,block-0376,Base_BadParking_0005,BadParking_005,Base,3,30005,current_frame,2,Base_BadParking_0005__s3__current_frame
1130,block-0376,Base_BadParking_0005,BadParking_005,Base,3,30005,temporal,3,Base_BadParking_0005__s3__temporal
1131,block-0377,Base_BadParking_0006,BadParking_006,Base,3,30006,baseline,1,Base_BadParking_0006__s3__baseline
1132,block-0377,Base_BadParking_0006,BadParking_006,Base,3,30006,temporal,2,Base_BadParking_0006__s3__temporal
1133,block-0377,Base_BadParking_0006,BadParking_006,Base,3,30006,current_frame,3,Base_BadParking_0006__s3__current_frame
1134,block-0378,Generalization_HardBrake_1035,HardBrake_035,Generalization,1,10035,temporal,1,Generalization_HardBrake_1035__s1__temporal
1135,block-0378,Generalization_HardBrake_1035,HardBrake_035,Generalization,1,10035,baseline,2,Generalization_HardBrake_1035__s1__baseline
1136,block-0378,Generalization_HardBrake_1035,HardBrake_035,Generalization,1,10035,current_frame,3,Generalization_HardBrake_1035__s1__current_frame
1137,block-0379,Base_RightOfWay_0056,RightOfWay_056,Base,1,10056,current_frame,1,Base_RightOfWay_0056__s1__current_frame
1138,block-0379,Base_RightOfWay_0056,RightOfWay_056,Base,1,10056,temporal,2,Base_RightOfWay_0056__s1__temporal
1139,block-0379,Base_RightOfWay_0056,RightOfWay_056,Base,1,10056,baseline,3,Base_RightOfWay_0056__s1__baseline
1140,block-0380,Base_ConstructionPermutations_0016,ConstructionPermutations_016,Base,2,20016,temporal,1,Base_ConstructionPermutations_0016__s2__temporal
1141,block-0380,Base_ConstructionPermutations_0016,ConstructionPermutations_016,Base,2,20016,baseline,2,Base_ConstructionPermutations_0016__s2__baseline
1142,block-0380,Base_ConstructionPermutations_0016,ConstructionPermutations_016,Base,2,20016,current_frame,3,Base_ConstructionPermutations_0016__s2__current_frame
1143,block-0381,Base_Wall_0099,Wall_099,Base,3,30099,baseline,1,Base_Wall_0099__s3__baseline
1144,block-0381,Base_Wall_0099,Wall_099,Base,3,30099,current_frame,2,Base_Wall_0099__s3__current_frame
1145,block-0381,Base_Wall_0099,Wall_099,Base,3,30099,temporal,3,Base_Wall_0099__s3__temporal
1146,block-0382,Generalization_PedestrianCrowd_1067,PedestrianCrowd_067,Generalization,3,30067,baseline,1,Generalization_PedestrianCrowd_1067__s3__baseline
1147,block-0382,Generalization_PedestrianCrowd_1067,PedestrianCrowd_067,Generalization,3,30067,current_frame,2,Generalization_PedestrianCrowd_1067__s3__current_frame
1148,block-0382,Generalization_PedestrianCrowd_1067,PedestrianCrowd_067,Generalization,3,30067,temporal,3,Generalization_PedestrianCrowd_1067__s3__temporal
1149,block-0383,Generalization_ImageOnObject_1044,ImageOnObject_044,Generalization,3,30044,temporal,1,Generalization_ImageOnObject_1044__s3__temporal
1150,block-0383,Generalization_ImageOnObject_1044,ImageOnObject_044,Generalization,3,30044,current_frame,2,Generalization_ImageOnObject_1044__s3__current_frame
1151,block-0383,Generalization_ImageOnObject_1044,ImageOnObject_044,Generalization,3,30044,baseline,3,Generalization_ImageOnObject_1044__s3__baseline
1152,block-0384,Base_PedestriansOnRoad_0089,PedestriansOnRoad_089,Base,1,10089,current_frame,1,Base_PedestriansOnRoad_0089__s1__current_frame
1153,block-0384,Base_PedestriansOnRoad_0089,PedestriansOnRoad_089,Base,1,10089,baseline,2,Base_PedestriansOnRoad_0089__s1__baseline
1154,block-0384,Base_PedestriansOnRoad_0089,PedestriansOnRoad_089,Base,1,10089,temporal,3,Base_PedestriansOnRoad_0089__s1__temporal
1155,block-0385,Base_RightConstruction_0092,RightConstruction_092,Base,1,10092,current_frame,1,Base_RightConstruction_0092__s1__current_frame
1156,block-0385,Base_RightConstruction_0092,RightConstruction_092,Base,1,10092,temporal,2,Base_RightConstruction_0092__s1__temporal
1157,block-0385,Base_RightConstruction_0092,RightConstruction_092,Base,1,10092,baseline,3,Base_RightConstruction_0092__s1__baseline
1158,block-0386,Generalization_PassableObstacles_1061,PassableObstacles_061,Generalization,1,10061,temporal,1,Generalization_PassableObstacles_1061__s1__temporal
1159,block-0386,Generalization_PassableObstacles_1061,PassableObstacles_061,Generalization,1,10061,current_frame,2,Generalization_PassableObstacles_1061__s1__current_frame
1160,block-0386,Generalization_PassableObstacles_1061,PassableObstacles_061,Generalization,1,10061,baseline,3,Generalization_PassableObstacles_1061__s1__baseline
1161,block-0387,Generalization_PedestrianCrowd_1065,PedestrianCrowd_065,Generalization,1,10065,baseline,1,Generalization_PedestrianCrowd_1065__s1__baseline
1162,block-0387,Generalization_PedestrianCrowd_1065,PedestrianCrowd_065,Generalization,1,10065,current_frame,2,Generalization_PedestrianCrowd_1065__s1__current_frame
1163,block-0387,Generalization_PedestrianCrowd_1065,PedestrianCrowd_065,Generalization,1,10065,temporal,3,Generalization_PedestrianCrowd_1065__s1__temporal
1164,block-0388,Base_FullyBlocked_0033,FullyBlocked_033,Base,2,20033,current_frame,1,Base_FullyBlocked_0033__s2__current_frame
1165,block-0388,Base_FullyBlocked_0033,FullyBlocked_033,Base,2,20033,baseline,2,Base_FullyBlocked_0033__s2__baseline
1166,block-0388,Base_FullyBlocked_0033,FullyBlocked_033,Base,2,20033,temporal,3,Base_FullyBlocked_0033__s2__temporal
1167,block-0389,Base_Animals_0076,Animals_076,Base,2,20076,temporal,1,Base_Animals_0076__s2__temporal
1168,block-0389,Base_Animals_0076,Animals_076,Base,2,20076,current_frame,2,Base_Animals_0076__s2__current_frame
1169,block-0389,Base_Animals_0076,Animals_076,Base,2,20076,baseline,3,Base_Animals_0076__s2__baseline
1170,block-0390,Generalization_CustomObstacles_1027,CustomObstacles_027,Generalization,3,30027,baseline,1,Generalization_CustomObstacles_1027__s3__baseline
1171,block-0390,Generalization_CustomObstacles_1027,CustomObstacles_027,Generalization,3,30027,current_frame,2,Generalization_CustomObstacles_1027__s3__current_frame
1172,block-0390,Generalization_CustomObstacles_1027,CustomObstacles_027,Generalization,3,30027,temporal,3,Generalization_CustomObstacles_1027__s3__temporal
1173,block-0391,Generalization_ObscuredStop_1045,ObscuredStop_045,Generalization,3,30045,baseline,1,Generalization_ObscuredStop_1045__s3__baseline
1174,block-0391,Generalization_ObscuredStop_1045,ObscuredStop_045,Generalization,3,30045,current_frame,2,Generalization_ObscuredStop_1045__s3__current_frame
1175,block-0391,Generalization_ObscuredStop_1045,ObscuredStop_045,Generalization,3,30045,temporal,3,Generalization_ObscuredStop_1045__s3__temporal
1176,block-0392,Base_PedestrianOtherBlocker_0071,PedestrianOtherBlocker_071,Base,3,30071,current_frame,1,Base_PedestrianOtherBlocker_0071__s3__current_frame
1177,block-0392,Base_PedestrianOtherBlocker_0071,PedestrianOtherBlocker_071,Base,3,30071,baseline,2,Base_PedestrianOtherBlocker_0071__s3__baseline
1178,block-0392,Base_PedestrianOtherBlocker_0071,PedestrianOtherBlocker_071,Base,3,30071,temporal,3,Base_PedestrianOtherBlocker_0071__s3__temporal
1179,block-0393,Base_CustomObstacles_0023,CustomObstacles_023,Base,3,30023,current_frame,1,Base_CustomObstacles_0023__s3__current_frame
1180,block-0393,Base_CustomObstacles_0023,CustomObstacles_023,Base,3,30023,temporal,2,Base_CustomObstacles_0023__s3__temporal
1181,block-0393,Base_CustomObstacles_0023,CustomObstacles_023,Base,3,30023,baseline,3,Base_CustomObstacles_0023__s3__baseline
1182,block-0394,Base_FullyBlocked_0033,FullyBlocked_033,Base,3,30033,temporal,1,Base_FullyBlocked_0033__s3__temporal
1183,block-0394,Base_FullyBlocked_0033,FullyBlocked_033,Base,3,30033,baseline,2,Base_FullyBlocked_0033__s3__baseline
1184,block-0394,Base_FullyBlocked_0033,FullyBlocked_033,Base,3,30033,current_frame,3,Base_FullyBlocked_0033__s3__current_frame
1185,block-0395,Generalization_Animals_1080,Animals_080,Generalization,2,20080,current_frame,1,Generalization_Animals_1080__s2__current_frame
1186,block-0395,Generalization_Animals_1080,Animals_080,Generalization,2,20080,temporal,2,Generalization_Animals_1080__s2__temporal
1187,block-0395,Generalization_Animals_1080,Animals_080,Generalization,2,20080,baseline,3,Generalization_Animals_1080__s2__baseline
1188,block-0396,Base_PassableObstacles_0063,PassableObstacles_063,Base,3,30063,temporal,1,Base_PassableObstacles_0063__s3__temporal
1189,block-0396,Base_PassableObstacles_0063,PassableObstacles_063,Base,3,30063,current_frame,2,Base_PassableObstacles_0063__s3__current_frame
1190,block-0396,Base_PassableObstacles_0063,PassableObstacles_063,Base,3,30063,baseline,3,Base_PassableObstacles_0063__s3__baseline
1191,block-0397,Generalization_CustomObstacles_1028,CustomObstacles_028,Generalization,3,30028,temporal,1,Generalization_CustomObstacles_1028__s3__temporal
1192,block-0397,Generalization_CustomObstacles_1028,CustomObstacles_028,Generalization,3,30028,current_frame,2,Generalization_CustomObstacles_1028__s3__current_frame
1193,block-0397,Generalization_CustomObstacles_1028,CustomObstacles_028,Generalization,3,30028,baseline,3,Generalization_CustomObstacles_1028__s3__baseline
1194,block-0398,Generalization_PedestrianOtherBlocker_1072,PedestrianOtherBlocker_072,Generalization,3,30072,temporal,1,Generalization_PedestrianOtherBlocker_1072__s3__temporal
1195,block-0398,Generalization_PedestrianOtherBlocker_1072,PedestrianOtherBlocker_072,Generalization,3,30072,baseline,2,Generalization_PedestrianOtherBlocker_1072__s3__baseline
1196,block-0398,Generalization_PedestrianOtherBlocker_1072,PedestrianOtherBlocker_072,Generalization,3,30072,current_frame,3,Generalization_PedestrianOtherBlocker_1072__s3__current_frame
1197,block-0399,Base_ImageOnObject_0042,ImageOnObject_042,Base,3,30042,current_frame,1,Base_ImageOnObject_0042__s3__current_frame
1198,block-0399,Base_ImageOnObject_0042,ImageOnObject_042,Base,3,30042,baseline,2,Base_ImageOnObject_0042__s3__baseline
1199,block-0399,Base_ImageOnObject_0042,ImageOnObject_042,Base,3,30042,temporal,3,Base_ImageOnObject_0042__s3__temporal
1200,block-0400,Base_PedestrianCrowd_0069,PedestrianCrowd_069,Base,1,10069,current_frame,1,Base_PedestrianCrowd_0069__s1__current_frame
1201,block-0400,Base_PedestrianCrowd_0069,PedestrianCrowd_069,Base,1,10069,baseline,2,Base_PedestrianCrowd_0069__s1__baseline
1202,block-0400,Base_PedestrianCrowd_0069,PedestrianCrowd_069,Base,1,10069,temporal,3,Base_PedestrianCrowd_0069__s1__temporal
1203,block-0401,Base_ConstructionPermutations_0017,ConstructionPermutations_017,Base,3,30017,current_frame,1,Base_ConstructionPermutations_0017__s3__current_frame
1204,block-0401,Base_ConstructionPermutations_0017,ConstructionPermutations_017,Base,3,30017,baseline,2,Base_ConstructionPermutations_0017__s3__baseline
1205,block-0401,Base_ConstructionPermutations_0017,ConstructionPermutations_017,Base,3,30017,temporal,3,Base_ConstructionPermutations_0017__s3__temporal
1206,block-0402,Generalization_RightConstruction_1091,RightConstruction_091,Generalization,3,30091,baseline,1,Generalization_RightConstruction_1091__s3__baseline
1207,block-0402,Generalization_RightConstruction_1091,RightConstruction_091,Generalization,3,30091,temporal,2,Generalization_RightConstruction_1091__s3__temporal
1208,block-0402,Generalization_RightConstruction_1091,RightConstruction_091,Generalization,3,30091,current_frame,3,Generalization_RightConstruction_1091__s3__current_frame
1209,block-0403,Generalization_PedestrianOtherBlocker_1071,PedestrianOtherBlocker_071,Generalization,2,20071,current_frame,1,Generalization_PedestrianOtherBlocker_1071__s2__current_frame
1210,block-0403,Generalization_PedestrianOtherBlocker_1071,PedestrianOtherBlocker_071,Generalization,2,20071,baseline,2,Generalization_PedestrianOtherBlocker_1071__s2__baseline
1211,block-0403,Generalization_PedestrianOtherBlocker_1071,PedestrianOtherBlocker_071,Generalization,2,20071,temporal,3,Generalization_PedestrianOtherBlocker_1071__s2__temporal
1212,block-0404,Generalization_CustomObstacles_1024,CustomObstacles_024,Generalization,3,30024,current_frame,1,Generalization_CustomObstacles_1024__s3__current_frame
1213,block-0404,Generalization_CustomObstacles_1024,CustomObstacles_024,Generalization,3,30024,baseline,2,Generalization_CustomObstacles_1024__s3__baseline
1214,block-0404,Generalization_CustomObstacles_1024,CustomObstacles_024,Generalization,3,30024,temporal,3,Generalization_CustomObstacles_1024__s3__temporal
1215,block-0405,Base_ImageOnObject_0044,ImageOnObject_044,Base,1,10044,baseline,1,Base_ImageOnObject_0044__s1__baseline
1216,block-0405,Base_ImageOnObject_0044,ImageOnObject_044,Base,1,10044,current_frame,2,Base_ImageOnObject_0044__s1__current_frame
1217,block-0405,Base_ImageOnObject_0044,ImageOnObject_044,Base,1,10044,temporal,3,Base_ImageOnObject_0044__s1__temporal
1218,block-0406,Generalization_PedestriansOnRoad_1089,PedestriansOnRoad_089,Generalization,2,20089,current_frame,1,Generalization_PedestriansOnRoad_1089__s2__current_frame
1219,block-0406,Generalization_PedestriansOnRoad_1089,PedestriansOnRoad_089,Generalization,2,20089,baseline,2,Generalization_PedestriansOnRoad_1089__s2__baseline
1220,block-0406,Generalization_PedestriansOnRoad_1089,PedestriansOnRoad_089,Generalization,2,20089,temporal,3,Generalization_PedestriansOnRoad_1089__s2__temporal
1221,block-0407,Generalization_Animals_1079,Animals_079,Generalization,3,30079,temporal,1,Generalization_Animals_1079__s3__temporal
1222,block-0407,Generalization_Animals_1079,Animals_079,Generalization,3,30079,baseline,2,Generalization_Animals_1079__s3__baseline
1223,block-0407,Generalization_Animals_1079,Animals_079,Generalization,3,30079,current_frame,3,Generalization_Animals_1079__s3__current_frame
1224,block-0408,Base_Animals_0081,Animals_081,Base,2,20081,baseline,1,Base_Animals_0081__s2__baseline
1225,block-0408,Base_Animals_0081,Animals_081,Base,2,20081,temporal,2,Base_Animals_0081__s2__temporal
1226,block-0408,Base_Animals_0081,Animals_081,Base,2,20081,current_frame,3,Base_Animals_0081__s2__current_frame
1227,block-0409,Base_RightOfWay_0057,RightOfWay_057,Base,1,10057,current_frame,1,Base_RightOfWay_0057__s1__current_frame
1228,block-0409,Base_RightOfWay_0057,RightOfWay_057,Base,1,10057,baseline,2,Base_RightOfWay_0057__s1__baseline
1229,block-0409,Base_RightOfWay_0057,RightOfWay_057,Base,1,10057,temporal,3,Base_RightOfWay_0057__s1__temporal
1230,block-0410,Generalization_RightOfWay_1057,RightOfWay_057,Generalization,1,10057,current_frame,1,Generalization_RightOfWay_1057__s1__current_frame
1231,block-0410,Generalization_RightOfWay_1057,RightOfWay_057,Generalization,1,10057,baseline,2,Generalization_RightOfWay_1057__s1__baseline
1232,block-0410,Generalization_RightOfWay_1057,RightOfWay_057,Generalization,1,10057,temporal,3,Generalization_RightOfWay_1057__s1__temporal
1233,block-0411,Base_ObscuredStop_0049,ObscuredStop_049,Base,3,30049,temporal,1,Base_ObscuredStop_0049__s3__temporal
1234,block-0411,Base_ObscuredStop_0049,ObscuredStop_049,Base,3,30049,current_frame,2,Base_ObscuredStop_0049__s3__current_frame
1235,block-0411,Base_ObscuredStop_0049,ObscuredStop_049,Base,3,30049,baseline,3,Base_ObscuredStop_0049__s3__baseline
1236,block-0412,Generalization_HardBrake_1039,HardBrake_039,Generalization,1,10039,baseline,1,Generalization_HardBrake_1039__s1__baseline
1237,block-0412,Generalization_HardBrake_1039,HardBrake_039,Generalization,1,10039,current_frame,2,Generalization_HardBrake_1039__s1__current_frame
1238,block-0412,Generalization_HardBrake_1039,HardBrake_039,Generalization,1,10039,temporal,3,Generalization_HardBrake_1039__s1__temporal
1239,block-0413,Generalization_CustomObstacles_1021,CustomObstacles_021,Generalization,1,10021,baseline,1,Generalization_CustomObstacles_1021__s1__baseline
1240,block-0413,Generalization_CustomObstacles_1021,CustomObstacles_021,Generalization,1,10021,temporal,2,Generalization_CustomObstacles_1021__s1__temporal
1241,block-0413,Generalization_CustomObstacles_1021,CustomObstacles_021,Generalization,1,10021,current_frame,3,Generalization_CustomObstacles_1021__s1__current_frame
1242,block-0414,Generalization_ConstructionPermutations_1018,ConstructionPermutations_018,Generalization,2,20018,temporal,1,Generalization_ConstructionPermutations_1018__s2__temporal
1243,block-0414,Generalization_ConstructionPermutations_1018,ConstructionPermutations_018,Generalization,2,20018,current_frame,2,Generalization_ConstructionPermutations_1018__s2__current_frame
1244,block-0414,Generalization_ConstructionPermutations_1018,ConstructionPermutations_018,Generalization,2,20018,baseline,3,Generalization_ConstructionPermutations_1018__s2__baseline
1245,block-0415,Generalization_OppositeConstruction_1054,OppositeConstruction_054,Generalization,2,20054,current_frame,1,Generalization_OppositeConstruction_1054__s2__current_frame
1246,block-0415,Generalization_OppositeConstruction_1054,OppositeConstruction_054,Generalization,2,20054,temporal,2,Generalization_OppositeConstruction_1054__s2__temporal
1247,block-0415,Generalization_OppositeConstruction_1054,OppositeConstruction_054,Generalization,2,20054,baseline,3,Generalization_OppositeConstruction_1054__s2__baseline
1248,block-0416,Base_ConstructionPedestrian_0012,ConstructionPedestrian_012,Base,1,10012,current_frame,1,Base_ConstructionPedestrian_0012__s1__current_frame
1249,block-0416,Base_ConstructionPedestrian_0012,ConstructionPedestrian_012,Base,1,10012,baseline,2,Base_ConstructionPedestrian_0012__s1__baseline
1250,block-0416,Base_ConstructionPedestrian_0012,ConstructionPedestrian_012,Base,1,10012,temporal,3,Base_ConstructionPedestrian_0012__s1__temporal
1251,block-0417,Generalization_ObscuredStop_1045,ObscuredStop_045,Generalization,2,20045,baseline,1,Generalization_ObscuredStop_1045__s2__baseline
1252,block-0417,Generalization_ObscuredStop_1045,ObscuredStop_045,Generalization,2,20045,temporal,2,Generalization_ObscuredStop_1045__s2__temporal
1253,block-0417,Generalization_ObscuredStop_1045,ObscuredStop_045,Generalization,2,20045,current_frame,3,Generalization_ObscuredStop_1045__s2__current_frame
1254,block-0418,Base_Wall_0095,Wall_095,Base,1,10095,temporal,1,Base_Wall_0095__s1__temporal
1255,block-0418,Base_Wall_0095,Wall_095,Base,1,10095,current_frame,2,Base_Wall_0095__s1__current_frame
1256,block-0418,Base_Wall_0095,Wall_095,Base,1,10095,baseline,3,Base_Wall_0095__s1__baseline
1257,block-0419,Generalization_BadParking_1003,BadParking_003,Generalization,2,20003,baseline,1,Generalization_BadParking_1003__s2__baseline
1258,block-0419,Generalization_BadParking_1003,BadParking_003,Generalization,2,20003,temporal,2,Generalization_BadParking_1003__s2__temporal
1259,block-0419,Generalization_BadParking_1003,BadParking_003,Generalization,2,20003,current_frame,3,Generalization_BadParking_1003__s2__current_frame
1260,block-0420,Base_CustomObstacles_0026,CustomObstacles_026,Base,2,20026,current_frame,1,Base_CustomObstacles_0026__s2__current_frame
1261,block-0420,Base_CustomObstacles_0026,CustomObstacles_026,Base,2,20026,temporal,2,Base_CustomObstacles_0026__s2__temporal
1262,block-0420,Base_CustomObstacles_0026,CustomObstacles_026,Base,2,20026,baseline,3,Base_CustomObstacles_0026__s2__baseline
1263,block-0421,Base_FullyBlocked_0031,FullyBlocked_031,Base,3,30031,current_frame,1,Base_FullyBlocked_0031__s3__current_frame
1264,block-0421,Base_FullyBlocked_0031,FullyBlocked_031,Base,3,30031,temporal,2,Base_FullyBlocked_0031__s3__temporal
1265,block-0421,Base_FullyBlocked_0031,FullyBlocked_031,Base,3,30031,baseline,3,Base_FullyBlocked_0031__s3__baseline
1266,block-0422,Generalization_RightOfWay_1056,RightOfWay_056,Generalization,1,10056,current_frame,1,Generalization_RightOfWay_1056__s1__current_frame
1267,block-0422,Generalization_RightOfWay_1056,RightOfWay_056,Generalization,1,10056,baseline,2,Generalization_RightOfWay_1056__s1__baseline
1268,block-0422,Generalization_RightOfWay_1056,RightOfWay_056,Generalization,1,10056,temporal,3,Generalization_RightOfWay_1056__s1__temporal
1269,block-0423,Base_OppositeConstruction_0052,OppositeConstruction_052,Base,2,20052,baseline,1,Base_OppositeConstruction_0052__s2__baseline
1270,block-0423,Base_OppositeConstruction_0052,OppositeConstruction_052,Base,2,20052,temporal,2,Base_OppositeConstruction_0052__s2__temporal
1271,block-0423,Base_OppositeConstruction_0052,OppositeConstruction_052,Base,2,20052,current_frame,3,Base_OppositeConstruction_0052__s2__current_frame
1272,block-0424,Base_ConstructionPedestrian_0012,ConstructionPedestrian_012,Base,3,30012,temporal,1,Base_ConstructionPedestrian_0012__s3__temporal
1273,block-0424,Base_ConstructionPedestrian_0012,ConstructionPedestrian_012,Base,3,30012,baseline,2,Base_ConstructionPedestrian_0012__s3__baseline
1274,block-0424,Base_ConstructionPedestrian_0012,ConstructionPedestrian_012,Base,3,30012,current_frame,3,Base_ConstructionPedestrian_0012__s3__current_frame
1275,block-0425,Base_CustomObstacles_0028,CustomObstacles_028,Base,3,30028,baseline,1,Base_CustomObstacles_0028__s3__baseline
1276,block-0425,Base_CustomObstacles_0028,CustomObstacles_028,Base,3,30028,temporal,2,Base_CustomObstacles_0028__s3__temporal
1277,block-0425,Base_CustomObstacles_0028,CustomObstacles_028,Base,3,30028,current_frame,3,Base_CustomObstacles_0028__s3__current_frame
1278,block-0426,Base_CustomObstacles_0025,CustomObstacles_025,Base,1,10025,temporal,1,Base_CustomObstacles_0025__s1__temporal
1279,block-0426,Base_CustomObstacles_0025,CustomObstacles_025,Base,1,10025,baseline,2,Base_CustomObstacles_0025__s1__baseline
1280,block-0426,Base_CustomObstacles_0025,CustomObstacles_025,Base,1,10025,current_frame,3,Base_CustomObstacles_0025__s1__current_frame
1281,block-0427,Base_CustomObstacles_0029,CustomObstacles_029,Base,2,20029,current_frame,1,Base_CustomObstacles_0029__s2__current_frame
1282,block-0427,Base_CustomObstacles_0029,CustomObstacles_029,Base,2,20029,temporal,2,Base_CustomObstacles_0029__s2__temporal
1283,block-0427,Base_CustomObstacles_0029,CustomObstacles_029,Base,2,20029,baseline,3,Base_CustomObstacles_0029__s2__baseline
1284,block-0428,Generalization_PassableObstacles_1064,PassableObstacles_064,Generalization,1,10064,baseline,1,Generalization_PassableObstacles_1064__s1__baseline
1285,block-0428,Generalization_PassableObstacles_1064,PassableObstacles_064,Generalization,1,10064,current_frame,2,Generalization_PassableObstacles_1064__s1__current_frame
1286,block-0428,Generalization_PassableObstacles_1064,PassableObstacles_064,Generalization,1,10064,temporal,3,Generalization_PassableObstacles_1064__s1__temporal
1287,block-0429,Generalization_PedestrianCrowd_1067,PedestrianCrowd_067,Generalization,1,10067,current_frame,1,Generalization_PedestrianCrowd_1067__s1__current_frame
1288,block-0429,Generalization_PedestrianCrowd_1067,PedestrianCrowd_067,Generalization,1,10067,temporal,2,Generalization_PedestrianCrowd_1067__s1__temporal
1289,block-0429,Generalization_PedestrianCrowd_1067,PedestrianCrowd_067,Generalization,1,10067,baseline,3,Generalization_PedestrianCrowd_1067__s1__baseline
1290,block-0430,Base_RightOfWay_0056,RightOfWay_056,Base,3,30056,current_frame,1,Base_RightOfWay_0056__s3__current_frame
1291,block-0430,Base_RightOfWay_0056,RightOfWay_056,Base,3,30056,baseline,2,Base_RightOfWay_0056__s3__baseline
1292,block-0430,Base_RightOfWay_0056,RightOfWay_056,Base,3,30056,temporal,3,Base_RightOfWay_0056__s3__temporal
1293,block-0431,Base_HardBrake_0036,HardBrake_036,Base,2,20036,temporal,1,Base_HardBrake_0036__s2__temporal
1294,block-0431,Base_HardBrake_0036,HardBrake_036,Base,2,20036,baseline,2,Base_HardBrake_0036__s2__baseline
1295,block-0431,Base_HardBrake_0036,HardBrake_036,Base,2,20036,current_frame,3,Base_HardBrake_0036__s2__current_frame
1296,block-0432,Base_BadParking_0007,BadParking_007,Base,1,10007,baseline,1,Base_BadParking_0007__s1__baseline
1297,block-0432,Base_BadParking_0007,BadParking_007,Base,1,10007,temporal,2,Base_BadParking_0007__s1__temporal
1298,block-0432,Base_BadParking_0007,BadParking_007,Base,1,10007,current_frame,3,Base_BadParking_0007__s1__current_frame
1299,block-0433,Generalization_PedestriansOnRoad_1089,PedestriansOnRoad_089,Generalization,3,30089,temporal,1,Generalization_PedestriansOnRoad_1089__s3__temporal
1300,block-0433,Generalization_PedestriansOnRoad_1089,PedestriansOnRoad_089,Generalization,3,30089,baseline,2,Generalization_PedestriansOnRoad_1089__s3__baseline
1301,block-0433,Generalization_PedestriansOnRoad_1089,PedestriansOnRoad_089,Generalization,3,30089,current_frame,3,Generalization_PedestriansOnRoad_1089__s3__current_frame
1302,block-0434,Base_PedestrianOtherBlocker_0074,PedestrianOtherBlocker_074,Base,1,10074,current_frame,1,Base_PedestrianOtherBlocker_0074__s1__current_frame
1303,block-0434,Base_PedestrianOtherBlocker_0074,PedestrianOtherBlocker_074,Base,1,10074,baseline,2,Base_PedestrianOtherBlocker_0074__s1__baseline
1304,block-0434,Base_PedestrianOtherBlocker_0074,PedestrianOtherBlocker_074,Base,1,10074,temporal,3,Base_PedestrianOtherBlocker_0074__s1__temporal
1305,block-0435,Base_RightOfWay_0059,RightOfWay_059,Base,2,20059,temporal,1,Base_RightOfWay_0059__s2__temporal
1306,block-0435,Base_RightOfWay_0059,RightOfWay_059,Base,2,20059,current_frame,2,Base_RightOfWay_0059__s2__current_frame
1307,block-0435,Base_RightOfWay_0059,RightOfWay_059,Base,2,20059,baseline,3,Base_RightOfWay_0059__s2__baseline
1308,block-0436,Base_OppositeConstruction_0052,OppositeConstruction_052,Base,3,30052,temporal,1,Base_OppositeConstruction_0052__s3__temporal
1309,block-0436,Base_OppositeConstruction_0052,OppositeConstruction_052,Base,3,30052,baseline,2,Base_OppositeConstruction_0052__s3__baseline
1310,block-0436,Base_OppositeConstruction_0052,OppositeConstruction_052,Base,3,30052,current_frame,3,Base_OppositeConstruction_0052__s3__current_frame
1311,block-0437,Base_PedestrianOtherBlocker_0070,PedestrianOtherBlocker_070,Base,1,10070,baseline,1,Base_PedestrianOtherBlocker_0070__s1__baseline
1312,block-0437,Base_PedestrianOtherBlocker_0070,PedestrianOtherBlocker_070,Base,1,10070,temporal,2,Base_PedestrianOtherBlocker_0070__s1__temporal
1313,block-0437,Base_PedestrianOtherBlocker_0070,PedestrianOtherBlocker_070,Base,1,10070,current_frame,3,Base_PedestrianOtherBlocker_0070__s1__current_frame
1314,block-0438,Generalization_FullyBlocked_1034,FullyBlocked_034,Generalization,2,20034,temporal,1,Generalization_FullyBlocked_1034__s2__temporal
1315,block-0438,Generalization_FullyBlocked_1034,FullyBlocked_034,Generalization,2,20034,current_frame,2,Generalization_FullyBlocked_1034__s2__current_frame
1316,block-0438,Generalization_FullyBlocked_1034,FullyBlocked_034,Generalization,2,20034,baseline,3,Generalization_FullyBlocked_1034__s2__baseline
1317,block-0439,Generalization_Wall_1098,Wall_098,Generalization,2,20098,current_frame,1,Generalization_Wall_1098__s2__current_frame
1318,block-0439,Generalization_Wall_1098,Wall_098,Generalization,2,20098,temporal,2,Generalization_Wall_1098__s2__temporal
1319,block-0439,Generalization_Wall_1098,Wall_098,Generalization,2,20098,baseline,3,Generalization_Wall_1098__s2__baseline
1320,block-0440,Base_PedestrianCrowd_0066,PedestrianCrowd_066,Base,3,30066,baseline,1,Base_PedestrianCrowd_0066__s3__baseline
1321,block-0440,Base_PedestrianCrowd_0066,PedestrianCrowd_066,Base,3,30066,temporal,2,Base_PedestrianCrowd_0066__s3__temporal
1322,block-0440,Base_PedestrianCrowd_0066,PedestrianCrowd_066,Base,3,30066,current_frame,3,Base_PedestrianCrowd_0066__s3__current_frame
1323,block-0441,Generalization_RightOfWay_1058,RightOfWay_058,Generalization,2,20058,baseline,1,Generalization_RightOfWay_1058__s2__baseline
1324,block-0441,Generalization_RightOfWay_1058,RightOfWay_058,Generalization,2,20058,current_frame,2,Generalization_RightOfWay_1058__s2__current_frame
1325,block-0441,Generalization_RightOfWay_1058,RightOfWay_058,Generalization,2,20058,temporal,3,Generalization_RightOfWay_1058__s2__temporal
1326,block-0442,Base_Animals_0082,Animals_082,Base,3,30082,current_frame,1,Base_Animals_0082__s3__current_frame
1327,block-0442,Base_Animals_0082,Animals_082,Base,3,30082,baseline,2,Base_Animals_0082__s3__baseline
1328,block-0442,Base_Animals_0082,Animals_082,Base,3,30082,temporal,3,Base_Animals_0082__s3__temporal
1329,block-0443,Base_RightOfWay_0055,RightOfWay_055,Base,1,10055,baseline,1,Base_RightOfWay_0055__s1__baseline
1330,block-0443,Base_RightOfWay_0055,RightOfWay_055,Base,1,10055,current_frame,2,Base_RightOfWay_0055__s1__current_frame
1331,block-0443,Base_RightOfWay_0055,RightOfWay_055,Base,1,10055,temporal,3,Base_RightOfWay_0055__s1__temporal
1332,block-0444,Generalization_CustomObstacles_1021,CustomObstacles_021,Generalization,3,30021,temporal,1,Generalization_CustomObstacles_1021__s3__temporal
1333,block-0444,Generalization_CustomObstacles_1021,CustomObstacles_021,Generalization,3,30021,baseline,2,Generalization_CustomObstacles_1021__s3__baseline
1334,block-0444,Generalization_CustomObstacles_1021,CustomObstacles_021,Generalization,3,30021,current_frame,3,Generalization_CustomObstacles_1021__s3__current_frame
1335,block-0445,Generalization_RightOfWay_1059,RightOfWay_059,Generalization,3,30059,baseline,1,Generalization_RightOfWay_1059__s3__baseline
1336,block-0445,Generalization_RightOfWay_1059,RightOfWay_059,Generalization,3,30059,current_frame,2,Generalization_RightOfWay_1059__s3__current_frame
1337,block-0445,Generalization_RightOfWay_1059,RightOfWay_059,Generalization,3,30059,temporal,3,Generalization_RightOfWay_1059__s3__temporal
1338,block-0446,Generalization_ImageOnObject_1042,ImageOnObject_042,Generalization,1,10042,current_frame,1,Generalization_ImageOnObject_1042__s1__current_frame
1339,block-0446,Generalization_ImageOnObject_1042,ImageOnObject_042,Generalization,1,10042,temporal,2,Generalization_ImageOnObject_1042__s1__temporal
1340,block-0446,Generalization_ImageOnObject_1042,ImageOnObject_042,Generalization,1,10042,baseline,3,Generalization_ImageOnObject_1042__s1__baseline
1341,block-0447,Generalization_Animals_1083,Animals_083,Generalization,1,10083,baseline,1,Generalization_Animals_1083__s1__baseline
1342,block-0447,Generalization_Animals_1083,Animals_083,Generalization,1,10083,temporal,2,Generalization_Animals_1083__s1__temporal
1343,block-0447,Generalization_Animals_1083,Animals_083,Generalization,1,10083,current_frame,3,Generalization_Animals_1083__s1__current_frame
1344,block-0448,Base_PedestrianCrowd_0066,PedestrianCrowd_066,Base,2,20066,current_frame,1,Base_PedestrianCrowd_0066__s2__current_frame
1345,block-0448,Base_PedestrianCrowd_0066,PedestrianCrowd_066,Base,2,20066,baseline,2,Base_PedestrianCrowd_0066__s2__baseline
1346,block-0448,Base_PedestrianCrowd_0066,PedestrianCrowd_066,Base,2,20066,temporal,3,Base_PedestrianCrowd_0066__s2__temporal
1347,block-0449,Generalization_PedestrianCrowd_1069,PedestrianCrowd_069,Generalization,2,20069,baseline,1,Generalization_PedestrianCrowd_1069__s2__baseline
1348,block-0449,Generalization_PedestrianCrowd_1069,PedestrianCrowd_069,Generalization,2,20069,current_frame,2,Generalization_PedestrianCrowd_1069__s2__current_frame
1349,block-0449,Generalization_PedestrianCrowd_1069,PedestrianCrowd_069,Generalization,2,20069,temporal,3,Generalization_PedestrianCrowd_1069__s2__temporal
1350,block-0450,Generalization_RightConstruction_1093,RightConstruction_093,Generalization,3,30093,baseline,1,Generalization_RightConstruction_1093__s3__baseline
1351,block-0450,Generalization_RightConstruction_1093,RightConstruction_093,Generalization,3,30093,temporal,2,Generalization_RightConstruction_1093__s3__temporal
1352,block-0450,Generalization_RightConstruction_1093,RightConstruction_093,Generalization,3,30093,current_frame,3,Generalization_RightConstruction_1093__s3__current_frame
1353,block-0451,Base_ConstructionPermutations_0019,ConstructionPermutations_019,Base,1,10019,current_frame,1,Base_ConstructionPermutations_0019__s1__current_frame
1354,block-0451,Base_ConstructionPermutations_0019,ConstructionPermutations_019,Base,1,10019,baseline,2,Base_ConstructionPermutations_0019__s1__baseline
1355,block-0451,Base_ConstructionPermutations_0019,ConstructionPermutations_019,Base,1,10019,temporal,3,Base_ConstructionPermutations_0019__s1__temporal
1356,block-0452,Generalization_FullyBlocked_1032,FullyBlocked_032,Generalization,3,30032,baseline,1,Generalization_FullyBlocked_1032__s3__baseline
1357,block-0452,Generalization_FullyBlocked_1032,FullyBlocked_032,Generalization,3,30032,temporal,2,Generalization_FullyBlocked_1032__s3__temporal
1358,block-0452,Generalization_FullyBlocked_1032,FullyBlocked_032,Generalization,3,30032,current_frame,3,Generalization_FullyBlocked_1032__s3__current_frame
1359,block-0453,Base_BadParking_0007,BadParking_007,Base,2,20007,baseline,1,Base_BadParking_0007__s2__baseline
1360,block-0453,Base_BadParking_0007,BadParking_007,Base,2,20007,current_frame,2,Base_BadParking_0007__s2__current_frame
1361,block-0453,Base_BadParking_0007,BadParking_007,Base,2,20007,temporal,3,Base_BadParking_0007__s2__temporal
1362,block-0454,Base_PassableObstacles_0063,PassableObstacles_063,Base,2,20063,temporal,1,Base_PassableObstacles_0063__s2__temporal
1363,block-0454,Base_PassableObstacles_0063,PassableObstacles_063,Base,2,20063,current_frame,2,Base_PassableObstacles_0063__s2__current_frame
1364,block-0454,Base_PassableObstacles_0063,PassableObstacles_063,Base,2,20063,baseline,3,Base_PassableObstacles_0063__s2__baseline
1365,block-0455,Generalization_PedestrianOtherBlocker_1070,PedestrianOtherBlocker_070,Generalization,1,10070,baseline,1,Generalization_PedestrianOtherBlocker_1070__s1__baseline
1366,block-0455,Generalization_PedestrianOtherBlocker_1070,PedestrianOtherBlocker_070,Generalization,1,10070,temporal,2,Generalization_PedestrianOtherBlocker_1070__s1__temporal
1367,block-0455,Generalization_PedestrianOtherBlocker_1070,PedestrianOtherBlocker_070,Generalization,1,10070,current_frame,3,Generalization_PedestrianOtherBlocker_1070__s1__current_frame
1368,block-0456,Base_RightConstruction_0094,RightConstruction_094,Base,3,30094,current_frame,1,Base_RightConstruction_0094__s3__current_frame
1369,block-0456,Base_RightConstruction_0094,RightConstruction_094,Base,3,30094,temporal,2,Base_RightConstruction_0094__s3__temporal
1370,block-0456,Base_RightConstruction_0094,RightConstruction_094,Base,3,30094,baseline,3,Base_RightConstruction_0094__s3__baseline
1371,block-0457,Generalization_CustomObstacles_1026,CustomObstacles_026,Generalization,1,10026,temporal,1,Generalization_CustomObstacles_1026__s1__temporal
1372,block-0457,Generalization_CustomObstacles_1026,CustomObstacles_026,Generalization,1,10026,current_frame,2,Generalization_CustomObstacles_1026__s1__current_frame
1373,block-0457,Generalization_CustomObstacles_1026,CustomObstacles_026,Generalization,1,10026,baseline,3,Generalization_CustomObstacles_1026__s1__baseline
1374,block-0458,Generalization_Wall_1097,Wall_097,Generalization,1,10097,current_frame,1,Generalization_Wall_1097__s1__current_frame
1375,block-0458,Generalization_Wall_1097,Wall_097,Generalization,1,10097,baseline,2,Generalization_Wall_1097__s1__baseline
1376,block-0458,Generalization_Wall_1097,Wall_097,Generalization,1,10097,temporal,3,Generalization_Wall_1097__s1__temporal
1377,block-0459,Base_CustomObstacles_0024,CustomObstacles_024,Base,1,10024,baseline,1,Base_CustomObstacles_0024__s1__baseline
1378,block-0459,Base_CustomObstacles_0024,CustomObstacles_024,Base,1,10024,temporal,2,Base_CustomObstacles_0024__s1__temporal
1379,block-0459,Base_CustomObstacles_0024,CustomObstacles_024,Base,1,10024,current_frame,3,Base_CustomObstacles_0024__s1__current_frame
1380,block-0460,Generalization_CustomObstacles_1021,CustomObstacles_021,Generalization,2,20021,temporal,1,Generalization_CustomObstacles_1021__s2__temporal
1381,block-0460,Generalization_CustomObstacles_1021,CustomObstacles_021,Generalization,2,20021,current_frame,2,Generalization_CustomObstacles_1021__s2__current_frame
1382,block-0460,Generalization_CustomObstacles_1021,CustomObstacles_021,Generalization,2,20021,baseline,3,Generalization_CustomObstacles_1021__s2__baseline
1383,block-0461,Generalization_FullyBlocked_1033,FullyBlocked_033,Generalization,3,30033,baseline,1,Generalization_FullyBlocked_1033__s3__baseline
1384,block-0461,Generalization_FullyBlocked_1033,FullyBlocked_033,Generalization,3,30033,temporal,2,Generalization_FullyBlocked_1033__s3__temporal
1385,block-0461,Generalization_FullyBlocked_1033,FullyBlocked_033,Generalization,3,30033,current_frame,3,Generalization_FullyBlocked_1033__s3__current_frame
1386,block-0462,Base_Animals_0078,Animals_078,Base,3,30078,temporal,1,Base_Animals_0078__s3__temporal
1387,block-0462,Base_Animals_0078,Animals_078,Base,3,30078,current_frame,2,Base_Animals_0078__s3__current_frame
1388,block-0462,Base_Animals_0078,Animals_078,Base,3,30078,baseline,3,Base_Animals_0078__s3__baseline
1389,block-0463,Base_PassableObstacles_0062,PassableObstacles_062,Base,3,30062,temporal,1,Base_PassableObstacles_0062__s3__temporal
1390,block-0463,Base_PassableObstacles_0062,PassableObstacles_062,Base,3,30062,current_frame,2,Base_PassableObstacles_0062__s3__current_frame
1391,block-0463,Base_PassableObstacles_0062,PassableObstacles_062,Base,3,30062,baseline,3,Base_PassableObstacles_0062__s3__baseline
1392,block-0464,Base_ConstructionPedestrian_0011,ConstructionPedestrian_011,Base,1,10011,temporal,1,Base_ConstructionPedestrian_0011__s1__temporal
1393,block-0464,Base_ConstructionPedestrian_0011,ConstructionPedestrian_011,Base,1,10011,current_frame,2,Base_ConstructionPedestrian_0011__s1__current_frame
1394,block-0464,Base_ConstructionPedestrian_0011,ConstructionPedestrian_011,Base,1,10011,baseline,3,Base_ConstructionPedestrian_0011__s1__baseline
1395,block-0465,Generalization_Animals_1082,Animals_082,Generalization,3,30082,baseline,1,Generalization_Animals_1082__s3__baseline
1396,block-0465,Generalization_Animals_1082,Animals_082,Generalization,3,30082,current_frame,2,Generalization_Animals_1082__s3__current_frame
1397,block-0465,Generalization_Animals_1082,Animals_082,Generalization,3,30082,temporal,3,Generalization_Animals_1082__s3__temporal
1398,block-0466,Base_ConstructionPedestrian_0014,ConstructionPedestrian_014,Base,3,30014,baseline,1,Base_ConstructionPedestrian_0014__s3__baseline
1399,block-0466,Base_ConstructionPedestrian_0014,ConstructionPedestrian_014,Base,3,30014,current_frame,2,Base_ConstructionPedestrian_0014__s3__current_frame
1400,block-0466,Base_ConstructionPedestrian_0014,ConstructionPedestrian_014,Base,3,30014,temporal,3,Base_ConstructionPedestrian_0014__s3__temporal
1401,block-0467,Generalization_FullyBlocked_1034,FullyBlocked_034,Generalization,1,10034,temporal,1,Generalization_FullyBlocked_1034__s1__temporal
1402,block-0467,Generalization_FullyBlocked_1034,FullyBlocked_034,Generalization,1,10034,baseline,2,Generalization_FullyBlocked_1034__s1__baseline
1403,block-0467,Generalization_FullyBlocked_1034,FullyBlocked_034,Generalization,1,10034,current_frame,3,Generalization_FullyBlocked_1034__s1__current_frame
1404,block-0468,Generalization_FullyBlocked_1030,FullyBlocked_030,Generalization,2,20030,current_frame,1,Generalization_FullyBlocked_1030__s2__current_frame
1405,block-0468,Generalization_FullyBlocked_1030,FullyBlocked_030,Generalization,2,20030,baseline,2,Generalization_FullyBlocked_1030__s2__baseline
1406,block-0468,Generalization_FullyBlocked_1030,FullyBlocked_030,Generalization,2,20030,temporal,3,Generalization_FullyBlocked_1030__s2__temporal
1407,block-0469,Base_PassableObstacles_0061,PassableObstacles_061,Base,1,10061,baseline,1,Base_PassableObstacles_0061__s1__baseline
1408,block-0469,Base_PassableObstacles_0061,PassableObstacles_061,Base,1,10061,temporal,2,Base_PassableObstacles_0061__s1__temporal
1409,block-0469,Base_PassableObstacles_0061,PassableObstacles_061,Base,1,10061,current_frame,3,Base_PassableObstacles_0061__s1__current_frame
1410,block-0470,Base_OppositeConstruction_0051,OppositeConstruction_051,Base,2,20051,temporal,1,Base_OppositeConstruction_0051__s2__temporal
1411,block-0470,Base_OppositeConstruction_0051,OppositeConstruction_051,Base,2,20051,baseline,2,Base_OppositeConstruction_0051__s2__baseline
1412,block-0470,Base_OppositeConstruction_0051,OppositeConstruction_051,Base,2,20051,current_frame,3,Base_OppositeConstruction_0051__s2__current_frame
1413,block-0471,Base_HardBrake_0037,HardBrake_037,Base,2,20037,temporal,1,Base_HardBrake_0037__s2__temporal
1414,block-0471,Base_HardBrake_0037,HardBrake_037,Base,2,20037,baseline,2,Base_HardBrake_0037__s2__baseline
1415,block-0471,Base_HardBrake_0037,HardBrake_037,Base,2,20037,current_frame,3,Base_HardBrake_0037__s2__current_frame
1416,block-0472,Generalization_ConstructionPedestrian_1013,ConstructionPedestrian_013,Generalization,1,10013,baseline,1,Generalization_ConstructionPedestrian_1013__s1__baseline
1417,block-0472,Generalization_ConstructionPedestrian_1013,ConstructionPedestrian_013,Generalization,1,10013,temporal,2,Generalization_ConstructionPedestrian_1013__s1__temporal
1418,block-0472,Generalization_ConstructionPedestrian_1013,ConstructionPedestrian_013,Generalization,1,10013,current_frame,3,Generalization_ConstructionPedestrian_1013__s1__current_frame
1419,block-0473,Generalization_CustomObstacles_1023,CustomObstacles_023,Generalization,1,10023,current_frame,1,Generalization_CustomObstacles_1023__s1__current_frame
1420,block-0473,Generalization_CustomObstacles_1023,CustomObstacles_023,Generalization,1,10023,baseline,2,Generalization_CustomObstacles_1023__s1__baseline
1421,block-0473,Generalization_CustomObstacles_1023,CustomObstacles_023,Generalization,1,10023,temporal,3,Generalization_CustomObstacles_1023__s1__temporal
1422,block-0474,Base_Animals_0084,Animals_084,Base,3,30084,current_frame,1,Base_Animals_0084__s3__current_frame
1423,block-0474,Base_Animals_0084,Animals_084,Base,3,30084,temporal,2,Base_Animals_0084__s3__temporal
1424,block-0474,Base_Animals_0084,Animals_084,Base,3,30084,baseline,3,Base_Animals_0084__s3__baseline
1425,block-0475,Base_PassableObstacles_0064,PassableObstacles_064,Base,2,20064,temporal,1,Base_PassableObstacles_0064__s2__temporal
1426,block-0475,Base_PassableObstacles_0064,PassableObstacles_064,Base,2,20064,baseline,2,Base_PassableObstacles_0064__s2__baseline
1427,block-0475,Base_PassableObstacles_0064,PassableObstacles_064,Base,2,20064,current_frame,3,Base_PassableObstacles_0064__s2__current_frame
1428,block-0476,Generalization_BadParking_1001,BadParking_001,Generalization,2,20001,temporal,1,Generalization_BadParking_1001__s2__temporal
1429,block-0476,Generalization_BadParking_1001,BadParking_001,Generalization,2,20001,current_frame,2,Generalization_BadParking_1001__s2__current_frame
1430,block-0476,Generalization_BadParking_1001,BadParking_001,Generalization,2,20001,baseline,3,Generalization_BadParking_1001__s2__baseline
1431,block-0477,Generalization_PassableObstacles_1061,PassableObstacles_061,Generalization,3,30061,current_frame,1,Generalization_PassableObstacles_1061__s3__current_frame
1432,block-0477,Generalization_PassableObstacles_1061,PassableObstacles_061,Generalization,3,30061,temporal,2,Generalization_PassableObstacles_1061__s3__temporal
1433,block-0477,Generalization_PassableObstacles_1061,PassableObstacles_061,Generalization,3,30061,baseline,3,Generalization_PassableObstacles_1061__s3__baseline
1434,block-0478,Generalization_Animals_1083,Animals_083,Generalization,3,30083,current_frame,1,Generalization_Animals_1083__s3__current_frame
1435,block-0478,Generalization_Animals_1083,Animals_083,Generalization,3,30083,baseline,2,Generalization_Animals_1083__s3__baseline
1436,block-0478,Generalization_Animals_1083,Animals_083,Generalization,3,30083,temporal,3,Generalization_Animals_1083__s3__temporal
1437,block-0479,Generalization_Animals_1079,Animals_079,Generalization,2,20079,temporal,1,Generalization_Animals_1079__s2__temporal
1438,block-0479,Generalization_Animals_1079,Animals_079,Generalization,2,20079,current_frame,2,Generalization_Animals_1079__s2__current_frame
1439,block-0479,Generalization_Animals_1079,Animals_079,Generalization,2,20079,baseline,3,Generalization_Animals_1079__s2__baseline
1440,block-0480,Generalization_PedestrianOtherBlocker_1070,PedestrianOtherBlocker_070,Generalization,2,20070,temporal,1,Generalization_PedestrianOtherBlocker_1070__s2__temporal
1441,block-0480,Generalization_PedestrianOtherBlocker_1070,PedestrianOtherBlocker_070,Generalization,2,20070,baseline,2,Generalization_PedestrianOtherBlocker_1070__s2__baseline
1442,block-0480,Generalization_PedestrianOtherBlocker_1070,PedestrianOtherBlocker_070,Generalization,2,20070,current_frame,3,Generalization_PedestrianOtherBlocker_1070__s2__current_frame
1443,block-0481,Generalization_ConstructionPermutations_1015,ConstructionPermutations_015,Generalization,1,10015,temporal,1,Generalization_ConstructionPermutations_1015__s1__temporal
1444,block-0481,Generalization_ConstructionPermutations_1015,ConstructionPermutations_015,Generalization,1,10015,current_frame,2,Generalization_ConstructionPermutations_1015__s1__current_frame
1445,block-0481,Generalization_ConstructionPermutations_1015,ConstructionPermutations_015,Generalization,1,10015,baseline,3,Generalization_ConstructionPermutations_1015__s1__baseline
1446,block-0482,Generalization_ConstructionPedestrian_1012,ConstructionPedestrian_012,Generalization,2,20012,current_frame,1,Generalization_ConstructionPedestrian_1012__s2__current_frame
1447,block-0482,Generalization_ConstructionPedestrian_1012,ConstructionPedestrian_012,Generalization,2,20012,temporal,2,Generalization_ConstructionPedestrian_1012__s2__temporal
1448,block-0482,Generalization_ConstructionPedestrian_1012,ConstructionPedestrian_012,Generalization,2,20012,baseline,3,Generalization_ConstructionPedestrian_1012__s2__baseline
1449,block-0483,Base_ConstructionPedestrian_0013,ConstructionPedestrian_013,Base,2,20013,current_frame,1,Base_ConstructionPedestrian_0013__s2__current_frame
1450,block-0483,Base_ConstructionPedestrian_0013,ConstructionPedestrian_013,Base,2,20013,temporal,2,Base_ConstructionPedestrian_0013__s2__temporal
1451,block-0483,Base_ConstructionPedestrian_0013,ConstructionPedestrian_013,Base,2,20013,baseline,3,Base_ConstructionPedestrian_0013__s2__baseline
1452,block-0484,Generalization_ImageOnObject_1041,ImageOnObject_041,Generalization,1,10041,current_frame,1,Generalization_ImageOnObject_1041__s1__current_frame
1453,block-0484,Generalization_ImageOnObject_1041,ImageOnObject_041,Generalization,1,10041,temporal,2,Generalization_ImageOnObject_1041__s1__temporal
1454,block-0484,Generalization_ImageOnObject_1041,ImageOnObject_041,Generalization,1,10041,baseline,3,Generalization_ImageOnObject_1041__s1__baseline
1455,block-0485,Generalization_PassableObstacles_1061,PassableObstacles_061,Generalization,2,20061,temporal,1,Generalization_PassableObstacles_1061__s2__temporal
1456,block-0485,Generalization_PassableObstacles_1061,PassableObstacles_061,Generalization,2,20061,baseline,2,Generalization_PassableObstacles_1061__s2__baseline
1457,block-0485,Generalization_PassableObstacles_1061,PassableObstacles_061,Generalization,2,20061,current_frame,3,Generalization_PassableObstacles_1061__s2__current_frame
1458,block-0486,Generalization_OppositeConstruction_1052,OppositeConstruction_052,Generalization,2,20052,baseline,1,Generalization_OppositeConstruction_1052__s2__baseline
1459,block-0486,Generalization_OppositeConstruction_1052,OppositeConstruction_052,Generalization,2,20052,temporal,2,Generalization_OppositeConstruction_1052__s2__temporal
1460,block-0486,Generalization_OppositeConstruction_1052,OppositeConstruction_052,Generalization,2,20052,current_frame,3,Generalization_OppositeConstruction_1052__s2__current_frame
1461,block-0487,Generalization_ImageOnObject_1043,ImageOnObject_043,Generalization,3,30043,baseline,1,Generalization_ImageOnObject_1043__s3__baseline
1462,block-0487,Generalization_ImageOnObject_1043,ImageOnObject_043,Generalization,3,30043,temporal,2,Generalization_ImageOnObject_1043__s3__temporal
1463,block-0487,Generalization_ImageOnObject_1043,ImageOnObject_043,Generalization,3,30043,current_frame,3,Generalization_ImageOnObject_1043__s3__current_frame
1464,block-0488,Base_BadParking_0005,BadParking_005,Base,1,10005,temporal,1,Base_BadParking_0005__s1__temporal
1465,block-0488,Base_BadParking_0005,BadParking_005,Base,1,10005,baseline,2,Base_BadParking_0005__s1__baseline
1466,block-0488,Base_BadParking_0005,BadParking_005,Base,1,10005,current_frame,3,Base_BadParking_0005__s1__current_frame
1467,block-0489,Generalization_BadParking_1008,BadParking_008,Generalization,2,20008,baseline,1,Generalization_BadParking_1008__s2__baseline
1468,block-0489,Generalization_BadParking_1008,BadParking_008,Generalization,2,20008,current_frame,2,Generalization_BadParking_1008__s2__current_frame
1469,block-0489,Generalization_BadParking_1008,BadParking_008,Generalization,2,20008,temporal,3,Generalization_BadParking_1008__s2__temporal
1470,block-0490,Generalization_PedestrianCrowd_1069,PedestrianCrowd_069,Generalization,1,10069,temporal,1,Generalization_PedestrianCrowd_1069__s1__temporal
1471,block-0490,Generalization_PedestrianCrowd_1069,PedestrianCrowd_069,Generalization,1,10069,baseline,2,Generalization_PedestrianCrowd_1069__s1__baseline
1472,block-0490,Generalization_PedestrianCrowd_1069,PedestrianCrowd_069,Generalization,1,10069,current_frame,3,Generalization_PedestrianCrowd_1069__s1__current_frame
1473,block-0491,Base_BadParking_0002,BadParking_002,Base,2,20002,baseline,1,Base_BadParking_0002__s2__baseline
1474,block-0491,Base_BadParking_0002,BadParking_002,Base,2,20002,temporal,2,Base_BadParking_0002__s2__temporal
1475,block-0491,Base_BadParking_0002,BadParking_002,Base,2,20002,current_frame,3,Base_BadParking_0002__s2__current_frame
1476,block-0492,Generalization_ConstructionPermutations_1015,ConstructionPermutations_015,Generalization,3,30015,current_frame,1,Generalization_ConstructionPermutations_1015__s3__current_frame
1477,block-0492,Generalization_ConstructionPermutations_1015,ConstructionPermutations_015,Generalization,3,30015,baseline,2,Generalization_ConstructionPermutations_1015__s3__baseline
1478,block-0492,Generalization_ConstructionPermutations_1015,ConstructionPermutations_015,Generalization,3,30015,temporal,3,Generalization_ConstructionPermutations_1015__s3__temporal
1479,block-0493,Generalization_OppositeConstruction_1053,OppositeConstruction_053,Generalization,3,30053,current_frame,1,Generalization_OppositeConstruction_1053__s3__current_frame
1480,block-0493,Generalization_OppositeConstruction_1053,OppositeConstruction_053,Generalization,3,30053,baseline,2,Generalization_OppositeConstruction_1053__s3__baseline
1481,block-0493,Generalization_OppositeConstruction_1053,OppositeConstruction_053,Generalization,3,30053,temporal,3,Generalization_OppositeConstruction_1053__s3__temporal
1482,block-0494,Generalization_CustomObstacles_1027,CustomObstacles_027,Generalization,2,20027,baseline,1,Generalization_CustomObstacles_1027__s2__baseline
1483,block-0494,Generalization_CustomObstacles_1027,CustomObstacles_027,Generalization,2,20027,temporal,2,Generalization_CustomObstacles_1027__s2__temporal
1484,block-0494,Generalization_CustomObstacles_1027,CustomObstacles_027,Generalization,2,20027,current_frame,3,Generalization_CustomObstacles_1027__s2__current_frame
1485,block-0495,Generalization_Wall_1099,Wall_099,Generalization,1,10099,current_frame,1,Generalization_Wall_1099__s1__current_frame
1486,block-0495,Generalization_Wall_1099,Wall_099,Generalization,1,10099,baseline,2,Generalization_Wall_1099__s1__baseline
1487,block-0495,Generalization_Wall_1099,Wall_099,Generalization,1,10099,temporal,3,Generalization_Wall_1099__s1__temporal
1488,block-0496,Generalization_PedestrianOtherBlocker_1072,PedestrianOtherBlocker_072,Generalization,1,10072,baseline,1,Generalization_PedestrianOtherBlocker_1072__s1__baseline
1489,block-0496,Generalization_PedestrianOtherBlocker_1072,PedestrianOtherBlocker_072,Generalization,1,10072,current_frame,2,Generalization_PedestrianOtherBlocker_1072__s1__current_frame
1490,block-0496,Generalization_PedestrianOtherBlocker_1072,PedestrianOtherBlocker_072,Generalization,1,10072,temporal,3,Generalization_PedestrianOtherBlocker_1072__s1__temporal
1491,block-0497,Generalization_PassableObstacles_1060,PassableObstacles_060,Generalization,2,20060,baseline,1,Generalization_PassableObstacles_1060__s2__baseline
1492,block-0497,Generalization_PassableObstacles_1060,PassableObstacles_060,Generalization,2,20060,temporal,2,Generalization_PassableObstacles_1060__s2__temporal
1493,block-0497,Generalization_PassableObstacles_1060,PassableObstacles_060,Generalization,2,20060,current_frame,3,Generalization_PassableObstacles_1060__s2__current_frame
1494,block-0498,Base_PassableObstacles_0063,PassableObstacles_063,Base,1,10063,temporal,1,Base_PassableObstacles_0063__s1__temporal
1495,block-0498,Base_PassableObstacles_0063,PassableObstacles_063,Base,1,10063,baseline,2,Base_PassableObstacles_0063__s1__baseline
1496,block-0498,Base_PassableObstacles_0063,PassableObstacles_063,Base,1,10063,current_frame,3,Base_PassableObstacles_0063__s1__current_frame
1497,block-0499,Generalization_FullyBlocked_1030,FullyBlocked_030,Generalization,3,30030,temporal,1,Generalization_FullyBlocked_1030__s3__temporal
1498,block-0499,Generalization_FullyBlocked_1030,FullyBlocked_030,Generalization,3,30030,current_frame,2,Generalization_FullyBlocked_1030__s3__current_frame
1499,block-0499,Generalization_FullyBlocked_1030,FullyBlocked_030,Generalization,3,30030,baseline,3,Generalization_FullyBlocked_1030__s3__baseline
1500,block-0500,Base_OppositeConstruction_0053,OppositeConstruction_053,Base,1,10053,current_frame,1,Base_OppositeConstruction_0053__s1__current_frame
1501,block-0500,Base_OppositeConstruction_0053,OppositeConstruction_053,Base,1,10053,baseline,2,Base_OppositeConstruction_0053__s1__baseline
1502,block-0500,Base_OppositeConstruction_0053,OppositeConstruction_053,Base,1,10053,temporal,3,Base_OppositeConstruction_0053__s1__temporal
1503,block-0501,Base_RightConstruction_0091,RightConstruction_091,Base,3,30091,temporal,1,Base_RightConstruction_0091__s3__temporal
1504,block-0501,Base_RightConstruction_0091,RightConstruction_091,Base,3,30091,baseline,2,Base_RightConstruction_0091__s3__baseline
1505,block-0501,Base_RightConstruction_0091,RightConstruction_091,Base,3,30091,current_frame,3,Base_RightConstruction_0091__s3__current_frame
1506,block-0502,Base_OppositeConstruction_0051,OppositeConstruction_051,Base,1,10051,current_frame,1,Base_OppositeConstruction_0051__s1__current_frame
1507,block-0502,Base_OppositeConstruction_0051,OppositeConstruction_051,Base,1,10051,baseline,2,Base_OppositeConstruction_0051__s1__baseline
1508,block-0502,Base_OppositeConstruction_0051,OppositeConstruction_051,Base,1,10051,temporal,3,Base_OppositeConstruction_0051__s1__temporal
1509,block-0503,Generalization_CustomObstacles_1026,CustomObstacles_026,Generalization,3,30026,current_frame,1,Generalization_CustomObstacles_1026__s3__current_frame
1510,block-0503,Generalization_CustomObstacles_1026,CustomObstacles_026,Generalization,3,30026,baseline,2,Generalization_CustomObstacles_1026__s3__baseline
1511,block-0503,Generalization_CustomObstacles_1026,CustomObstacles_026,Generalization,3,30026,temporal,3,Generalization_CustomObstacles_1026__s3__temporal
1512,block-0504,Base_CustomObstacles_0028,CustomObstacles_028,Base,1,10028,current_frame,1,Base_CustomObstacles_0028__s1__current_frame
1513,block-0504,Base_CustomObstacles_0028,CustomObstacles_028,Base,1,10028,temporal,2,Base_CustomObstacles_0028__s1__temporal
1514,block-0504,Base_CustomObstacles_0028,CustomObstacles_028,Base,1,10028,baseline,3,Base_CustomObstacles_0028__s1__baseline
1515,block-0505,Generalization_Animals_1080,Animals_080,Generalization,1,10080,current_frame,1,Generalization_Animals_1080__s1__current_frame
1516,block-0505,Generalization_Animals_1080,Animals_080,Generalization,1,10080,baseline,2,Generalization_Animals_1080__s1__baseline
1517,block-0505,Generalization_Animals_1080,Animals_080,Generalization,1,10080,temporal,3,Generalization_Animals_1080__s1__temporal
1518,block-0506,Base_Animals_0081,Animals_081,Base,1,10081,baseline,1,Base_Animals_0081__s1__baseline
1519,block-0506,Base_Animals_0081,Animals_081,Base,1,10081,temporal,2,Base_Animals_0081__s1__temporal
1520,block-0506,Base_Animals_0081,Animals_081,Base,1,10081,current_frame,3,Base_Animals_0081__s1__current_frame
1521,block-0507,Generalization_OppositeConstruction_1050,OppositeConstruction_050,Generalization,2,20050,current_frame,1,Generalization_OppositeConstruction_1050__s2__current_frame
1522,block-0507,Generalization_OppositeConstruction_1050,OppositeConstruction_050,Generalization,2,20050,temporal,2,Generalization_OppositeConstruction_1050__s2__temporal
1523,block-0507,Generalization_OppositeConstruction_1050,OppositeConstruction_050,Generalization,2,20050,baseline,3,Generalization_OppositeConstruction_1050__s2__baseline
1524,block-0508,Generalization_CustomObstacles_1028,CustomObstacles_028,Generalization,2,20028,temporal,1,Generalization_CustomObstacles_1028__s2__temporal
1525,block-0508,Generalization_CustomObstacles_1028,CustomObstacles_028,Generalization,2,20028,baseline,2,Generalization_CustomObstacles_1028__s2__baseline
1526,block-0508,Generalization_CustomObstacles_1028,CustomObstacles_028,Generalization,2,20028,current_frame,3,Generalization_CustomObstacles_1028__s2__current_frame
1527,block-0509,Base_BadParking_0001,BadParking_001,Base,3,30001,current_frame,1,Base_BadParking_0001__s3__current_frame
1528,block-0509,Base_BadParking_0001,BadParking_001,Base,3,30001,temporal,2,Base_BadParking_0001__s3__temporal
1529,block-0509,Base_BadParking_0001,BadParking_001,Base,3,30001,baseline,3,Base_BadParking_0001__s3__baseline
1530,block-0510,Base_OppositeConstruction_0054,OppositeConstruction_054,Base,1,10054,baseline,1,Base_OppositeConstruction_0054__s1__baseline
1531,block-0510,Base_OppositeConstruction_0054,OppositeConstruction_054,Base,1,10054,temporal,2,Base_OppositeConstruction_0054__s1__temporal
1532,block-0510,Base_OppositeConstruction_0054,OppositeConstruction_054,Base,1,10054,current_frame,3,Base_OppositeConstruction_0054__s1__current_frame
1533,block-0511,Base_BadParking_0004,BadParking_004,Base,1,10004,temporal,1,Base_BadParking_0004__s1__temporal
1534,block-0511,Base_BadParking_0004,BadParking_004,Base,1,10004,baseline,2,Base_BadParking_0004__s1__baseline
1535,block-0511,Base_BadParking_0004,BadParking_004,Base,1,10004,current_frame,3,Base_BadParking_0004__s1__current_frame
1536,block-0512,Base_RightConstruction_0090,RightConstruction_090,Base,3,30090,current_frame,1,Base_RightConstruction_0090__s3__current_frame
1537,block-0512,Base_RightConstruction_0090,RightConstruction_090,Base,3,30090,temporal,2,Base_RightConstruction_0090__s3__temporal
1538,block-0512,Base_RightConstruction_0090,RightConstruction_090,Base,3,30090,baseline,3,Base_RightConstruction_0090__s3__baseline
1539,block-0513,Generalization_PedestrianCrowd_1066,PedestrianCrowd_066,Generalization,2,20066,baseline,1,Generalization_PedestrianCrowd_1066__s2__baseline
1540,block-0513,Generalization_PedestrianCrowd_1066,PedestrianCrowd_066,Generalization,2,20066,temporal,2,Generalization_PedestrianCrowd_1066__s2__temporal
1541,block-0513,Generalization_PedestrianCrowd_1066,PedestrianCrowd_066,Generalization,2,20066,current_frame,3,Generalization_PedestrianCrowd_1066__s2__current_frame
1542,block-0514,Generalization_PedestrianCrowd_1065,PedestrianCrowd_065,Generalization,2,20065,current_frame,1,Generalization_PedestrianCrowd_1065__s2__current_frame
1543,block-0514,Generalization_PedestrianCrowd_1065,PedestrianCrowd_065,Generalization,2,20065,temporal,2,Generalization_PedestrianCrowd_1065__s2__temporal
1544,block-0514,Generalization_PedestrianCrowd_1065,PedestrianCrowd_065,Generalization,2,20065,baseline,3,Generalization_PedestrianCrowd_1065__s2__baseline
1545,block-0515,Base_PassableObstacles_0061,PassableObstacles_061,Base,3,30061,temporal,1,Base_PassableObstacles_0061__s3__temporal
1546,block-0515,Base_PassableObstacles_0061,PassableObstacles_061,Base,3,30061,baseline,2,Base_PassableObstacles_0061__s3__baseline
1547,block-0515,Base_PassableObstacles_0061,PassableObstacles_061,Base,3,30061,current_frame,3,Base_PassableObstacles_0061__s3__current_frame
1548,block-0516,Generalization_PedestriansOnRoad_1088,PedestriansOnRoad_088,Generalization,3,30088,temporal,1,Generalization_PedestriansOnRoad_1088__s3__temporal
1549,block-0516,Generalization_PedestriansOnRoad_1088,PedestriansOnRoad_088,Generalization,3,30088,current_frame,2,Generalization_PedestriansOnRoad_1088__s3__current_frame
1550,block-0516,Generalization_PedestriansOnRoad_1088,PedestriansOnRoad_088,Generalization,3,30088,baseline,3,Generalization_PedestriansOnRoad_1088__s3__baseline
1551,block-0517,Base_CustomObstacles_0024,CustomObstacles_024,Base,2,20024,current_frame,1,Base_CustomObstacles_0024__s2__current_frame
1552,block-0517,Base_CustomObstacles_0024,CustomObstacles_024,Base,2,20024,baseline,2,Base_CustomObstacles_0024__s2__baseline
1553,block-0517,Base_CustomObstacles_0024,CustomObstacles_024,Base,2,20024,temporal,3,Base_CustomObstacles_0024__s2__temporal
1554,block-0518,Generalization_PedestrianCrowd_1068,PedestrianCrowd_068,Generalization,3,30068,temporal,1,Generalization_PedestrianCrowd_1068__s3__temporal
1555,block-0518,Generalization_PedestrianCrowd_1068,PedestrianCrowd_068,Generalization,3,30068,baseline,2,Generalization_PedestrianCrowd_1068__s3__baseline
1556,block-0518,Generalization_PedestrianCrowd_1068,PedestrianCrowd_068,Generalization,3,30068,current_frame,3,Generalization_PedestrianCrowd_1068__s3__current_frame
1557,block-0519,Base_HardBrake_0038,HardBrake_038,Base,2,20038,current_frame,1,Base_HardBrake_0038__s2__current_frame
1558,block-0519,Base_HardBrake_0038,HardBrake_038,Base,2,20038,temporal,2,Base_HardBrake_0038__s2__temporal
1559,block-0519,Base_HardBrake_0038,HardBrake_038,Base,2,20038,baseline,3,Base_HardBrake_0038__s2__baseline
1560,block-0520,Generalization_Animals_1077,Animals_077,Generalization,2,20077,baseline,1,Generalization_Animals_1077__s2__baseline
1561,block-0520,Generalization_Animals_1077,Animals_077,Generalization,2,20077,temporal,2,Generalization_Animals_1077__s2__temporal
1562,block-0520,Generalization_Animals_1077,Animals_077,Generalization,2,20077,current_frame,3,Generalization_Animals_1077__s2__current_frame
1563,block-0521,Base_RightConstruction_0092,RightConstruction_092,Base,3,30092,baseline,1,Base_RightConstruction_0092__s3__baseline
1564,block-0521,Base_RightConstruction_0092,RightConstruction_092,Base,3,30092,temporal,2,Base_RightConstruction_0092__s3__temporal
1565,block-0521,Base_RightConstruction_0092,RightConstruction_092,Base,3,30092,current_frame,3,Base_RightConstruction_0092__s3__current_frame
1566,block-0522,Base_PedestrianCrowd_0067,PedestrianCrowd_067,Base,2,20067,temporal,1,Base_PedestrianCrowd_0067__s2__temporal
1567,block-0522,Base_PedestrianCrowd_0067,PedestrianCrowd_067,Base,2,20067,current_frame,2,Base_PedestrianCrowd_0067__s2__current_frame
1568,block-0522,Base_PedestrianCrowd_0067,PedestrianCrowd_067,Base,2,20067,baseline,3,Base_PedestrianCrowd_0067__s2__baseline
1569,block-0523,Base_Animals_0076,Animals_076,Base,1,10076,temporal,1,Base_Animals_0076__s1__temporal
1570,block-0523,Base_Animals_0076,Animals_076,Base,1,10076,baseline,2,Base_Animals_0076__s1__baseline
1571,block-0523,Base_Animals_0076,Animals_076,Base,1,10076,current_frame,3,Base_Animals_0076__s1__current_frame
1572,block-0524,Base_BadParking_0005,BadParking_005,Base,2,20005,current_frame,1,Base_BadParking_0005__s2__current_frame
1573,block-0524,Base_BadParking_0005,BadParking_005,Base,2,20005,temporal,2,Base_BadParking_0005__s2__temporal
1574,block-0524,Base_BadParking_0005,BadParking_005,Base,2,20005,baseline,3,Base_BadParking_0005__s2__baseline
1575,block-0525,Base_RightOfWay_0058,RightOfWay_058,Base,3,30058,baseline,1,Base_RightOfWay_0058__s3__baseline
1576,block-0525,Base_RightOfWay_0058,RightOfWay_058,Base,3,30058,current_frame,2,Base_RightOfWay_0058__s3__current_frame
1577,block-0525,Base_RightOfWay_0058,RightOfWay_058,Base,3,30058,temporal,3,Base_RightOfWay_0058__s3__temporal
1578,block-0526,Generalization_ConstructionPermutations_1017,ConstructionPermutations_017,Generalization,1,10017,baseline,1,Generalization_ConstructionPermutations_1017__s1__baseline
1579,block-0526,Generalization_ConstructionPermutations_1017,ConstructionPermutations_017,Generalization,1,10017,temporal,2,Generalization_ConstructionPermutations_1017__s1__temporal
1580,block-0526,Generalization_ConstructionPermutations_1017,ConstructionPermutations_017,Generalization,1,10017,current_frame,3,Generalization_ConstructionPermutations_1017__s1__current_frame
1581,block-0527,Generalization_PassableObstacles_1060,PassableObstacles_060,Generalization,3,30060,baseline,1,Generalization_PassableObstacles_1060__s3__baseline
1582,block-0527,Generalization_PassableObstacles_1060,PassableObstacles_060,Generalization,3,30060,temporal,2,Generalization_PassableObstacles_1060__s3__temporal
1583,block-0527,Generalization_PassableObstacles_1060,PassableObstacles_060,Generalization,3,30060,current_frame,3,Generalization_PassableObstacles_1060__s3__current_frame
1584,block-0528,Generalization_ObscuredStop_1048,ObscuredStop_048,Generalization,3,30048,temporal,1,Generalization_ObscuredStop_1048__s3__temporal
1585,block-0528,Generalization_ObscuredStop_1048,ObscuredStop_048,Generalization,3,30048,current_frame,2,Generalization_ObscuredStop_1048__s3__current_frame
1586,block-0528,Generalization_ObscuredStop_1048,ObscuredStop_048,Generalization,3,30048,baseline,3,Generalization_ObscuredStop_1048__s3__baseline
1587,block-0529,Base_CustomObstacles_0021,CustomObstacles_021,Base,2,20021,baseline,1,Base_CustomObstacles_0021__s2__baseline
1588,block-0529,Base_CustomObstacles_0021,CustomObstacles_021,Base,2,20021,temporal,2,Base_CustomObstacles_0021__s2__temporal
1589,block-0529,Base_CustomObstacles_0021,CustomObstacles_021,Base,2,20021,current_frame,3,Base_CustomObstacles_0021__s2__current_frame
1590,block-0530,Generalization_RightConstruction_1090,RightConstruction_090,Generalization,2,20090,baseline,1,Generalization_RightConstruction_1090__s2__baseline
1591,block-0530,Generalization_RightConstruction_1090,RightConstruction_090,Generalization,2,20090,current_frame,2,Generalization_RightConstruction_1090__s2__current_frame
1592,block-0530,Generalization_RightConstruction_1090,RightConstruction_090,Generalization,2,20090,temporal,3,Generalization_RightConstruction_1090__s2__temporal
1593,block-0531,Generalization_Animals_1084,Animals_084,Generalization,2,20084,current_frame,1,Generalization_Animals_1084__s2__current_frame
1594,block-0531,Generalization_Animals_1084,Animals_084,Generalization,2,20084,temporal,2,Generalization_Animals_1084__s2__temporal
1595,block-0531,Generalization_Animals_1084,Animals_084,Generalization,2,20084,baseline,3,Generalization_Animals_1084__s2__baseline
1596,block-0532,Generalization_PassableObstacles_1063,PassableObstacles_063,Generalization,1,10063,temporal,1,Generalization_PassableObstacles_1063__s1__temporal
1597,block-0532,Generalization_PassableObstacles_1063,PassableObstacles_063,Generalization,1,10063,current_frame,2,Generalization_PassableObstacles_1063__s1__current_frame
1598,block-0532,Generalization_PassableObstacles_1063,PassableObstacles_063,Generalization,1,10063,baseline,3,Generalization_PassableObstacles_1063__s1__baseline
1599,block-0533,Generalization_Animals_1078,Animals_078,Generalization,3,30078,baseline,1,Generalization_Animals_1078__s3__baseline
1600,block-0533,Generalization_Animals_1078,Animals_078,Generalization,3,30078,temporal,2,Generalization_Animals_1078__s3__temporal
1601,block-0533,Generalization_Animals_1078,Animals_078,Generalization,3,30078,current_frame,3,Generalization_Animals_1078__s3__current_frame
1602,block-0534,Base_BadParking_0008,BadParking_008,Base,2,20008,current_frame,1,Base_BadParking_0008__s2__current_frame
1603,block-0534,Base_BadParking_0008,BadParking_008,Base,2,20008,temporal,2,Base_BadParking_0008__s2__temporal
1604,block-0534,Base_BadParking_0008,BadParking_008,Base,2,20008,baseline,3,Base_BadParking_0008__s2__baseline
1605,block-0535,Base_Animals_0078,Animals_078,Base,1,10078,temporal,1,Base_Animals_0078__s1__temporal
1606,block-0535,Base_Animals_0078,Animals_078,Base,1,10078,current_frame,2,Base_Animals_0078__s1__current_frame
1607,block-0535,Base_Animals_0078,Animals_078,Base,1,10078,baseline,3,Base_Animals_0078__s1__baseline
1608,block-0536,Generalization_CustomObstacles_1024,CustomObstacles_024,Generalization,2,20024,baseline,1,Generalization_CustomObstacles_1024__s2__baseline
1609,block-0536,Generalization_CustomObstacles_1024,CustomObstacles_024,Generalization,2,20024,current_frame,2,Generalization_CustomObstacles_1024__s2__current_frame
1610,block-0536,Generalization_CustomObstacles_1024,CustomObstacles_024,Generalization,2,20024,temporal,3,Generalization_CustomObstacles_1024__s2__temporal
1611,block-0537,Generalization_HardBrake_1038,HardBrake_038,Generalization,1,10038,current_frame,1,Generalization_HardBrake_1038__s1__current_frame
1612,block-0537,Generalization_HardBrake_1038,HardBrake_038,Generalization,1,10038,baseline,2,Generalization_HardBrake_1038__s1__baseline
1613,block-0537,Generalization_HardBrake_1038,HardBrake_038,Generalization,1,10038,temporal,3,Generalization_HardBrake_1038__s1__temporal
1614,block-0538,Base_PedestriansOnRoad_0085,PedestriansOnRoad_085,Base,2,20085,current_frame,1,Base_PedestriansOnRoad_0085__s2__current_frame
1615,block-0538,Base_PedestriansOnRoad_0085,PedestriansOnRoad_085,Base,2,20085,baseline,2,Base_PedestriansOnRoad_0085__s2__baseline
1616,block-0538,Base_PedestriansOnRoad_0085,PedestriansOnRoad_085,Base,2,20085,temporal,3,Base_PedestriansOnRoad_0085__s2__temporal
1617,block-0539,Base_HardBrake_0037,HardBrake_037,Base,3,30037,baseline,1,Base_HardBrake_0037__s3__baseline
1618,block-0539,Base_HardBrake_0037,HardBrake_037,Base,3,30037,temporal,2,Base_HardBrake_0037__s3__temporal
1619,block-0539,Base_HardBrake_0037,HardBrake_037,Base,3,30037,current_frame,3,Base_HardBrake_0037__s3__current_frame
1620,block-0540,Generalization_HardBrake_1036,HardBrake_036,Generalization,3,30036,current_frame,1,Generalization_HardBrake_1036__s3__current_frame
1621,block-0540,Generalization_HardBrake_1036,HardBrake_036,Generalization,3,30036,baseline,2,Generalization_HardBrake_1036__s3__baseline
1622,block-0540,Generalization_HardBrake_1036,HardBrake_036,Generalization,3,30036,temporal,3,Generalization_HardBrake_1036__s3__temporal
1623,block-0541,Base_RightConstruction_0091,RightConstruction_091,Base,1,10091,temporal,1,Base_RightConstruction_0091__s1__temporal
1624,block-0541,Base_RightConstruction_0091,RightConstruction_091,Base,1,10091,baseline,2,Base_RightConstruction_0091__s1__baseline
1625,block-0541,Base_RightConstruction_0091,RightConstruction_091,Base,1,10091,current_frame,3,Base_RightConstruction_0091__s1__current_frame
1626,block-0542,Generalization_BadParking_1003,BadParking_003,Generalization,1,10003,baseline,1,Generalization_BadParking_1003__s1__baseline
1627,block-0542,Generalization_BadParking_1003,BadParking_003,Generalization,1,10003,temporal,2,Generalization_BadParking_1003__s1__temporal
1628,block-0542,Generalization_BadParking_1003,BadParking_003,Generalization,1,10003,current_frame,3,Generalization_BadParking_1003__s1__current_frame
1629,block-0543,Generalization_FullyBlocked_1032,FullyBlocked_032,Generalization,2,20032,baseline,1,Generalization_FullyBlocked_1032__s2__baseline
1630,block-0543,Generalization_FullyBlocked_1032,FullyBlocked_032,Generalization,2,20032,temporal,2,Generalization_FullyBlocked_1032__s2__temporal
1631,block-0543,Generalization_FullyBlocked_1032,FullyBlocked_032,Generalization,2,20032,current_frame,3,Generalization_FullyBlocked_1032__s2__current_frame
1632,block-0544,Generalization_ConstructionPedestrian_1014,ConstructionPedestrian_014,Generalization,2,20014,current_frame,1,Generalization_ConstructionPedestrian_1014__s2__current_frame
1633,block-0544,Generalization_ConstructionPedestrian_1014,ConstructionPedestrian_014,Generalization,2,20014,baseline,2,Generalization_ConstructionPedestrian_1014__s2__baseline
1634,block-0544,Generalization_ConstructionPedestrian_1014,ConstructionPedestrian_014,Generalization,2,20014,temporal,3,Generalization_ConstructionPedestrian_1014__s2__temporal
1635,block-0545,Base_FullyBlocked_0034,FullyBlocked_034,Base,2,20034,current_frame,1,Base_FullyBlocked_0034__s2__current_frame
1636,block-0545,Base_FullyBlocked_0034,FullyBlocked_034,Base,2,20034,temporal,2,Base_FullyBlocked_0034__s2__temporal
1637,block-0545,Base_FullyBlocked_0034,FullyBlocked_034,Base,2,20034,baseline,3,Base_FullyBlocked_0034__s2__baseline
1638,block-0546,Generalization_ConstructionPedestrian_1011,ConstructionPedestrian_011,Generalization,3,30011,temporal,1,Generalization_ConstructionPedestrian_1011__s3__temporal
1639,block-0546,Generalization_ConstructionPedestrian_1011,ConstructionPedestrian_011,Generalization,3,30011,baseline,2,Generalization_ConstructionPedestrian_1011__s3__baseline
1640,block-0546,Generalization_ConstructionPedestrian_1011,ConstructionPedestrian_011,Generalization,3,30011,current_frame,3,Generalization_ConstructionPedestrian_1011__s3__current_frame
1641,block-0547,Base_Animals_0083,Animals_083,Base,1,10083,temporal,1,Base_Animals_0083__s1__temporal
1642,block-0547,Base_Animals_0083,Animals_083,Base,1,10083,current_frame,2,Base_Animals_0083__s1__current_frame
1643,block-0547,Base_Animals_0083,Animals_083,Base,1,10083,baseline,3,Base_Animals_0083__s1__baseline
1644,block-0548,Base_ObscuredStop_0048,ObscuredStop_048,Base,2,20048,baseline,1,Base_ObscuredStop_0048__s2__baseline
1645,block-0548,Base_ObscuredStop_0048,ObscuredStop_048,Base,2,20048,current_frame,2,Base_ObscuredStop_0048__s2__current_frame
1646,block-0548,Base_ObscuredStop_0048,ObscuredStop_048,Base,2,20048,temporal,3,Base_ObscuredStop_0048__s2__temporal
1647,block-0549,Generalization_RightConstruction_1091,RightConstruction_091,Generalization,2,20091,temporal,1,Generalization_RightConstruction_1091__s2__temporal
1648,block-0549,Generalization_RightConstruction_1091,RightConstruction_091,Generalization,2,20091,current_frame,2,Generalization_RightConstruction_1091__s2__current_frame
1649,block-0549,Generalization_RightConstruction_1091,RightConstruction_091,Generalization,2,20091,baseline,3,Generalization_RightConstruction_1091__s2__baseline
1650,block-0550,Generalization_PedestriansOnRoad_1086,PedestriansOnRoad_086,Generalization,3,30086,temporal,1,Generalization_PedestriansOnRoad_1086__s3__temporal
1651,block-0550,Generalization_PedestriansOnRoad_1086,PedestriansOnRoad_086,Generalization,3,30086,baseline,2,Generalization_PedestriansOnRoad_1086__s3__baseline
1652,block-0550,Generalization_PedestriansOnRoad_1086,PedestriansOnRoad_086,Generalization,3,30086,current_frame,3,Generalization_PedestriansOnRoad_1086__s3__current_frame
1653,block-0551,Base_HardBrake_0038,HardBrake_038,Base,1,10038,temporal,1,Base_HardBrake_0038__s1__temporal
1654,block-0551,Base_HardBrake_0038,HardBrake_038,Base,1,10038,baseline,2,Base_HardBrake_0038__s1__baseline
1655,block-0551,Base_HardBrake_0038,HardBrake_038,Base,1,10038,current_frame,3,Base_HardBrake_0038__s1__current_frame
1656,block-0552,Base_ImageOnObject_0042,ImageOnObject_042,Base,1,10042,current_frame,1,Base_ImageOnObject_0042__s1__current_frame
1657,block-0552,Base_ImageOnObject_0042,ImageOnObject_042,Base,1,10042,temporal,2,Base_ImageOnObject_0042__s1__temporal
1658,block-0552,Base_ImageOnObject_0042,ImageOnObject_042,Base,1,10042,baseline,3,Base_ImageOnObject_0042__s1__baseline
1659,block-0553,Generalization_Wall_1096,Wall_096,Generalization,3,30096,baseline,1,Generalization_Wall_1096__s3__baseline
1660,block-0553,Generalization_Wall_1096,Wall_096,Generalization,3,30096,current_frame,2,Generalization_Wall_1096__s3__current_frame
1661,block-0553,Generalization_Wall_1096,Wall_096,Generalization,3,30096,temporal,3,Generalization_Wall_1096__s3__temporal
1662,block-0554,Generalization_Animals_1076,Animals_076,Generalization,1,10076,baseline,1,Generalization_Animals_1076__s1__baseline
1663,block-0554,Generalization_Animals_1076,Animals_076,Generalization,1,10076,temporal,2,Generalization_Animals_1076__s1__temporal
1664,block-0554,Generalization_Animals_1076,Animals_076,Generalization,1,10076,current_frame,3,Generalization_Animals_1076__s1__current_frame
